# Blender 5.2.0 LTS
# www.blender.org
mtllib reaver bolt.mtl
o Reaver_Vandal_Purple_Detail_01.001
v -0.046112 0.013341 -0.011925 0.5406 0.5522 0.5727
v -0.044991 0.025032 -0.037382 0.3205 0.3415 0.3856
v -0.058221 -0.000299 -0.032720 0.2878 0.3072 0.3521
v -0.062859 -0.007221 -0.019681 0.4714 0.4871 0.5221
v -0.050579 0.006240 -0.000148 0.6774 0.6719 0.6726
v -0.066935 -0.009248 -0.002674 0.5279 0.5454 0.5776
v -0.058120 -0.001039 0.010393 0.6683 0.6690 0.6779
v -0.075979 -0.012650 0.015682 0.5924 0.5928 0.6099
v -0.070869 -0.009801 0.023149 0.7334 0.7256 0.7148
v -0.085296 -0.019200 0.034040 0.7841 0.7692 0.7607
v -0.087948 -0.019649 0.031462 0.5811 0.5924 0.6073
v -0.103600 -0.034203 0.045488 0.8737 0.8616 0.8432
v -0.091823 -0.019225 0.029466 0.5943 0.5904 0.6079
v -0.095449 -0.016342 0.031462 0.6941 0.6806 0.6914
v -0.097762 -0.013752 0.034040 0.9375 0.9274 0.9107
v -0.094499 0.000756 0.022757 0.9370 0.9291 0.9195
v -0.091894 0.013502 0.009899 0.9311 0.9200 0.9029
v -0.091092 -0.005588 0.015397 0.5922 0.6136 0.6254
v -0.089095 0.001001 -0.002863 0.7655 0.7442 0.7323
v -0.084135 -0.012173 0.013290 0.5570 0.5648 0.5899
v -0.079020 -0.008980 -0.004779 0.6385 0.6445 0.6545
v -0.077109 -0.008275 -0.019476 0.5803 0.5852 0.6067
v -0.087871 0.003632 -0.019838 0.7080 0.6947 0.6915
v -0.085594 0.010712 -0.032722 0.4532 0.4721 0.5103
v -0.087079 0.029232 -0.011927 0.9262 0.9235 0.9003
v -0.089819 0.022406 -0.000665 0.9364 0.9234 0.9097
v -0.078722 0.037526 -0.037383 0.5560 0.5678 0.5859
v -0.059884 0.038273 -0.038840 0.3627 0.3955 0.4190
v -0.074607 -0.003135 -0.030722 0.4429 0.4598 0.4941
v -0.074397 0.039806 -0.019938 0.7222 0.7125 0.7062
v -0.079187 0.033816 -0.004755 0.7389 0.7203 0.7164
v -0.082412 0.026368 0.006801 0.7042 0.7006 0.7042
v -0.085580 0.016662 0.017265 0.7385 0.7346 0.7385
v -0.090099 0.002869 0.028416 0.8457 0.8184 0.8126
v -0.095526 -0.012834 0.037328 0.9419 0.9311 0.9192
v -0.087087 -0.016482 0.037328 0.8881 0.8745 0.8569
v -0.091050 -0.012918 0.040607 0.9432 0.9432 0.9198
v -0.080943 0.003778 0.034176 0.9431 0.9314 0.9197
v -0.073742 -0.004350 0.028673 0.7510 0.7332 0.7293
v -0.072276 0.018822 0.024628 0.9225 0.9165 0.9103
v -0.061884 0.006564 0.017618 0.6616 0.6538 0.6730
v -0.054420 0.015015 0.007190 0.6424 0.6374 0.6520
v -0.049773 0.022720 -0.004754 0.5456 0.5651 0.5982
v -0.066602 0.030206 0.013719 0.9108 0.9039 0.8931
v -0.062753 0.038229 0.000577 0.8994 0.8993 0.8992
v -0.059113 0.043646 -0.022928 0.8561 0.8395 0.8270
v -0.048257 0.030252 -0.019937 0.5940 0.6015 0.6266
v -0.076458 0.015068 -0.020516 0.0592 0.0554 0.0904
v -0.073318 0.007878 -0.065892 0.0621 0.0621 0.0932
v -0.076456 0.015068 -0.065892 0.0621 0.0621 0.0932
v -0.073320 0.007878 -0.020516 0.0621 0.0621 0.0933
v -0.067041 0.004284 -0.065892 0.0621 0.0582 0.0855
v -0.067043 0.004284 -0.020516 0.0621 0.0543 0.0932
v -0.060767 0.007878 -0.020515 0.0504 0.0543 0.0854
v -0.060765 0.007878 -0.065891 0.0497 0.0559 0.0933
v -0.057629 0.015067 -0.020515 0.0621 0.0599 0.0932
v -0.057627 0.015067 -0.065891 0.0504 0.0582 0.0932
v -0.060765 0.022257 -0.065891 0.0621 0.0582 0.0854
v -0.060767 0.022257 -0.020515 0.0621 0.0565 0.0933
v -0.067041 0.025851 -0.065892 0.0621 0.0564 0.0932
v -0.067043 0.025851 -0.020516 0.0621 0.0599 0.0933
v -0.073320 0.022257 -0.020516 0.0621 0.0621 0.0933
v -0.073318 0.022257 -0.065892 0.0621 0.0580 0.0851
v -0.045972 0.014802 -0.015107 0.5790 0.5916 0.6030
v -0.045832 0.016263 -0.018289 0.4948 0.5120 0.5304
v -0.045691 0.017725 -0.021471 0.5226 0.5319 0.5579
v -0.045551 0.019186 -0.024653 0.5168 0.5324 0.5560
v -0.045411 0.020648 -0.027835 0.5370 0.5465 0.5738
v -0.045271 0.022109 -0.031018 0.3948 0.4111 0.4535
v -0.045131 0.023570 -0.034200 0.3553 0.3854 0.4187
v -0.047625 0.011636 -0.014524 0.5020 0.5171 0.5445
v -0.049139 0.009931 -0.017124 0.4288 0.4466 0.4781
v -0.050653 0.008226 -0.019723 0.4002 0.4343 0.4665
v -0.052166 0.006521 -0.022323 0.4263 0.4369 0.4704
v -0.053680 0.004816 -0.024922 0.4200 0.4358 0.4645
v -0.055194 0.003111 -0.027522 0.3068 0.3223 0.3698
v -0.056707 0.001406 -0.030121 0.3011 0.3266 0.3711
v -0.048205 0.010770 -0.012894 0.6088 0.6014 0.6184
v -0.050298 0.008200 -0.013864 0.4595 0.4732 0.5054
v -0.052392 0.005630 -0.014833 0.3918 0.4135 0.4469
v -0.054485 0.003060 -0.015803 0.3863 0.4099 0.4489
v -0.056579 0.000490 -0.016772 0.4140 0.4457 0.4717
v -0.058672 -0.002081 -0.017742 0.4220 0.4504 0.4782
v -0.060766 -0.004651 -0.018711 0.3984 0.4355 0.4585
v -0.046670 0.012453 -0.010453 0.5765 0.5876 0.5994
v -0.047229 0.011565 -0.008981 0.5497 0.5572 0.5757
v -0.047787 0.010678 -0.007508 0.6050 0.6144 0.6301
v -0.048345 0.009790 -0.006036 0.6195 0.6182 0.6410
v -0.048904 0.008902 -0.004564 0.6013 0.6093 0.6213
v -0.049462 0.008015 -0.003092 0.6429 0.6369 0.6528
v -0.050021 0.007127 -0.001620 0.6495 0.6451 0.6567
v -0.061324 -0.005539 -0.017239 0.4884 0.5201 0.5367
v -0.059789 -0.003856 -0.014798 0.4769 0.4917 0.5253
v -0.058254 -0.002173 -0.012356 0.4537 0.4770 0.5046
v -0.056719 -0.000491 -0.009914 0.4088 0.4351 0.4712
v -0.055184 0.001192 -0.007473 0.3917 0.4164 0.4554
v -0.053649 0.002874 -0.005031 0.4833 0.5101 0.5248
v -0.052114 0.004557 -0.002590 0.6092 0.6229 0.6407
v -0.052624 0.004304 -0.000464 0.5973 0.6112 0.6197
v -0.054668 0.002368 -0.000780 0.5806 0.5941 0.6119
v -0.056713 0.000432 -0.001095 0.4992 0.5108 0.5342
v -0.058757 -0.001504 -0.001411 0.4347 0.4702 0.5004
v -0.060802 -0.003440 -0.001727 0.4489 0.4781 0.4937
v -0.062846 -0.005376 -0.002043 0.4554 0.4833 0.5094
v -0.064890 -0.007312 -0.002359 0.5283 0.5440 0.5595
v -0.051522 0.005330 0.001170 0.5935 0.6061 0.6205
v -0.052464 0.004420 0.002487 0.6374 0.6370 0.6448
v -0.053407 0.003510 0.003805 0.6854 0.6716 0.6753
v -0.054349 0.002600 0.005122 0.6471 0.6465 0.6531
v -0.055292 0.001690 0.006440 0.7332 0.7337 0.7312
v -0.056235 0.000781 0.007758 0.7474 0.7439 0.7360
v -0.057177 -0.000129 0.009075 0.7060 0.7068 0.7055
v -0.065833 -0.008222 -0.001041 0.5345 0.5479 0.5822
v -0.064731 -0.007196 0.000592 0.4845 0.5009 0.5322
v -0.063629 -0.006169 0.002226 0.4754 0.5026 0.5414
v -0.062527 -0.005143 0.003859 0.4029 0.4221 0.4609
v -0.061425 -0.004117 0.005493 0.4266 0.4479 0.4857
v -0.060324 -0.003091 0.007126 0.5627 0.5684 0.5934
v -0.059222 -0.002065 0.008759 0.6612 0.6648 0.6693
v -0.060352 -0.002490 0.011054 0.6782 0.6796 0.6823
v -0.062585 -0.003942 0.011715 0.5598 0.5521 0.5875
v -0.064817 -0.005393 0.012376 0.6515 0.6491 0.6634
v -0.067050 -0.006844 0.013037 0.5493 0.5629 0.5863
v -0.069282 -0.008296 0.013699 0.5288 0.5472 0.5662
v -0.071514 -0.009747 0.014360 0.5062 0.5161 0.5430
v -0.073747 -0.011199 0.015021 0.5683 0.5697 0.5835
v -0.059713 -0.002134 0.011987 0.6924 0.6798 0.6887
v -0.061307 -0.003230 0.013582 0.6863 0.6765 0.6894
v -0.062901 -0.004325 0.015177 0.7269 0.7147 0.7132
v -0.064494 -0.005420 0.016771 0.7309 0.7206 0.7179
v -0.066088 -0.006515 0.018366 0.7629 0.7558 0.7541
v -0.067682 -0.007611 0.019960 0.7335 0.7140 0.7207
v -0.069275 -0.008706 0.021555 0.8032 0.7976 0.7838
v -0.075340 -0.012294 0.016615 0.5650 0.5767 0.5884
v -0.074702 -0.011938 0.017549 0.5646 0.5764 0.5885
v -0.074063 -0.011582 0.018482 0.5765 0.5902 0.6028
v -0.073424 -0.011226 0.019416 0.6057 0.6044 0.6157
v -0.072785 -0.010869 0.020349 0.6197 0.6079 0.6197
v -0.072146 -0.010513 0.021283 0.6737 0.6621 0.6623
v -0.071508 -0.010157 0.022216 0.7419 0.7167 0.7139
v -0.072672 -0.010976 0.024511 0.7941 0.7861 0.7715
v -0.074476 -0.012151 0.025872 0.7879 0.7752 0.7659
v -0.076279 -0.013326 0.027233 0.7836 0.7773 0.7576
v -0.078083 -0.014500 0.028595 0.8003 0.7939 0.7763
v -0.079886 -0.015675 0.029956 0.8101 0.8023 0.7911
v -0.081689 -0.016850 0.031317 0.8035 0.7963 0.7825
v -0.083493 -0.018025 0.032679 0.7956 0.7868 0.7708
v -0.077144 -0.013469 0.017977 0.5731 0.5803 0.5941
v -0.078309 -0.014287 0.020272 0.6085 0.6187 0.6397
v -0.079473 -0.015106 0.022566 0.6000 0.5961 0.6079
v -0.080638 -0.015925 0.024861 0.5727 0.5723 0.5929
v -0.081802 -0.016744 0.027156 0.6268 0.6221 0.6413
v -0.082967 -0.017562 0.029451 0.6244 0.6244 0.6470
v -0.084132 -0.018381 0.031745 0.7238 0.7137 0.7075
v -0.085628 -0.019256 0.033718 0.6892 0.6712 0.6783
v -0.085959 -0.019312 0.033396 0.6719 0.6628 0.6762
v -0.086291 -0.019368 0.033073 0.6605 0.6585 0.6689
v -0.086622 -0.019424 0.032751 0.6404 0.6443 0.6517
v -0.086954 -0.019480 0.032429 0.6597 0.6646 0.6639
v -0.087285 -0.019537 0.032107 0.6428 0.6477 0.6504
v -0.087616 -0.019593 0.031785 0.5626 0.5699 0.5896
v -0.087584 -0.021075 0.035471 0.7927 0.7732 0.7634
v -0.089872 -0.022951 0.036902 0.8288 0.8170 0.7973
v -0.092160 -0.024826 0.038333 0.8617 0.8521 0.8369
v -0.094448 -0.026701 0.039764 0.8560 0.8432 0.8377
v -0.096736 -0.028577 0.041195 0.8073 0.7981 0.7865
v -0.099024 -0.030452 0.042626 0.8517 0.8381 0.8268
v -0.101312 -0.032327 0.044057 0.8830 0.8690 0.8563
v -0.089904 -0.021468 0.033216 0.6078 0.6157 0.6430
v -0.091861 -0.023287 0.034969 0.6076 0.6135 0.6236
v -0.093817 -0.025107 0.036722 0.5334 0.5534 0.5617
v -0.095774 -0.026926 0.038475 0.6410 0.6389 0.6567
v -0.097730 -0.028745 0.040229 0.5914 0.5974 0.6197
v -0.099687 -0.030564 0.041982 0.6535 0.6439 0.6560
v -0.101643 -0.032384 0.043735 0.6794 0.6746 0.6874
v -0.102128 -0.032331 0.043486 0.6450 0.6428 0.6595
v -0.100655 -0.030458 0.041483 0.6470 0.6378 0.6515
v -0.099183 -0.028586 0.039480 0.6197 0.6196 0.6417
v -0.097711 -0.026714 0.037477 0.6286 0.6247 0.6379
v -0.096239 -0.024842 0.035474 0.6010 0.6089 0.6204
v -0.094767 -0.022970 0.033472 0.5955 0.5948 0.6137
v -0.093295 -0.021098 0.031469 0.5632 0.5697 0.5878
v -0.102581 -0.031970 0.043735 0.6924 0.6744 0.6785
v -0.101562 -0.029737 0.041982 0.7773 0.7699 0.7663
v -0.100543 -0.027505 0.040229 0.7172 0.7054 0.7167
v -0.099524 -0.025272 0.038475 0.7290 0.7115 0.7203
v -0.098505 -0.023040 0.036722 0.7230 0.7078 0.7125
v -0.097486 -0.020807 0.034969 0.7127 0.7110 0.7111
v -0.096468 -0.018574 0.033215 0.6752 0.6653 0.6671
v -0.102870 -0.031646 0.044057 0.7745 0.7569 0.7463
v -0.102140 -0.029090 0.042626 0.8134 0.8087 0.7946
v -0.101411 -0.026534 0.041195 0.8096 0.7942 0.7958
v -0.100681 -0.023977 0.039764 0.8445 0.8293 0.8225
v -0.099951 -0.021421 0.038333 0.8807 0.8669 0.8540
v -0.099221 -0.018865 0.036902 0.9354 0.9229 0.9081
v -0.098492 -0.016308 0.035471 0.9349 0.9225 0.9090
v -0.094907 -0.001058 0.024167 0.9369 0.9266 0.9126
v -0.095315 -0.002871 0.025577 0.9307 0.9221 0.9024
v -0.095722 -0.004685 0.026988 0.9101 0.9051 0.8998
v -0.096130 -0.006498 0.028398 0.9147 0.9080 0.8992
v -0.096538 -0.008312 0.029808 0.9188 0.9071 0.8932
v -0.096946 -0.010125 0.031219 0.9312 0.9226 0.9056
v -0.097354 -0.011939 0.032629 0.9310 0.9212 0.9040
v -0.095738 -0.016018 0.031784 0.6777 0.6657 0.6772
v -0.096027 -0.015694 0.032106 0.6777 0.6656 0.6767
v -0.096316 -0.015371 0.032429 0.7593 0.7454 0.7469
v -0.096605 -0.015047 0.032751 0.8167 0.8010 0.7951
v -0.096894 -0.014723 0.033073 0.8109 0.7897 0.7844
v -0.097184 -0.014400 0.033395 0.8678 0.8434 0.8353
v -0.097473 -0.014076 0.033717 0.9338 0.9137 0.8990
v -0.094618 -0.001382 0.023845 0.9422 0.9267 0.9072
v -0.094736 -0.003519 0.024933 0.8988 0.8986 0.8978
v -0.094855 -0.005656 0.026021 0.8455 0.8455 0.8401
v -0.094974 -0.007793 0.027109 0.8685 0.8589 0.8444
v -0.095092 -0.009930 0.028198 0.8224 0.8099 0.7966
v -0.095211 -0.012067 0.029286 0.7806 0.7699 0.7517
v -0.095330 -0.014205 0.030374 0.7347 0.7184 0.7275
v -0.092220 0.011908 0.011506 0.9310 0.9270 0.9076
v -0.092545 0.010315 0.013113 0.9275 0.9226 0.9087
v -0.092871 0.008722 0.014721 0.9381 0.9235 0.9086
v -0.093196 0.007129 0.016328 0.8560 0.8345 0.8249
v -0.093522 0.005535 0.017935 0.8671 0.8508 0.8340
v -0.093848 0.003942 0.019542 0.9212 0.9113 0.9003
v -0.094173 0.002349 0.021149 0.9281 0.9184 0.9060
v -0.091518 -0.004795 0.016317 0.6079 0.6141 0.6245
v -0.091944 -0.004002 0.017237 0.6396 0.6445 0.6522
v -0.092369 -0.003209 0.018157 0.5769 0.5826 0.6016
v -0.092795 -0.002416 0.019077 0.6910 0.6890 0.6906
v -0.093221 -0.001623 0.019997 0.6903 0.6827 0.6837
v -0.093647 -0.000830 0.020917 0.8200 0.8122 0.7975
v -0.094073 -0.000037 0.021837 0.9006 0.8968 0.8891
v -0.089345 0.000177 -0.000581 0.6668 0.6640 0.6699
v -0.089594 -0.000647 0.001702 0.6972 0.6868 0.6957
v -0.089844 -0.001470 0.003984 0.6705 0.6588 0.6705
v -0.090093 -0.002294 0.006267 0.6509 0.6460 0.6564
v -0.090343 -0.003118 0.008549 0.6260 0.6314 0.6312
v -0.090593 -0.003941 0.010832 0.5929 0.5972 0.6051
v -0.090842 -0.004765 0.013114 0.5879 0.5961 0.6076
v -0.091794 0.011115 0.010586 0.9312 0.9156 0.9000
v -0.091693 0.008729 0.011273 0.8709 0.8573 0.8423
v -0.091593 0.006343 0.011961 0.7626 0.7442 0.7525
v -0.091493 0.003957 0.012648 0.6777 0.6837 0.6850
v -0.091393 0.001570 0.013335 0.5843 0.5899 0.6116
v -0.091292 -0.000816 0.014022 0.6458 0.6394 0.6554
v -0.091192 -0.003202 0.014710 0.6181 0.6240 0.6300
v -0.090222 -0.006411 0.015133 0.5660 0.5835 0.5972
v -0.089353 -0.007234 0.014870 0.5546 0.5624 0.5858
v -0.088483 -0.008057 0.014607 0.5721 0.5787 0.6059
v -0.087614 -0.008880 0.014343 0.5365 0.5466 0.5766
v -0.086744 -0.009703 0.014080 0.5085 0.5249 0.5625
v -0.085874 -0.010527 0.013817 0.5282 0.5419 0.5773
v -0.085005 -0.011349 0.013553 0.5945 0.6023 0.6280
v -0.091636 -0.006933 0.017405 0.5509 0.5618 0.5920
v -0.092181 -0.008277 0.019413 0.6067 0.6033 0.6195
v -0.092726 -0.009621 0.021421 0.6624 0.6585 0.6699
v -0.093270 -0.010965 0.023429 0.5921 0.5999 0.6097
v -0.093815 -0.012309 0.025438 0.6938 0.6947 0.6945
v -0.094359 -0.013653 0.027446 0.6773 0.6809 0.6886
v -0.094904 -0.014998 0.029454 0.6637 0.6671 0.6861
v -0.079659 -0.009379 -0.002520 0.6032 0.6030 0.6212
v -0.080299 -0.009778 -0.000262 0.5852 0.5930 0.6043
v -0.080938 -0.010177 0.001997 0.5552 0.5573 0.5754
v -0.081578 -0.010576 0.004256 0.6069 0.6122 0.6228
v -0.082217 -0.010975 0.006514 0.5720 0.5930 0.6032
v -0.082856 -0.011374 0.008773 0.5490 0.5612 0.5849
v -0.083496 -0.011773 0.011031 0.5658 0.5736 0.5837
v -0.087471 -0.018714 0.029191 0.5889 0.5928 0.6079
v -0.086995 -0.017780 0.026919 0.5980 0.6056 0.6087
v -0.086518 -0.016845 0.024648 0.5600 0.5703 0.5836
v -0.086042 -0.015911 0.022376 0.5640 0.5774 0.5876
v -0.085565 -0.014976 0.020105 0.6182 0.6241 0.6275
v -0.085088 -0.014042 0.017833 0.5336 0.5392 0.5799
v -0.084612 -0.013107 0.015561 0.5626 0.5718 0.5977
v -0.088475 -0.000646 -0.000844 0.6595 0.6603 0.6714
v -0.087855 -0.002293 0.001175 0.6141 0.6355 0.6451
v -0.087235 -0.003939 0.003194 0.5911 0.5981 0.6095
v -0.086615 -0.005586 0.005213 0.5657 0.5790 0.5981
v -0.085995 -0.007233 0.007232 0.5535 0.5594 0.5825
v -0.085375 -0.008879 0.009251 0.5493 0.5488 0.5676
v -0.084755 -0.010526 0.011271 0.6096 0.6159 0.6168
v -0.085096 -0.013054 0.015312 0.5652 0.5761 0.6003
v -0.086057 -0.013936 0.017334 0.5177 0.5229 0.5659
v -0.087018 -0.014817 0.019356 0.5518 0.5647 0.5884
v -0.087979 -0.015699 0.021378 0.5849 0.5974 0.6023
v -0.088940 -0.016581 0.023400 0.5685 0.5688 0.5873
v -0.089901 -0.017462 0.025422 0.5755 0.5823 0.6092
v -0.090862 -0.018344 0.027444 0.6222 0.6260 0.6341
v -0.085550 -0.012694 0.015561 0.5487 0.5539 0.5837
v -0.086964 -0.013215 0.017833 0.5552 0.5707 0.6000
v -0.088378 -0.013736 0.020104 0.4787 0.4860 0.5351
v -0.089792 -0.014257 0.022376 0.5907 0.5907 0.6082
v -0.091206 -0.014778 0.024647 0.5865 0.5918 0.6103
v -0.092620 -0.015299 0.026919 0.6203 0.6259 0.6366
v -0.094035 -0.015821 0.029191 0.6066 0.6106 0.6251
v -0.076999 -0.012590 0.015383 0.5237 0.5258 0.5492
v -0.078018 -0.012530 0.015084 0.5590 0.5573 0.5770
v -0.079038 -0.012471 0.014785 0.5432 0.5496 0.5717
v -0.080057 -0.012411 0.014486 0.5221 0.5377 0.5651
v -0.081077 -0.012352 0.014187 0.5378 0.5465 0.5714
v -0.082096 -0.012292 0.013888 0.5129 0.5206 0.5460
v -0.083116 -0.012232 0.013589 0.5380 0.5449 0.5692
v -0.080279 -0.007732 -0.004539 0.5848 0.6071 0.6143
v -0.081539 -0.006485 -0.004300 0.6413 0.6393 0.6569
v -0.082798 -0.005237 -0.004061 0.6218 0.6220 0.6448
v -0.084058 -0.003989 -0.003821 0.6722 0.6703 0.6742
v -0.085317 -0.002742 -0.003582 0.6851 0.6874 0.6856
v -0.086576 -0.001494 -0.003342 0.6937 0.6970 0.6937
v -0.087836 -0.000247 -0.003103 0.7222 0.7137 0.7006
v -0.078640 -0.009438 -0.002221 0.6487 0.6489 0.6576
v -0.078260 -0.009897 0.000336 0.5826 0.5904 0.6038
v -0.077880 -0.010356 0.002894 0.5610 0.5683 0.5874
v -0.077500 -0.010815 0.005452 0.5764 0.5938 0.6095
v -0.077120 -0.011273 0.008009 0.5939 0.6018 0.6291
v -0.076739 -0.011732 0.010567 0.5541 0.5638 0.5892
v -0.076359 -0.012191 0.013124 0.5585 0.5593 0.5814
v -0.077348 -0.008363 -0.017639 0.6191 0.6250 0.6298
v -0.077587 -0.008451 -0.015801 0.6632 0.6639 0.6688
v -0.077826 -0.008539 -0.013964 0.6704 0.6641 0.6774
v -0.078064 -0.008627 -0.012127 0.6526 0.6521 0.6526
v -0.078303 -0.008715 -0.010290 0.6542 0.6553 0.6542
v -0.078542 -0.008803 -0.008453 0.5884 0.5946 0.6160
v -0.078781 -0.008891 -0.006616 0.6061 0.6129 0.6297
v -0.068446 -0.009214 -0.002937 0.6117 0.6115 0.6327
v -0.069956 -0.009181 -0.003201 0.6125 0.6091 0.6181
v -0.071467 -0.009147 -0.003464 0.5896 0.5974 0.6077
v -0.072978 -0.009114 -0.003727 0.6127 0.6196 0.6303
v -0.074488 -0.009080 -0.003990 0.5997 0.5999 0.6184
v -0.075999 -0.009047 -0.004253 0.6652 0.6548 0.6673
v -0.077509 -0.009013 -0.004516 0.6873 0.6776 0.6908
v -0.086764 0.002056 -0.017956 0.7055 0.6935 0.7055
v -0.085658 0.000479 -0.016074 0.6771 0.6729 0.6771
v -0.084552 -0.001097 -0.014191 0.6619 0.6503 0.6619
v -0.083445 -0.002674 -0.012309 0.7217 0.7083 0.7165
v -0.082339 -0.004250 -0.010426 0.6882 0.6783 0.6882
v -0.081233 -0.005827 -0.008544 0.6722 0.6659 0.6726
v -0.080126 -0.007403 -0.006661 0.6406 0.6469 0.6563
v -0.085878 0.009827 -0.031111 0.6155 0.6103 0.6252
v -0.086163 0.008942 -0.029501 0.6095 0.6160 0.6247
v -0.086448 0.008057 -0.027890 0.6508 0.6664 0.6625
v -0.086732 0.007172 -0.026280 0.6546 0.6454 0.6546
v -0.087017 0.006287 -0.024670 0.6692 0.6641 0.6692
v -0.087301 0.005402 -0.023059 0.6804 0.6755 0.6804
v -0.087586 0.004517 -0.021449 0.6805 0.6788 0.6811
v -0.087178 0.026032 -0.012915 0.9032 0.8966 0.8741
v -0.087277 0.022832 -0.013904 0.6723 0.6724 0.6777
v -0.087376 0.019632 -0.014893 0.6131 0.6166 0.6306
v -0.087475 0.016432 -0.015882 0.6254 0.6313 0.6431
v -0.087574 0.013232 -0.016871 0.6417 0.6414 0.6508
v -0.087673 0.010032 -0.017860 0.6754 0.6724 0.6810
v -0.087772 0.006832 -0.018849 0.6697 0.6645 0.6724
v -0.078454 -0.006787 -0.019521 0.6063 0.6085 0.6280
v -0.079799 -0.005298 -0.019566 0.6666 0.6644 0.6671
v -0.081145 -0.003810 -0.019612 0.6508 0.6521 0.6508
v -0.082490 -0.002322 -0.019657 0.6728 0.6703 0.6728
v -0.083835 -0.000833 -0.019702 0.6963 0.6899 0.6938
v -0.085180 0.000655 -0.019748 0.6553 0.6450 0.6546
v -0.086526 0.002144 -0.019793 0.6641 0.6680 0.6641
v -0.088114 0.005979 -0.017442 0.7150 0.7061 0.7161
v -0.088358 0.008326 -0.015045 0.6956 0.6907 0.6966
v -0.088601 0.010672 -0.012648 0.6740 0.6710 0.6744
v -0.088845 0.013019 -0.010252 0.6676 0.6577 0.6691
v -0.089089 0.015366 -0.007855 0.5994 0.6143 0.6250
v -0.089332 0.017713 -0.005458 0.6795 0.6824 0.6781
v -0.089576 0.020060 -0.003062 0.9039 0.8919 0.8728
v -0.088024 0.003303 -0.017717 0.6754 0.6711 0.6754
v -0.088177 0.002974 -0.015595 0.7200 0.7122 0.7200
v -0.088330 0.002645 -0.013473 0.7277 0.7171 0.7270
v -0.088483 0.002316 -0.011351 0.7048 0.6919 0.6880
v -0.088636 0.001987 -0.009229 0.7078 0.7033 0.7078
v -0.088789 0.001658 -0.007107 0.7394 0.7195 0.7181
v -0.088942 0.001330 -0.004985 0.7146 0.7030 0.7036
v -0.089729 0.019731 -0.000940 0.9271 0.9257 0.9230
v -0.089638 0.017055 -0.001215 0.7766 0.7657 0.7594
v -0.089548 0.014379 -0.001489 0.6054 0.6250 0.6363
v -0.089457 0.011704 -0.001764 0.6099 0.6210 0.6325
v -0.089367 0.009028 -0.002039 0.6570 0.6481 0.6570
v -0.089276 0.006352 -0.002314 0.7044 0.7010 0.7014
v -0.089186 0.003676 -0.002589 0.7171 0.7031 0.7054
v -0.090079 0.021293 0.000655 0.9107 0.9097 0.8930
v -0.090338 0.020180 0.001976 0.9381 0.9260 0.9038
v -0.090597 0.019067 0.003296 0.9324 0.9211 0.9006
v -0.090857 0.017954 0.004617 0.9314 0.9217 0.9041
v -0.091116 0.016841 0.005938 0.9278 0.9187 0.9093
v -0.091375 0.015728 0.007258 0.9410 0.9284 0.9124
v -0.091635 0.014615 0.008579 0.9331 0.9211 0.9040
v -0.087422 0.028378 -0.010519 0.9248 0.9155 0.9042
v -0.087764 0.027525 -0.009111 0.9283 0.9138 0.8988
v -0.088107 0.026672 -0.007703 0.9302 0.9204 0.8990
v -0.088449 0.025819 -0.006296 0.9343 0.9247 0.9047
v -0.088792 0.024966 -0.004888 0.9363 0.9269 0.9076
v -0.089134 0.024113 -0.003480 0.9310 0.9292 0.9113
v -0.089477 0.023260 -0.002073 0.9255 0.9210 0.9129
v -0.085779 0.013027 -0.030122 0.5552 0.5757 0.5838
v -0.085965 0.015342 -0.027523 0.6145 0.6220 0.6145
v -0.086151 0.017657 -0.024924 0.6959 0.6842 0.6959
v -0.086336 0.019972 -0.022324 0.6932 0.6948 0.6932
v -0.086522 0.022287 -0.019725 0.6707 0.6668 0.6707
v -0.086708 0.024602 -0.017125 0.7200 0.7218 0.7200
v -0.086894 0.026917 -0.014526 0.9002 0.8995 0.8673
v -0.079767 0.036489 -0.034201 0.6395 0.6392 0.6496
v -0.080811 0.035452 -0.031019 0.7122 0.6967 0.7023
v -0.081856 0.034416 -0.027837 0.8383 0.8136 0.8075
v -0.082901 0.033379 -0.024655 0.8783 0.8685 0.8513
v -0.083945 0.032342 -0.021473 0.9103 0.9034 0.8791
v -0.084990 0.031305 -0.018291 0.9304 0.9216 0.9004
v -0.086035 0.030268 -0.015109 0.9135 0.9154 0.8980
v -0.084735 0.014064 -0.033304 0.5187 0.5375 0.5618
v -0.083876 0.017416 -0.033887 0.4921 0.5065 0.5328
v -0.083017 0.020767 -0.034470 0.5085 0.5306 0.5424
v -0.082158 0.024119 -0.035053 0.4839 0.5014 0.5262
v -0.081299 0.027471 -0.035635 0.4821 0.4891 0.5238
v -0.080440 0.030822 -0.036218 0.4341 0.4549 0.4900
v -0.079581 0.034174 -0.036801 0.5374 0.5580 0.5596
v -0.062238 0.038180 -0.038658 0.3862 0.4113 0.4495
v -0.064593 0.038086 -0.038476 0.3851 0.4110 0.4442
v -0.066948 0.037993 -0.038294 0.3688 0.3971 0.4306
v -0.069303 0.037900 -0.038112 0.3469 0.3661 0.4115
v -0.071658 0.037806 -0.037929 0.4474 0.4623 0.5039
v -0.074012 0.037713 -0.037747 0.4967 0.5080 0.5448
v -0.076367 0.037619 -0.037565 0.4821 0.5085 0.5235
v -0.058429 0.004523 -0.033485 0.2902 0.3090 0.3542
v -0.058637 0.009344 -0.034250 0.2648 0.2837 0.3305
v -0.058844 0.014166 -0.035015 0.2641 0.2829 0.3301
v -0.059052 0.018987 -0.035780 0.2697 0.2888 0.3355
v -0.059260 0.023809 -0.036545 0.2823 0.3075 0.3455
v -0.059468 0.028630 -0.037310 0.2605 0.2861 0.3244
v -0.059676 0.033452 -0.038075 0.2817 0.2998 0.3471
v -0.046853 0.026687 -0.037564 0.2848 0.3057 0.3474
v -0.048714 0.028342 -0.037746 0.3076 0.3331 0.3718
v -0.050576 0.029997 -0.037929 0.3158 0.3455 0.3834
v -0.052437 0.031653 -0.038111 0.3372 0.3521 0.3936
v -0.054299 0.033308 -0.038293 0.3082 0.3342 0.3700
v -0.056160 0.034963 -0.038475 0.3517 0.3706 0.4035
v -0.058022 0.036618 -0.038657 0.2918 0.3109 0.3538
v -0.061724 0.033097 -0.037825 0.2799 0.3044 0.3437
v -0.063564 0.027921 -0.036810 0.2677 0.2881 0.3335
v -0.065405 0.022745 -0.035796 0.2866 0.3063 0.3512
v -0.067245 0.017569 -0.034781 0.2750 0.2979 0.3398
v -0.069085 0.012393 -0.033766 0.2814 0.3053 0.3438
v -0.070926 0.007217 -0.032752 0.2837 0.2984 0.3475
v -0.072766 0.002041 -0.031737 0.2907 0.3184 0.3534
v -0.063097 0.034828 -0.038075 0.2825 0.2976 0.3506
v -0.066311 0.031383 -0.037310 0.2675 0.2878 0.3334
v -0.069525 0.027938 -0.036545 0.2989 0.3150 0.3619
v -0.072739 0.024493 -0.035781 0.2908 0.3030 0.3537
v -0.075952 0.021048 -0.035016 0.3318 0.3552 0.3945
v -0.079166 0.017602 -0.034251 0.3625 0.3793 0.4200
v -0.082380 0.014157 -0.033486 0.4714 0.4987 0.5143
v -0.075980 -0.001404 -0.030972 0.4348 0.4532 0.4884
v -0.077353 0.000327 -0.031222 0.4471 0.4646 0.4958
v -0.078727 0.002057 -0.031472 0.4927 0.5131 0.5371
v -0.080100 0.003788 -0.031722 0.4408 0.4583 0.4932
v -0.081474 0.005519 -0.031972 0.4753 0.4928 0.5181
v -0.082847 0.007250 -0.032222 0.4898 0.5116 0.5328
v -0.084220 0.008981 -0.032472 0.4929 0.5231 0.5355
v -0.074919 -0.003778 -0.029316 0.5681 0.5649 0.5867
v -0.075232 -0.004420 -0.027911 0.5942 0.5899 0.6057
v -0.075545 -0.005063 -0.026505 0.5596 0.5652 0.5840
v -0.075858 -0.005705 -0.025099 0.6202 0.6138 0.6270
v -0.076171 -0.006348 -0.023693 0.5895 0.5918 0.6070
v -0.076483 -0.006990 -0.022287 0.6700 0.6662 0.6599
v -0.076796 -0.007633 -0.020881 0.6116 0.6108 0.6294
v -0.060269 -0.000653 -0.032471 0.2694 0.2828 0.3335
v -0.062317 -0.001008 -0.032221 0.2881 0.3076 0.3505
v -0.064366 -0.001363 -0.031971 0.2784 0.3003 0.3407
v -0.066414 -0.001717 -0.031721 0.2989 0.3202 0.3622
v -0.068462 -0.002072 -0.031472 0.2967 0.3193 0.3599
v -0.070510 -0.002426 -0.031222 0.3109 0.3240 0.3747
v -0.072558 -0.002781 -0.030972 0.4063 0.4270 0.4726
v -0.064327 -0.006710 -0.021061 0.5402 0.5519 0.5786
v -0.065796 -0.006200 -0.022441 0.4928 0.5189 0.5428
v -0.067264 -0.005689 -0.023821 0.5634 0.5740 0.5972
v -0.068733 -0.005178 -0.025201 0.5295 0.5344 0.5607
v -0.070201 -0.004668 -0.026582 0.4512 0.4659 0.5016
v -0.071670 -0.004157 -0.027962 0.5085 0.5241 0.5534
v -0.073138 -0.003646 -0.029342 0.4636 0.4816 0.5164
v -0.084533 0.008339 -0.031066 0.5726 0.5963 0.6043
v -0.083473 0.005965 -0.029410 0.5909 0.5883 0.6087
v -0.082412 0.003592 -0.027754 0.5920 0.5966 0.6145
v -0.081351 0.001219 -0.026099 0.5907 0.5942 0.6097
v -0.080291 -0.001155 -0.024443 0.6802 0.6815 0.6901
v -0.079230 -0.003528 -0.022787 0.6362 0.6346 0.6450
v -0.078169 -0.005902 -0.021131 0.6601 0.6535 0.6607
v -0.075837 -0.008397 -0.017375 0.6076 0.6201 0.6227
v -0.074565 -0.008518 -0.015275 0.5685 0.5838 0.5969
v -0.073294 -0.008640 -0.013175 0.6889 0.6933 0.6925
v -0.072022 -0.008761 -0.011075 0.6604 0.6646 0.6726
v -0.070750 -0.008883 -0.008975 0.6803 0.6838 0.6839
v -0.069479 -0.009005 -0.006875 0.6248 0.6229 0.6405
v -0.068207 -0.009126 -0.004775 0.6241 0.6213 0.6406
v -0.064640 -0.007353 -0.019655 0.5102 0.5229 0.5537
v -0.066421 -0.007485 -0.019629 0.4777 0.4975 0.5377
v -0.068203 -0.007616 -0.019604 0.5455 0.5580 0.5910
v -0.069984 -0.007748 -0.019578 0.5905 0.6081 0.6078
v -0.071765 -0.007880 -0.019553 0.6386 0.6447 0.6459
v -0.073546 -0.008011 -0.019527 0.6086 0.6087 0.6223
v -0.075328 -0.008143 -0.019501 0.5767 0.5773 0.5959
v -0.089445 0.002563 -0.001268 0.7115 0.7006 0.7025
v -0.089795 0.004126 0.000327 0.6783 0.6675 0.6783
v -0.090145 0.005688 0.001922 0.6704 0.6626 0.6704
v -0.090495 0.007251 0.003518 0.6300 0.6353 0.6436
v -0.090844 0.008814 0.005113 0.6170 0.6189 0.6386
v -0.091194 0.010376 0.006708 0.7482 0.7274 0.7312
v -0.091544 0.011939 0.008304 0.8792 0.8735 0.8735
v -0.092276 -0.018865 0.029716 0.5978 0.5939 0.6111
v -0.092729 -0.018505 0.029965 0.6299 0.6270 0.6420
v -0.093182 -0.018144 0.030215 0.6148 0.6143 0.6348
v -0.093636 -0.017784 0.030464 0.6257 0.6237 0.6412
v -0.094089 -0.017423 0.030714 0.6636 0.6543 0.6665
v -0.094542 -0.017063 0.030963 0.6506 0.6446 0.6567
v -0.094995 -0.016702 0.031213 0.6709 0.6616 0.6738
v -0.088432 -0.019596 0.031213 0.6031 0.6185 0.6276
v -0.088917 -0.019543 0.030963 0.5704 0.5847 0.6016
v -0.089401 -0.019490 0.030714 0.5318 0.5495 0.5707
v -0.089885 -0.019437 0.030464 0.5978 0.6129 0.6229
v -0.090370 -0.019384 0.030215 0.6218 0.6318 0.6398
v -0.090854 -0.019331 0.029965 0.6164 0.6142 0.6275
v -0.091338 -0.019278 0.029716 0.5772 0.5743 0.5929
v -0.077475 -0.013525 0.017655 0.6082 0.6039 0.6204
v -0.078972 -0.014400 0.019627 0.5698 0.5845 0.6010
v -0.080468 -0.015274 0.021600 0.5946 0.5912 0.6039
v -0.081964 -0.016149 0.023572 0.5954 0.5951 0.6123
v -0.083460 -0.017024 0.025545 0.6326 0.6371 0.6508
v -0.084956 -0.017899 0.027517 0.6273 0.6292 0.6394
v -0.086452 -0.018774 0.029490 0.5967 0.5953 0.6161
v -0.068066 -0.009673 -0.000380 0.5370 0.5504 0.5842
v -0.069196 -0.010098 0.001915 0.5570 0.5656 0.5902
v -0.070327 -0.010523 0.004209 0.5650 0.5611 0.5884
v -0.071457 -0.010949 0.006504 0.5609 0.5775 0.5921
v -0.072588 -0.011374 0.008798 0.5565 0.5629 0.5860
v -0.073718 -0.011799 0.011093 0.5860 0.5863 0.6020
v -0.074849 -0.012225 0.013387 0.5972 0.5945 0.6110
v -0.063368 -0.007474 -0.017555 0.5387 0.5561 0.5777
v -0.063878 -0.007728 -0.015429 0.4857 0.5019 0.5300
v -0.064387 -0.007981 -0.013303 0.5012 0.5161 0.5442
v -0.064897 -0.008234 -0.011178 0.5031 0.5256 0.5613
v -0.065406 -0.008488 -0.009052 0.5421 0.5526 0.5814
v -0.065916 -0.008741 -0.006926 0.5710 0.5801 0.6062
v -0.066425 -0.008994 -0.004800 0.5448 0.5498 0.5750
v -0.058801 -0.001164 -0.031091 0.2985 0.3102 0.3609
v -0.059380 -0.002029 -0.029461 0.3304 0.3424 0.3928
v -0.059960 -0.002895 -0.027831 0.3553 0.3798 0.4196
v -0.060540 -0.003760 -0.026201 0.4353 0.4453 0.4840
v -0.061120 -0.004625 -0.024571 0.4525 0.4611 0.4981
v -0.061699 -0.005491 -0.022941 0.5008 0.5085 0.5320
v -0.062279 -0.006356 -0.021311 0.4842 0.4939 0.5202
v -0.056567 0.002867 -0.033303 0.2867 0.3066 0.3512
v -0.054913 0.006034 -0.033886 0.2733 0.2956 0.3381
v -0.053260 0.009200 -0.034468 0.2904 0.3107 0.3543
v -0.051606 0.012366 -0.035051 0.2761 0.2994 0.3405
v -0.049952 0.015533 -0.035634 0.2723 0.2943 0.3386
v -0.048299 0.018699 -0.036216 0.2716 0.2924 0.3369
v -0.046645 0.021865 -0.036799 0.2834 0.3032 0.3540
v -0.082207 0.001691 0.034980 0.9431 0.9314 0.9197
v -0.083470 -0.000396 0.035784 0.9448 0.9323 0.9197
v -0.084733 -0.002483 0.036588 0.9509 0.9353 0.9197
v -0.085996 -0.004570 0.037392 0.9431 0.9314 0.9197
v -0.087260 -0.006657 0.038196 0.9425 0.9310 0.9194
v -0.088523 -0.008744 0.039000 0.9432 0.9317 0.9195
v -0.089786 -0.010831 0.039804 0.9344 0.9344 0.9198
v -0.087582 -0.016037 0.037738 0.8746 0.8603 0.8434
v -0.088077 -0.015591 0.038148 0.8893 0.8767 0.8581
v -0.088573 -0.015146 0.038558 0.9178 0.9038 0.8848
v -0.089068 -0.014700 0.038968 0.9311 0.9155 0.8980
v -0.089563 -0.014255 0.039378 0.9306 0.9150 0.8972
v -0.090059 -0.013809 0.039788 0.9311 0.9155 0.8980
v -0.090554 -0.013364 0.040198 0.9396 0.9318 0.9123
v -0.091609 -0.012908 0.040198 0.9361 0.9361 0.9162
v -0.092169 -0.012897 0.039788 0.9277 0.9277 0.9124
v -0.092728 -0.012887 0.039378 0.9326 0.9244 0.9079
v -0.093288 -0.012876 0.038968 0.9328 0.9172 0.9012
v -0.093847 -0.012866 0.038558 0.9326 0.9170 0.9011
v -0.094407 -0.012855 0.038148 0.9374 0.9218 0.9042
v -0.094966 -0.012845 0.037738 0.9423 0.9289 0.9135
v -0.090218 0.000895 0.029940 0.8444 0.8251 0.8124
v -0.090337 -0.001078 0.031464 0.8422 0.8184 0.8106
v -0.090456 -0.003051 0.032988 0.8277 0.8145 0.7965
v -0.090575 -0.005025 0.034512 0.8570 0.8375 0.8336
v -0.090693 -0.006998 0.036036 0.8397 0.8138 0.8082
v -0.090812 -0.008972 0.037560 0.9314 0.9237 0.8983
v -0.090931 -0.010945 0.039084 0.9313 0.9291 0.9135
v -0.080043 0.002762 0.033488 0.9317 0.9238 0.9140
v -0.079143 0.001746 0.032800 0.9092 0.9054 0.9016
v -0.078243 0.000730 0.032112 0.8096 0.7828 0.7794
v -0.077343 -0.000286 0.031424 0.7340 0.7252 0.7175
v -0.076443 -0.001302 0.030737 0.7142 0.7045 0.7016
v -0.075543 -0.002318 0.030049 0.7393 0.7170 0.7181
v -0.074643 -0.003334 0.029361 0.7162 0.6969 0.7049
v -0.081711 0.001246 0.034570 0.9432 0.9315 0.9198
v -0.082479 -0.001287 0.034964 0.9259 0.9162 0.9047
v -0.083247 -0.003819 0.035358 0.9227 0.9198 0.9144
v -0.084015 -0.006352 0.035752 0.9307 0.9209 0.9082
v -0.084783 -0.008884 0.036146 0.9101 0.9120 0.8828
v -0.085551 -0.011417 0.036540 0.7909 0.7780 0.7736
v -0.086319 -0.013950 0.036934 0.8223 0.7950 0.7911
v -0.073359 0.016941 0.025821 0.9294 0.9223 0.9129
v -0.074443 0.015061 0.027015 0.9429 0.9313 0.9197
v -0.075526 0.013180 0.028208 0.9461 0.9339 0.9207
v -0.076609 0.011300 0.029402 0.9493 0.9337 0.9166
v -0.077693 0.009420 0.030595 0.9432 0.9354 0.9198
v -0.078776 0.007539 0.031789 0.9423 0.9315 0.9193
v -0.079860 0.005659 0.032982 0.9431 0.9314 0.9197
v -0.085001 0.015051 0.019379 0.7189 0.7135 0.7158
v -0.084421 0.013441 0.021493 0.7019 0.6985 0.7019
v -0.083841 0.011830 0.023607 0.6878 0.6805 0.6878
v -0.083262 0.010220 0.025720 0.6920 0.6804 0.6920
v -0.082682 0.008610 0.027834 0.7330 0.7295 0.7330
v -0.082103 0.006999 0.029948 0.8473 0.8215 0.8139
v -0.081523 0.005389 0.032062 0.9311 0.9311 0.8999
v -0.064267 0.006216 0.019688 0.5950 0.6134 0.6227
v -0.066649 0.005868 0.021757 0.6178 0.6215 0.6320
v -0.069031 0.005520 0.023827 0.5845 0.5921 0.6134
v -0.071414 0.005171 0.025897 0.6508 0.6508 0.6624
v -0.073796 0.004823 0.027967 0.6877 0.6824 0.6811
v -0.076178 0.004475 0.030036 0.8400 0.8300 0.8100
v -0.078561 0.004127 0.032106 0.9302 0.9301 0.9003
v -0.088955 0.002983 0.029136 0.8296 0.8029 0.7995
v -0.087810 0.003096 0.029856 0.7716 0.7521 0.7599
v -0.086666 0.003210 0.030576 0.7446 0.7296 0.7389
v -0.085521 0.003324 0.031296 0.7739 0.7427 0.7391
v -0.084377 0.003437 0.032016 0.8564 0.8286 0.8252
v -0.083232 0.003551 0.032736 0.9135 0.8990 0.8795
v -0.082088 0.003665 0.033456 0.9429 0.9273 0.9079
v -0.070977 0.017289 0.023752 0.8893 0.8808 0.8580
v -0.069678 0.015757 0.022875 0.7785 0.7700 0.7554
v -0.068379 0.014225 0.021999 0.6194 0.6246 0.6375
v -0.067080 0.012693 0.021123 0.5834 0.5863 0.6000
v -0.065781 0.011161 0.020247 0.5785 0.5809 0.6007
v -0.064482 0.009629 0.019370 0.5891 0.5907 0.6109
v -0.063183 0.008097 0.018494 0.6542 0.6546 0.6675
v -0.063366 0.005200 0.019000 0.6967 0.6872 0.6991
v -0.064849 0.003836 0.020382 0.6758 0.6660 0.6758
v -0.066331 0.002472 0.021764 0.7146 0.7045 0.7161
v -0.067813 0.001107 0.023146 0.7004 0.6995 0.7005
v -0.069296 -0.000257 0.024527 0.7322 0.7215 0.7330
v -0.070778 -0.001621 0.025909 0.7021 0.6936 0.6981
v -0.072260 -0.002986 0.027291 0.6777 0.6809 0.6770
v -0.055353 0.013959 0.008493 0.5866 0.5920 0.6153
v -0.056286 0.012903 0.009797 0.6052 0.6186 0.6264
v -0.057219 0.011846 0.011100 0.6597 0.6575 0.6685
v -0.058152 0.010790 0.012404 0.6132 0.6129 0.6289
v -0.059085 0.009734 0.013707 0.6423 0.6402 0.6595
v -0.060018 0.008677 0.015011 0.6546 0.6503 0.6651
v -0.060951 0.007621 0.016314 0.6967 0.6850 0.6967
v -0.050354 0.021757 -0.003261 0.5842 0.5989 0.6240
v -0.050935 0.020794 -0.001768 0.6067 0.6104 0.6311
v -0.051516 0.019831 -0.000275 0.5856 0.6011 0.6094
v -0.052097 0.018868 0.001218 0.6500 0.6534 0.6614
v -0.052678 0.017905 0.002711 0.6445 0.6454 0.6523
v -0.053259 0.016942 0.004204 0.5808 0.5891 0.6022
v -0.053840 0.015978 0.005697 0.6445 0.6518 0.6525
v -0.065080 0.028308 0.012903 0.8517 0.8457 0.8301
v -0.063557 0.026409 0.012087 0.7180 0.7238 0.7184
v -0.062034 0.024510 0.011270 0.5839 0.6065 0.6136
v -0.060511 0.022611 0.010454 0.5313 0.5391 0.5626
v -0.058989 0.020712 0.009638 0.5199 0.5278 0.5512
v -0.057466 0.018813 0.008822 0.5565 0.5633 0.5876
v -0.055943 0.016914 0.008006 0.6092 0.6135 0.6349
v -0.056652 0.015491 0.009370 0.5777 0.5814 0.6081
v -0.058884 0.015967 0.011549 0.6091 0.6152 0.6339
v -0.061116 0.016443 0.013729 0.5679 0.5835 0.6016
v -0.063348 0.016918 0.015909 0.5408 0.5487 0.5720
v -0.065580 0.017394 0.018089 0.5969 0.6087 0.6282
v -0.067812 0.017870 0.020268 0.7363 0.7349 0.7245
v -0.070044 0.018346 0.022448 0.8590 0.8539 0.8278
v -0.063234 0.037226 0.002219 0.8988 0.8833 0.8677
v -0.063715 0.036223 0.003862 0.9276 0.9148 0.9013
v -0.064197 0.035221 0.005505 0.9116 0.8960 0.8780
v -0.064678 0.034218 0.007148 0.9148 0.9020 0.8836
v -0.065159 0.033215 0.008790 0.9200 0.9044 0.8881
v -0.065640 0.032212 0.010433 0.9049 0.8893 0.8704
v -0.066121 0.031209 0.012076 0.9116 0.9050 0.8950
v -0.051877 0.023656 -0.002445 0.5889 0.5925 0.6082
v -0.053981 0.024592 -0.000136 0.5609 0.5687 0.5921
v -0.056084 0.025527 0.002173 0.5699 0.5788 0.6031
v -0.058188 0.026463 0.004482 0.5310 0.5497 0.5762
v -0.060291 0.027399 0.006791 0.5931 0.5965 0.6119
v -0.062395 0.028335 0.009100 0.7278 0.7082 0.7101
v -0.064498 0.029271 0.011410 0.8213 0.8025 0.8085
v -0.080436 0.026848 0.007666 0.6671 0.6632 0.6806
v -0.078460 0.027328 0.008531 0.6024 0.6037 0.6210
v -0.076484 0.027807 0.009395 0.5978 0.5987 0.6185
v -0.074507 0.028287 0.010260 0.6067 0.6115 0.6235
v -0.072531 0.028767 0.011125 0.7266 0.7085 0.7161
v -0.070555 0.029247 0.011989 0.8244 0.8067 0.7932
v -0.068578 0.029727 0.012854 0.9293 0.9289 0.9283
v -0.067311 0.028783 0.015082 0.9230 0.9191 0.9141
v -0.068021 0.027360 0.016446 0.9109 0.8927 0.8771
v -0.068730 0.025937 0.017810 0.9297 0.9133 0.8961
v -0.069439 0.024514 0.019173 0.9137 0.8981 0.8786
v -0.070148 0.023091 0.020537 0.9420 0.9264 0.9107
v -0.070857 0.021668 0.021901 0.9393 0.9237 0.9081
v -0.071566 0.020245 0.023264 0.9162 0.9127 0.9069
v -0.072941 0.039609 -0.017374 0.6971 0.6982 0.6971
v -0.071486 0.039412 -0.014810 0.7102 0.7030 0.7102
v -0.070031 0.039214 -0.012245 0.6681 0.6621 0.6681
v -0.068575 0.039017 -0.009681 0.6699 0.6760 0.6871
v -0.067120 0.038820 -0.007116 0.7274 0.7138 0.7216
v -0.065664 0.038623 -0.004552 0.8231 0.8003 0.7968
v -0.064209 0.038426 -0.001988 0.9040 0.9040 0.8787
v -0.061131 0.036290 -0.000090 0.7978 0.7835 0.7839
v -0.059508 0.034352 -0.000756 0.6887 0.6728 0.6824
v -0.057886 0.032413 -0.001422 0.5724 0.5724 0.5942
v -0.056263 0.030474 -0.002089 0.5607 0.5675 0.5918
v -0.054641 0.028536 -0.002755 0.5281 0.5471 0.5811
v -0.053018 0.026597 -0.003421 0.5561 0.5675 0.5961
v -0.051396 0.024659 -0.004088 0.6303 0.6213 0.6353
v -0.065211 0.036746 0.001355 0.9179 0.9119 0.9024
v -0.067668 0.035264 0.002133 0.8043 0.7851 0.7924
v -0.070125 0.033781 0.002911 0.7273 0.7253 0.7273
v -0.072583 0.032298 0.003689 0.6266 0.6236 0.6343
v -0.075040 0.030816 0.004467 0.5979 0.6010 0.6185
v -0.077498 0.029333 0.005245 0.6148 0.6178 0.6284
v -0.079955 0.027851 0.006023 0.6559 0.6564 0.6574
v -0.059568 0.042969 -0.019990 0.8996 0.8842 0.8650
v -0.060023 0.042292 -0.017052 0.9117 0.8968 0.8786
v -0.060478 0.041615 -0.014114 0.9082 0.8967 0.8769
v -0.060933 0.040938 -0.011176 0.8952 0.8821 0.8640
v -0.061388 0.040260 -0.008238 0.8966 0.8812 0.8654
v -0.061843 0.039583 -0.005300 0.8975 0.8839 0.8663
v -0.062298 0.038906 -0.002361 0.9247 0.9096 0.8950
v -0.077133 0.034367 -0.004089 0.7025 0.6915 0.7025
v -0.075078 0.034919 -0.003422 0.6511 0.6520 0.6523
v -0.073024 0.035471 -0.002756 0.6297 0.6325 0.6414
v -0.070970 0.036022 -0.002089 0.6186 0.6239 0.6208
v -0.068916 0.036574 -0.001423 0.7283 0.7126 0.7212
v -0.066861 0.037126 -0.000756 0.8051 0.7830 0.7817
v -0.064807 0.037677 -0.000090 0.9199 0.9081 0.8944
v -0.050069 0.031249 -0.017373 0.6130 0.6189 0.6225
v -0.051881 0.032246 -0.014809 0.5839 0.5914 0.6031
v -0.053693 0.033244 -0.012244 0.5924 0.5984 0.6156
v -0.055505 0.034241 -0.009680 0.5675 0.5753 0.5842
v -0.057317 0.035238 -0.007116 0.6281 0.6331 0.6430
v -0.059129 0.036235 -0.004552 0.6901 0.6770 0.6857
v -0.060941 0.037232 -0.001988 0.7984 0.7883 0.7849
v -0.057756 0.041972 -0.022554 0.6761 0.6621 0.6719
v -0.056399 0.040298 -0.022181 0.6224 0.6268 0.6376
v -0.055042 0.038624 -0.021807 0.5311 0.5386 0.5623
v -0.053685 0.036949 -0.021433 0.5601 0.5679 0.5931
v -0.052328 0.035275 -0.021059 0.5608 0.5715 0.5959
v -0.050971 0.033601 -0.020685 0.5563 0.5582 0.5819
v -0.049614 0.031927 -0.020311 0.6135 0.6139 0.6191
v -0.048447 0.029311 -0.018039 0.6074 0.6093 0.6297
v -0.048636 0.028369 -0.016141 0.5786 0.5809 0.6013
v -0.048826 0.027428 -0.014244 0.6136 0.6114 0.6284
v -0.049015 0.026486 -0.012346 0.6080 0.6062 0.6240
v -0.049205 0.025545 -0.010448 0.5919 0.6014 0.6119
v -0.049394 0.024603 -0.008550 0.6362 0.6349 0.6461
v -0.049584 0.023662 -0.006652 0.6314 0.6267 0.6423
v -0.072486 0.040286 -0.020312 0.7053 0.6941 0.6941
v -0.070576 0.040766 -0.020686 0.7056 0.7016 0.7056
v -0.068666 0.041246 -0.021060 0.6753 0.6715 0.6753
v -0.066755 0.041726 -0.021433 0.7028 0.6975 0.7028
v -0.064845 0.042206 -0.021807 0.7343 0.7232 0.7252
v -0.062934 0.042686 -0.022181 0.8266 0.8142 0.7984
v -0.061024 0.043166 -0.022555 0.9008 0.8853 0.8659
v -0.073939 0.018552 0.023707 0.9348 0.9270 0.9135
v -0.075602 0.018282 0.022787 0.8983 0.8923 0.8671
v -0.077265 0.018012 0.021867 0.7817 0.7604 0.7580
v -0.078928 0.017742 0.020946 0.6445 0.6480 0.6738
v -0.080591 0.017472 0.020026 0.6162 0.6234 0.6293
v -0.082254 0.017202 0.019106 0.6441 0.6402 0.6441
v -0.083917 0.016932 0.018185 0.7010 0.6904 0.7010
v -0.081145 0.025425 0.009030 0.6444 0.6464 0.6546
v -0.079878 0.024481 0.011258 0.6129 0.6237 0.6363
v -0.078611 0.023538 0.013486 0.5838 0.5893 0.6115
v -0.077344 0.022595 0.015715 0.6277 0.6186 0.6288
v -0.076077 0.021651 0.017943 0.6975 0.6889 0.6963
v -0.074810 0.020708 0.020171 0.8626 0.8607 0.8315
v -0.073543 0.019765 0.022399 0.9425 0.9312 0.9189
v -0.075411 -0.005866 0.029755 0.7629 0.7400 0.7412
v -0.077078 -0.007383 0.030837 0.7508 0.7354 0.7386
v -0.078747 -0.008899 0.031919 0.7893 0.7823 0.7696
v -0.080415 -0.010416 0.033001 0.7918 0.7860 0.7712
v -0.082083 -0.011933 0.034083 0.8213 0.8108 0.8069
v -0.083751 -0.013449 0.035165 0.8491 0.8301 0.8262
v -0.085419 -0.014966 0.036247 0.8533 0.8359 0.8320
v -0.090778 0.000906 0.029530 0.8758 0.8574 0.8418
v -0.091456 -0.001057 0.030644 0.9081 0.8925 0.8740
v -0.092134 -0.003020 0.031758 0.9153 0.9020 0.8839
v -0.092813 -0.004983 0.032872 0.9086 0.9008 0.8938
v -0.093491 -0.006946 0.033986 0.9315 0.9247 0.9084
v -0.094169 -0.008908 0.035100 0.9315 0.9347 0.9191
v -0.094848 -0.010871 0.036214 0.9315 0.9216 0.9044
v -0.086145 0.014937 0.018659 0.7475 0.7396 0.7433
v -0.086710 0.013213 0.020053 0.7798 0.7611 0.7543
v -0.087275 0.011489 0.021447 0.7793 0.7608 0.7540
v -0.087840 0.009765 0.022841 0.7950 0.7804 0.7746
v -0.088405 0.008041 0.024235 0.8010 0.7884 0.7806
v -0.088970 0.006317 0.025628 0.8070 0.7954 0.7879
v -0.089535 0.004593 0.027022 0.8197 0.8080 0.7942
v -0.082808 0.025155 0.008109 0.7084 0.7035 0.7084
v -0.083204 0.023941 0.009417 0.6950 0.6945 0.6950
v -0.083600 0.022728 0.010725 0.7084 0.7055 0.7084
v -0.083996 0.021515 0.012033 0.7000 0.6942 0.7000
v -0.084392 0.020301 0.013341 0.7207 0.7214 0.7207
v -0.084788 0.019088 0.014649 0.7290 0.7205 0.7204
v -0.085184 0.017875 0.015957 0.7345 0.7220 0.7207
v -0.079590 0.032885 -0.003311 0.7301 0.7199 0.7300
v -0.079993 0.031954 -0.001866 0.7258 0.7163 0.7258
v -0.080396 0.031023 -0.000422 0.7054 0.7093 0.7054
v -0.080800 0.030092 0.001023 0.7047 0.7043 0.7047
v -0.081203 0.029161 0.002468 0.7013 0.6937 0.7013
v -0.081606 0.028230 0.003912 0.7048 0.6932 0.7048
v -0.082009 0.027299 0.005357 0.7054 0.6937 0.7054
v -0.074996 0.039057 -0.018041 0.7337 0.7255 0.7286
v -0.075594 0.038308 -0.016143 0.7388 0.7330 0.7376
v -0.076193 0.037560 -0.014245 0.7482 0.7482 0.7482
v -0.076792 0.036811 -0.012347 0.7480 0.7401 0.7286
v -0.077391 0.036062 -0.010449 0.7409 0.7225 0.7186
v -0.077989 0.035313 -0.008551 0.7290 0.7176 0.7201
v -0.078588 0.034564 -0.006653 0.7381 0.7273 0.7215
v -0.078182 0.037811 -0.035203 0.7100 0.7063 0.7074
v -0.077641 0.038096 -0.033022 0.9164 0.9001 0.8842
v -0.077100 0.038381 -0.030841 0.9133 0.8987 0.8821
v -0.076560 0.038666 -0.028661 0.8045 0.7898 0.7694
v -0.076019 0.038951 -0.026480 0.7503 0.7266 0.7191
v -0.075478 0.039236 -0.024300 0.7519 0.7495 0.7476
v -0.074938 0.039521 -0.022119 0.7247 0.7179 0.7155
v -0.075982 0.038484 -0.018937 0.7297 0.7162 0.7174
v -0.077567 0.037162 -0.017935 0.7261 0.7163 0.7194
v -0.079153 0.035841 -0.016934 0.7636 0.7496 0.7439
v -0.080738 0.034519 -0.015932 0.7494 0.7349 0.7451
v -0.082323 0.033197 -0.014931 0.7820 0.7666 0.7514
v -0.083909 0.031875 -0.013929 0.8270 0.8134 0.7939
v -0.085494 0.030553 -0.012928 0.9064 0.9036 0.8802
v -0.086093 0.029805 -0.011030 0.9038 0.8938 0.8726
v -0.085106 0.030378 -0.010134 0.8108 0.7898 0.7908
v -0.084119 0.030951 -0.009237 0.7829 0.7688 0.7649
v -0.083133 0.031524 -0.008341 0.7289 0.7263 0.7222
v -0.082146 0.032097 -0.007445 0.7526 0.7440 0.7302
v -0.081160 0.032670 -0.006548 0.7361 0.7235 0.7215
v -0.080173 0.033243 -0.005652 0.7409 0.7219 0.7172
v -0.080516 0.032390 -0.004244 0.7218 0.7092 0.7131
v -0.081845 0.030963 -0.003733 0.7354 0.7280 0.7279
v -0.083174 0.029537 -0.003222 0.7482 0.7353 0.7411
v -0.084503 0.028111 -0.002710 0.7457 0.7359 0.7338
v -0.085832 0.026685 -0.002199 0.8145 0.7911 0.7794
v -0.087161 0.025259 -0.001688 0.8350 0.8186 0.8110
v -0.088490 0.023833 -0.001176 0.9255 0.9197 0.9109
v -0.088893 0.022902 0.000268 0.9134 0.9144 0.8945
v -0.087968 0.023397 0.001202 0.8353 0.8240 0.8046
v -0.087042 0.023892 0.002135 0.7986 0.7861 0.7770
v -0.086116 0.024387 0.003068 0.7601 0.7483 0.7440
v -0.085190 0.024882 0.004001 0.7445 0.7351 0.7265
v -0.084264 0.025378 0.004935 0.7484 0.7333 0.7314
v -0.083338 0.025873 0.005868 0.7161 0.7091 0.7161
v -0.083598 0.024760 0.007188 0.7050 0.7019 0.7050
v -0.084783 0.023151 0.007576 0.7406 0.7318 0.7310
v -0.085968 0.021543 0.007963 0.7432 0.7340 0.7325
v -0.087153 0.019935 0.008350 0.7696 0.7618 0.7467
v -0.088338 0.018326 0.008737 0.8082 0.7965 0.7770
v -0.089524 0.016718 0.009125 0.8540 0.8396 0.8231
v -0.090709 0.015110 0.009512 0.9314 0.9344 0.9183
v -0.091105 0.013897 0.010820 0.9314 0.9293 0.9107
v -0.090316 0.014292 0.011741 0.8947 0.8837 0.8665
v -0.089526 0.014687 0.012661 0.8340 0.8106 0.8028
v -0.088737 0.015082 0.013582 0.8029 0.7762 0.7722
v -0.087948 0.015477 0.014503 0.7804 0.7648 0.7607
v -0.087159 0.015872 0.015424 0.7687 0.7580 0.7555
v -0.086369 0.016267 0.016344 0.7479 0.7446 0.7463
v -0.086695 0.014673 0.017952 0.7696 0.7574 0.7647
v -0.087810 0.012685 0.018638 0.7906 0.7788 0.7787
v -0.088925 0.010697 0.019324 0.8257 0.8150 0.7966
v -0.090039 0.008709 0.020011 0.8282 0.8146 0.7970
v -0.091154 0.006720 0.020697 0.8875 0.8696 0.8534
v -0.092269 0.004732 0.021384 0.9417 0.9261 0.9066
v -0.093384 0.002744 0.022070 0.9416 0.9260 0.9067
v -0.093949 0.001020 0.023464 0.9430 0.9274 0.9079
v -0.093399 0.001284 0.024171 0.9231 0.9082 0.8928
v -0.092849 0.001548 0.024879 0.9406 0.9248 0.9124
v -0.092299 0.001812 0.025586 0.8824 0.8649 0.8502
v -0.091749 0.002076 0.026294 0.8614 0.8396 0.8302
v -0.091199 0.002341 0.027001 0.8650 0.8384 0.8336
v -0.090649 0.002605 0.027709 0.8677 0.8493 0.8363
v -0.091057 0.000791 0.029119 0.8985 0.8829 0.8637
v -0.092015 -0.001286 0.029822 0.9078 0.8922 0.8736
v -0.092973 -0.003364 0.030525 0.8957 0.8786 0.8621
v -0.093931 -0.005442 0.031228 0.8686 0.8564 0.8375
v -0.094889 -0.007519 0.031931 0.9314 0.9158 0.9003
v -0.095846 -0.009597 0.032634 0.9314 0.9330 0.9159
v -0.096804 -0.011675 0.033337 0.9312 0.9277 0.9117
v -0.097482 -0.013637 0.034451 0.9379 0.9320 0.9142
v -0.097203 -0.013523 0.034862 0.9385 0.9231 0.9051
v -0.096923 -0.013408 0.035273 0.9333 0.9204 0.9033
v -0.096644 -0.013293 0.035684 0.9359 0.9247 0.9096
v -0.096364 -0.013178 0.036095 0.9361 0.9279 0.9157
v -0.096085 -0.013064 0.036506 0.9219 0.9187 0.9098
v -0.095806 -0.012949 0.036917 0.9365 0.9275 0.9162
v -0.089151 -0.018697 0.038348 0.9008 0.8931 0.8895
v -0.091215 -0.020912 0.039368 0.9191 0.9056 0.8879
v -0.093279 -0.023127 0.040388 0.9001 0.8846 0.8651
v -0.095343 -0.025342 0.041408 0.9218 0.9064 0.8899
v -0.097407 -0.027558 0.042428 0.9115 0.8981 0.8826
v -0.099471 -0.029773 0.043448 0.9192 0.9036 0.8849
v -0.101536 -0.031988 0.044468 0.9427 0.9271 0.9115
v -0.102031 -0.031542 0.044878 0.9618 0.9462 0.9306
v -0.100462 -0.028882 0.044268 0.9401 0.9320 0.9135
v -0.098893 -0.026221 0.043658 0.9429 0.9312 0.9194
v -0.097325 -0.023561 0.043048 0.9430 0.9314 0.9197
v -0.095756 -0.020900 0.042438 0.9462 0.9339 0.9211
v -0.094187 -0.018239 0.041828 0.9432 0.9382 0.9299
v -0.092618 -0.015579 0.041218 0.9432 0.9315 0.9198
v -0.102591 -0.031532 0.044468 0.9025 0.8884 0.8714
v -0.101581 -0.028861 0.043448 0.9165 0.9311 0.9137
v -0.100572 -0.026189 0.042428 0.9415 0.9338 0.9299
v -0.099563 -0.023518 0.041408 0.9422 0.9345 0.9195
v -0.098554 -0.020847 0.040388 0.9409 0.9308 0.9180
v -0.097545 -0.018176 0.039368 0.9430 0.9313 0.9196
v -0.096535 -0.015505 0.038348 0.9431 0.9314 0.9197
v -0.058590 -0.000089 0.011296 0.6705 0.6627 0.6803
v -0.059061 0.000862 0.012199 0.6936 0.6794 0.6810
v -0.059531 0.001812 0.013102 0.6641 0.6553 0.6559
v -0.060002 0.002763 0.014005 0.7075 0.7032 0.7019
v -0.060472 0.003713 0.014908 0.6817 0.6760 0.6875
v -0.060943 0.004664 0.015812 0.6924 0.6837 0.6953
v -0.061414 0.005614 0.016715 0.6549 0.6502 0.6705
v -0.063007 0.004519 0.018309 0.6314 0.6334 0.6547
v -0.064130 0.002473 0.019001 0.7072 0.6937 0.6902
v -0.065253 0.000427 0.019692 0.7035 0.6918 0.7039
v -0.066376 -0.001618 0.020384 0.7044 0.7005 0.7014
v -0.067500 -0.003664 0.021075 0.7462 0.7334 0.7430
v -0.068623 -0.005710 0.021767 0.7468 0.7346 0.7462
v -0.069746 -0.007756 0.022458 0.7423 0.7280 0.7214
v -0.051059 0.007337 0.000769 0.7229 0.7005 0.7002
v -0.051540 0.008434 0.001686 0.6372 0.6334 0.6480
v -0.052020 0.009530 0.002604 0.6499 0.6436 0.6570
v -0.052500 0.010627 0.003521 0.6203 0.6142 0.6371
v -0.052980 0.011724 0.004438 0.6139 0.6193 0.6356
v -0.053460 0.012821 0.005355 0.6503 0.6522 0.6638
v -0.053940 0.013918 0.006273 0.6125 0.6247 0.6378
v -0.054883 0.013009 0.007590 0.6710 0.6639 0.6756
v -0.055345 0.011002 0.007991 0.6498 0.6545 0.6558
v -0.055808 0.008995 0.008391 0.6352 0.6410 0.6477
v -0.056270 0.006988 0.008791 0.6585 0.6624 0.6624
v -0.056733 0.004981 0.009192 0.6526 0.6480 0.6546
v -0.057195 0.002975 0.009592 0.7013 0.7002 0.7013
v -0.057657 0.000968 0.009992 0.7226 0.7197 0.7226
v -0.045399 0.025684 -0.035201 0.4360 0.4594 0.4905
v -0.045808 0.026337 -0.033021 0.4582 0.4794 0.5058
v -0.046216 0.026989 -0.030840 0.4612 0.4775 0.5023
v -0.046624 0.027642 -0.028660 0.4651 0.4723 0.4935
v -0.047033 0.028295 -0.026479 0.5347 0.5396 0.5622
v -0.047441 0.028947 -0.024298 0.5118 0.5187 0.5492
v -0.047849 0.029600 -0.022118 0.5589 0.5599 0.5832
v -0.047989 0.028138 -0.018936 0.5431 0.5602 0.5945
v -0.047721 0.026024 -0.017934 0.5880 0.5978 0.6096
v -0.047453 0.023910 -0.016933 0.5554 0.5649 0.5822
v -0.047185 0.021796 -0.015931 0.5344 0.5654 0.5772
v -0.046916 0.019682 -0.014929 0.5431 0.5586 0.5781
v -0.046648 0.017569 -0.013928 0.5460 0.5532 0.5860
v -0.046380 0.015455 -0.012926 0.5826 0.5802 0.6028
v -0.046569 0.014513 -0.011028 0.6430 0.6469 0.6430
v -0.047027 0.015685 -0.010132 0.5661 0.5707 0.5825
v -0.047485 0.016858 -0.009236 0.5448 0.5580 0.5829
v -0.047942 0.018030 -0.008339 0.5421 0.5523 0.5815
v -0.048400 0.019203 -0.007443 0.5712 0.5775 0.5980
v -0.048858 0.020375 -0.006547 0.6176 0.6152 0.6291
v -0.049316 0.021548 -0.005650 0.5992 0.6074 0.6212
v -0.057348 0.041319 -0.024735 0.5814 0.5961 0.6160
v -0.055583 0.038993 -0.026542 0.5369 0.5401 0.5603
v -0.053817 0.036666 -0.028348 0.4655 0.4810 0.5087
v -0.052052 0.034339 -0.030155 0.4509 0.4771 0.5043
v -0.050287 0.032012 -0.031962 0.4715 0.4939 0.5203
v -0.048522 0.029685 -0.033768 0.4968 0.5178 0.5381
v -0.046757 0.027359 -0.035575 0.4004 0.4208 0.4644
v -0.059787 0.038945 -0.036851 0.6626 0.6549 0.6702
v -0.059691 0.039617 -0.034862 0.6641 0.6680 0.6755
v -0.059595 0.040288 -0.032873 0.7135 0.7133 0.7174
v -0.059498 0.040960 -0.030884 0.6728 0.6738 0.6907
v -0.059402 0.041631 -0.028895 0.8660 0.8529 0.8356
v -0.059306 0.042303 -0.026906 0.8157 0.8033 0.7976
v -0.059209 0.042975 -0.024917 0.8492 0.8344 0.8279
v -0.049874 0.020660 -0.004178 0.5572 0.5762 0.6048
v -0.049975 0.018600 -0.003603 0.5806 0.5840 0.6074
v -0.050076 0.016540 -0.003027 0.6087 0.6088 0.6321
v -0.050176 0.014480 -0.002451 0.6111 0.6135 0.6356
v -0.050277 0.012420 -0.001875 0.6408 0.6332 0.6451
v -0.050378 0.010360 -0.001300 0.6257 0.6261 0.6285
v -0.050478 0.008300 -0.000724 0.6258 0.6171 0.6395
v -0.071228 -0.009120 0.023840 0.8344 0.8239 0.8057
v -0.071587 -0.008438 0.024530 0.7901 0.7769 0.7668
v -0.071946 -0.007757 0.025221 0.7496 0.7356 0.7381
v -0.072306 -0.007076 0.025911 0.7592 0.7469 0.7459
v -0.072665 -0.006394 0.026602 0.7481 0.7326 0.7366
v -0.073024 -0.005713 0.027292 0.7429 0.7184 0.7143
v -0.073383 -0.005031 0.027983 0.7604 0.7514 0.7487
v -0.075187 -0.006206 0.029344 0.7566 0.7400 0.7397
v -0.076631 -0.008062 0.030015 0.7638 0.7490 0.7486
v -0.078075 -0.009919 0.030686 0.7911 0.7821 0.7758
v -0.079519 -0.011775 0.031357 0.8259 0.8201 0.8074
v -0.080964 -0.013631 0.032028 0.7688 0.7477 0.7455
v -0.082408 -0.015487 0.032698 0.8078 0.7910 0.7766
v -0.083852 -0.017344 0.033369 0.7834 0.7791 0.7633
v -0.085520 -0.018860 0.034451 0.8808 0.8682 0.8496
v -0.085744 -0.018520 0.034862 0.9111 0.8970 0.8799
v -0.085968 -0.018181 0.035273 0.8601 0.8450 0.8289
v -0.086191 -0.017841 0.035684 0.8675 0.8539 0.8363
v -0.086415 -0.017501 0.036095 0.8893 0.8775 0.8581
v -0.086639 -0.017162 0.036506 0.8933 0.8811 0.8621
v -0.086863 -0.016822 0.036917 0.8922 0.8801 0.8610
v -0.072583 0.039614 -0.022301 0.7307 0.7162 0.7113
v -0.070769 0.039423 -0.024664 0.6849 0.6752 0.6820
v -0.068954 0.039231 -0.027026 0.6927 0.6806 0.6913
v -0.067140 0.039040 -0.029389 0.6371 0.6274 0.6430
v -0.065326 0.038848 -0.031752 0.6157 0.6199 0.6398
v -0.063512 0.038656 -0.034114 0.7383 0.7232 0.7300
v -0.061698 0.038465 -0.036477 0.6631 0.6625 0.6688
v -0.076065 0.014169 -0.026188 0.0621 0.0543 0.0933
v -0.075673 0.013270 -0.031860 0.0533 0.0591 0.0932
v -0.075280 0.012372 -0.037532 0.0621 0.0621 0.0932
v -0.074888 0.011473 -0.043204 0.0619 0.0619 0.0932
v -0.074495 0.010574 -0.048876 0.0621 0.0621 0.0932
v -0.074103 0.009676 -0.054548 0.0621 0.0621 0.0932
v -0.073710 0.008777 -0.060220 0.0621 0.0621 0.0932
v -0.076458 0.015068 -0.026188 0.0564 0.0562 0.0933
v -0.076457 0.015068 -0.031860 0.0518 0.0567 0.0932
v -0.076457 0.015068 -0.037532 0.0621 0.0606 0.0932
v -0.076457 0.015068 -0.043204 0.0551 0.0547 0.0932
v -0.076457 0.015068 -0.048876 0.0621 0.0621 0.0932
v -0.076456 0.015068 -0.054548 0.0621 0.0621 0.0932
v -0.076456 0.015068 -0.060220 0.0621 0.0621 0.0894
v -0.076066 0.014169 -0.020516 0.0621 0.0543 0.0933
v -0.075673 0.013270 -0.020516 0.0621 0.0620 0.0933
v -0.075281 0.012372 -0.020516 0.0621 0.0621 0.0933
v -0.074889 0.011473 -0.020516 0.0621 0.0621 0.0933
v -0.074496 0.010574 -0.020516 0.0621 0.0621 0.0933
v -0.074104 0.009676 -0.020516 0.0621 0.0621 0.0933
v -0.073712 0.008777 -0.020516 0.0621 0.0621 0.0933
v -0.073318 0.007878 -0.060220 0.0621 0.0621 0.0932
v -0.073318 0.007878 -0.054548 0.0621 0.0621 0.0932
v -0.073318 0.007878 -0.048876 0.0621 0.0621 0.0932
v -0.073319 0.007878 -0.043204 0.0617 0.0619 0.0932
v -0.073319 0.007878 -0.037532 0.0504 0.0567 0.0932
v -0.073319 0.007878 -0.031860 0.0504 0.0572 0.0932
v -0.073319 0.007878 -0.026188 0.0621 0.0577 0.0933
v -0.072535 0.007429 -0.026188 0.0621 0.0543 0.0855
v -0.071750 0.006980 -0.031860 0.0621 0.0543 0.0874
v -0.070965 0.006530 -0.037532 0.0566 0.0561 0.0862
v -0.070180 0.006081 -0.043204 0.0617 0.0582 0.0855
v -0.069396 0.005632 -0.048876 0.0621 0.0579 0.0850
v -0.068611 0.005182 -0.054548 0.0504 0.0543 0.0855
v -0.067826 0.004733 -0.060220 0.0621 0.0543 0.0855
v -0.072535 0.007429 -0.020516 0.0621 0.0543 0.0855
v -0.071751 0.006980 -0.020516 0.0621 0.0543 0.0855
v -0.070966 0.006530 -0.020516 0.0621 0.0568 0.0914
v -0.070181 0.006081 -0.020516 0.0621 0.0559 0.0933
v -0.069397 0.005632 -0.020516 0.0621 0.0562 0.0933
v -0.068613 0.005182 -0.020516 0.0621 0.0621 0.0933
v -0.067828 0.004733 -0.020516 0.0621 0.0621 0.0932
v -0.066259 0.004733 -0.020516 0.0621 0.0576 0.0932
v -0.065474 0.005182 -0.020516 0.0621 0.0619 0.0932
v -0.064690 0.005632 -0.020515 0.0621 0.0621 0.0932
v -0.063905 0.006081 -0.020515 0.0621 0.0599 0.0932
v -0.063121 0.006530 -0.020515 0.0621 0.0577 0.0932
v -0.062336 0.006980 -0.020515 0.0620 0.0543 0.0932
v -0.061552 0.007429 -0.020515 0.0504 0.0543 0.0854
v -0.067042 0.004284 -0.060220 0.0621 0.0543 0.0855
v -0.067042 0.004284 -0.054548 0.0621 0.0582 0.0855
v -0.067042 0.004284 -0.048876 0.0621 0.0582 0.0855
v -0.067042 0.004284 -0.043204 0.0621 0.0618 0.0927
v -0.067043 0.004284 -0.037532 0.0621 0.0582 0.0884
v -0.067043 0.004284 -0.031860 0.0621 0.0581 0.0932
v -0.067043 0.004284 -0.026188 0.0621 0.0548 0.0932
v -0.060767 0.007878 -0.026187 0.0483 0.0552 0.0795
v -0.060767 0.007878 -0.031859 0.0494 0.0572 0.0835
v -0.060766 0.007878 -0.037531 0.0519 0.0582 0.0855
v -0.060766 0.007878 -0.043203 0.0504 0.0582 0.0855
v -0.060766 0.007878 -0.048875 0.0504 0.0582 0.0855
v -0.060766 0.007878 -0.054547 0.0504 0.0543 0.0855
v -0.060765 0.007878 -0.060219 0.0504 0.0543 0.0855
v -0.060375 0.008777 -0.020515 0.0537 0.0579 0.0932
v -0.059983 0.009676 -0.020515 0.0467 0.0544 0.0932
v -0.059590 0.010574 -0.020515 0.0535 0.0564 0.0932
v -0.059198 0.011473 -0.020515 0.0504 0.0543 0.0932
v -0.058806 0.012372 -0.020515 0.0495 0.0543 0.0898
v -0.058413 0.013270 -0.020515 0.0465 0.0543 0.0777
v -0.058021 0.014169 -0.020515 0.0621 0.0621 0.0932
v -0.066257 0.004733 -0.060220 0.0621 0.0543 0.0855
v -0.065473 0.005182 -0.054548 0.0621 0.0547 0.0785
v -0.064689 0.005632 -0.048875 0.0621 0.0543 0.0932
v -0.063904 0.006081 -0.043203 0.0562 0.0545 0.0893
v -0.063120 0.006530 -0.037531 0.0548 0.0543 0.0855
v -0.062336 0.006980 -0.031859 0.0618 0.0544 0.0855
v -0.061551 0.007429 -0.026187 0.0583 0.0602 0.0895
v -0.060373 0.008777 -0.060219 0.0504 0.0582 0.0933
v -0.059981 0.009676 -0.054547 0.0504 0.0543 0.0933
v -0.059589 0.010574 -0.048875 0.0593 0.0602 0.0933
v -0.059197 0.011473 -0.043203 0.0508 0.0543 0.0933
v -0.058805 0.012372 -0.037531 0.0593 0.0552 0.0892
v -0.058413 0.013270 -0.031859 0.0477 0.0554 0.0799
v -0.058021 0.014169 -0.026187 0.0621 0.0621 0.0932
v -0.057629 0.015068 -0.026187 0.0621 0.0621 0.0932
v -0.057628 0.015067 -0.031859 0.0621 0.0621 0.0932
v -0.057628 0.015068 -0.037531 0.0621 0.0596 0.0932
v -0.057628 0.015067 -0.043203 0.0621 0.0618 0.0930
v -0.057628 0.015068 -0.048875 0.0504 0.0582 0.0932
v -0.057627 0.015067 -0.054547 0.0621 0.0571 0.0932
v -0.057627 0.015068 -0.060219 0.0504 0.0582 0.0932
v -0.058021 0.015966 -0.026187 0.0621 0.0543 0.0932
v -0.058413 0.016865 -0.031859 0.0621 0.0601 0.0932
v -0.058805 0.017763 -0.037531 0.0621 0.0613 0.0932
v -0.059197 0.018662 -0.043203 0.0621 0.0580 0.0891
v -0.059589 0.019561 -0.048875 0.0621 0.0543 0.0855
v -0.059981 0.020459 -0.054547 0.0621 0.0543 0.0932
v -0.060373 0.021358 -0.060219 0.0504 0.0543 0.0855
v -0.058021 0.015966 -0.020515 0.0621 0.0575 0.0932
v -0.058413 0.016865 -0.020515 0.0621 0.0543 0.0932
v -0.058806 0.017763 -0.020515 0.0621 0.0543 0.0932
v -0.059198 0.018662 -0.020515 0.0621 0.0604 0.0933
v -0.059590 0.019561 -0.020515 0.0621 0.0621 0.0933
v -0.059983 0.020459 -0.020515 0.0621 0.0620 0.0933
v -0.060375 0.021358 -0.020515 0.0621 0.0554 0.0933
v -0.060765 0.022257 -0.060219 0.0504 0.0543 0.0855
v -0.060766 0.022257 -0.054547 0.0621 0.0543 0.0932
v -0.060766 0.022257 -0.048875 0.0504 0.0582 0.0855
v -0.060766 0.022257 -0.043203 0.0621 0.0582 0.0855
v -0.060766 0.022257 -0.037531 0.0621 0.0567 0.0825
v -0.060767 0.022257 -0.031859 0.0533 0.0582 0.0855
v -0.060767 0.022257 -0.026187 0.0504 0.0582 0.0855
v -0.061551 0.022706 -0.026187 0.0621 0.0582 0.0855
v -0.062336 0.023155 -0.031859 0.0621 0.0591 0.0874
v -0.063120 0.023605 -0.037531 0.0621 0.0599 0.0933
v -0.063904 0.024054 -0.043203 0.0621 0.0545 0.0933
v -0.064689 0.024503 -0.048875 0.0621 0.0587 0.0933
v -0.065473 0.024953 -0.054548 0.0621 0.0544 0.0932
v -0.066257 0.025402 -0.060220 0.0621 0.0550 0.0932
v -0.061552 0.022706 -0.020515 0.0621 0.0555 0.0933
v -0.062336 0.023155 -0.020515 0.0621 0.0543 0.0933
v -0.063121 0.023605 -0.020515 0.0621 0.0576 0.0933
v -0.063905 0.024054 -0.020515 0.0621 0.0543 0.0933
v -0.064690 0.024503 -0.020515 0.0621 0.0576 0.0933
v -0.065474 0.024953 -0.020516 0.0621 0.0585 0.0933
v -0.066259 0.025402 -0.020516 0.0621 0.0600 0.0933
v -0.067828 0.025402 -0.020516 0.0621 0.0553 0.0933
v -0.068613 0.024953 -0.020516 0.0621 0.0576 0.0933
v -0.069397 0.024503 -0.020516 0.0621 0.0579 0.0933
v -0.070181 0.024054 -0.020516 0.0621 0.0565 0.0933
v -0.070966 0.023605 -0.020516 0.0621 0.0543 0.0933
v -0.071751 0.023155 -0.020516 0.0621 0.0585 0.0933
v -0.072535 0.022706 -0.020516 0.0621 0.0621 0.0933
v -0.067042 0.025851 -0.060220 0.0621 0.0543 0.0932
v -0.067042 0.025851 -0.054548 0.0621 0.0581 0.0932
v -0.067042 0.025851 -0.048876 0.0621 0.0567 0.0932
v -0.067042 0.025851 -0.043204 0.0621 0.0580 0.0932
v -0.067043 0.025851 -0.037532 0.0621 0.0606 0.0904
v -0.067043 0.025851 -0.031860 0.0621 0.0553 0.0914
v -0.067043 0.025851 -0.026188 0.0621 0.0582 0.0855
v -0.073319 0.022257 -0.026188 0.0621 0.0621 0.0933
v -0.073319 0.022257 -0.031860 0.0621 0.0582 0.0932
v -0.073319 0.022257 -0.037532 0.0621 0.0581 0.0932
v -0.073319 0.022257 -0.043204 0.0621 0.0618 0.0932
v -0.073318 0.022257 -0.048876 0.0621 0.0557 0.0932
v -0.073318 0.022257 -0.054548 0.0621 0.0582 0.0932
v -0.073318 0.022257 -0.060220 0.0621 0.0578 0.0932
v -0.067826 0.025402 -0.060220 0.0621 0.0545 0.0932
v -0.068611 0.024953 -0.054548 0.0621 0.0564 0.0932
v -0.069396 0.024503 -0.048876 0.0621 0.0550 0.0932
v -0.070180 0.024054 -0.043204 0.0621 0.0580 0.0932
v -0.070965 0.023605 -0.037532 0.0621 0.0550 0.0932
v -0.071750 0.023155 -0.031860 0.0621 0.0620 0.0932
v -0.072535 0.022706 -0.026188 0.0621 0.0604 0.0933
v -0.067826 0.025402 -0.065892 0.0621 0.0555 0.0932
v -0.068610 0.024953 -0.065892 0.0621 0.0577 0.0932
v -0.069395 0.024503 -0.065892 0.0621 0.0579 0.0932
v -0.070179 0.024054 -0.065892 0.0621 0.0598 0.0932
v -0.070964 0.023605 -0.065892 0.0621 0.0552 0.0932
v -0.071748 0.023155 -0.065892 0.0621 0.0544 0.0932
v -0.072533 0.022706 -0.065892 0.0621 0.0621 0.0932
v -0.061550 0.022706 -0.065891 0.0621 0.0576 0.0844
v -0.062334 0.023155 -0.065891 0.0621 0.0618 0.0926
v -0.063119 0.023605 -0.065891 0.0621 0.0543 0.0895
v -0.063903 0.024054 -0.065891 0.0621 0.0559 0.0932
v -0.064688 0.024503 -0.065892 0.0621 0.0576 0.0932
v -0.065472 0.024953 -0.065892 0.0621 0.0543 0.0932
v -0.066257 0.025402 -0.065892 0.0621 0.0554 0.0932
v -0.058019 0.015966 -0.065891 0.0504 0.0582 0.0932
v -0.058411 0.016865 -0.065891 0.0618 0.0619 0.0931
v -0.058804 0.017763 -0.065891 0.0621 0.0579 0.0849
v -0.059196 0.018662 -0.065891 0.0621 0.0560 0.0849
v -0.059588 0.019561 -0.065891 0.0621 0.0543 0.0854
v -0.059981 0.020459 -0.065891 0.0621 0.0543 0.0854
v -0.060373 0.021358 -0.065891 0.0621 0.0582 0.0854
v -0.060373 0.008777 -0.065891 0.0513 0.0567 0.0933
v -0.059981 0.009676 -0.065891 0.0617 0.0619 0.0933
v -0.059588 0.010574 -0.065891 0.0601 0.0550 0.0872
v -0.059196 0.011473 -0.065891 0.0621 0.0543 0.0855
v -0.058804 0.012372 -0.065891 0.0589 0.0553 0.0855
v -0.058411 0.013270 -0.065891 0.0504 0.0582 0.0855
v -0.058019 0.014169 -0.065891 0.0504 0.0582 0.0855
v -0.066257 0.004733 -0.065892 0.0621 0.0582 0.0855
v -0.065472 0.005182 -0.065892 0.0621 0.0577 0.0845
v -0.064688 0.005632 -0.065892 0.0621 0.0613 0.0918
v -0.063903 0.006081 -0.065891 0.0621 0.0564 0.0900
v -0.063119 0.006530 -0.065891 0.0621 0.0543 0.0933
v -0.062334 0.006980 -0.065891 0.0621 0.0544 0.0933
v -0.061550 0.007429 -0.065891 0.0621 0.0621 0.0933
v -0.072533 0.007429 -0.065892 0.0504 0.0543 0.0932
v -0.071748 0.006980 -0.065892 0.0504 0.0543 0.0932
v -0.070964 0.006530 -0.065892 0.0504 0.0543 0.0932
v -0.070179 0.006081 -0.065892 0.0504 0.0543 0.0932
v -0.069395 0.005632 -0.065892 0.0532 0.0561 0.0932
v -0.068610 0.005182 -0.065892 0.0621 0.0621 0.0932
v -0.067826 0.004733 -0.065892 0.0621 0.0621 0.0932
v -0.076064 0.014169 -0.065892 0.0621 0.0621 0.0932
v -0.075671 0.013270 -0.065892 0.0621 0.0621 0.0932
v -0.075279 0.012372 -0.065892 0.0621 0.0621 0.0932
v -0.074887 0.011473 -0.065892 0.0621 0.0583 0.0932
v -0.074494 0.010574 -0.065892 0.0621 0.0543 0.0932
v -0.074102 0.009676 -0.065892 0.0621 0.0576 0.0932
v -0.073710 0.008777 -0.065892 0.0621 0.0621 0.0932
v -0.073712 0.021358 -0.026188 0.0621 0.0613 0.0933
v -0.074104 0.020459 -0.031860 0.0621 0.0621 0.0933
v -0.074496 0.019561 -0.037532 0.0621 0.0621 0.0933
v -0.074888 0.018662 -0.043204 0.0621 0.0621 0.0933
v -0.075280 0.017763 -0.048876 0.0639 0.0627 0.0951
v -0.075672 0.016865 -0.054548 0.0621 0.0621 0.0932
v -0.076064 0.015966 -0.060220 0.0621 0.0582 0.0855
v -0.073712 0.021358 -0.020516 0.0621 0.0621 0.0933
v -0.074104 0.020459 -0.020516 0.0621 0.0621 0.0933
v -0.074496 0.019561 -0.020516 0.0621 0.0621 0.0933
v -0.074889 0.018662 -0.020516 0.0621 0.0621 0.0933
v -0.075281 0.017763 -0.020516 0.0621 0.0587 0.0933
v -0.075673 0.016865 -0.020516 0.0621 0.0621 0.0933
v -0.076066 0.015966 -0.020516 0.0621 0.0621 0.0933
v -0.073710 0.021358 -0.065892 0.0621 0.0596 0.0932
v -0.074102 0.020459 -0.065892 0.0621 0.0621 0.0932
v -0.074494 0.019561 -0.065892 0.0621 0.0621 0.0932
v -0.074887 0.018662 -0.065892 0.0621 0.0621 0.0932
v -0.075279 0.017763 -0.065892 0.0621 0.0621 0.0932
v -0.075671 0.016865 -0.065892 0.0621 0.0621 0.0932
v -0.076064 0.015966 -0.065892 0.0621 0.0621 0.0932
v -0.049775 0.012691 -0.027342 0.3514 0.3756 0.4137
v -0.047379 0.013116 -0.017259 0.5094 0.5228 0.5532
v -0.048754 0.011493 -0.019426 0.4115 0.4304 0.4712
v -0.050120 0.009884 -0.021585 0.3895 0.4064 0.4463
v -0.051503 0.008233 -0.023715 0.4188 0.4309 0.4645
v -0.047166 0.014533 -0.019985 0.4281 0.4482 0.4837
v -0.048427 0.012930 -0.021672 0.4712 0.4913 0.5178
v -0.049654 0.011383 -0.023344 0.3855 0.4089 0.4479
v -0.050895 0.009801 -0.024991 0.4474 0.4705 0.5098
v -0.046959 0.015937 -0.022699 0.4345 0.4640 0.4995
v -0.048124 0.014313 -0.023883 0.3224 0.3479 0.3865
v -0.049228 0.012788 -0.025041 0.3432 0.3549 0.4056
v -0.050325 0.011271 -0.026187 0.3827 0.4012 0.4382
v -0.055299 0.004195 -0.030860 0.2900 0.3141 0.3527
v -0.053891 0.006958 -0.031534 0.2997 0.3153 0.3621
v -0.052490 0.009707 -0.032198 0.2948 0.3156 0.3605
v -0.051098 0.012457 -0.032912 0.2776 0.2936 0.3436
v -0.054026 0.005555 -0.028479 0.3157 0.3462 0.3937
v -0.052881 0.007914 -0.029320 0.3458 0.3658 0.4009
v -0.051753 0.010225 -0.030115 0.3039 0.3233 0.3682
v -0.050633 0.012539 -0.030954 0.2974 0.3201 0.3598
v -0.052757 0.006913 -0.026115 0.3546 0.3673 0.4199
v -0.051882 0.008873 -0.027171 0.3510 0.3673 0.4093
v -0.051035 0.010752 -0.028145 0.3611 0.3829 0.4099
v -0.050196 0.012616 -0.029117 0.3248 0.3422 0.3907
v -0.046646 0.020762 -0.033908 0.3005 0.3195 0.3630
v -0.046679 0.019622 -0.031067 0.3154 0.3396 0.3744
v -0.046714 0.018483 -0.028244 0.3123 0.3240 0.3746
v -0.046723 0.017384 -0.025399 0.4706 0.4794 0.5068
v -0.048132 0.017986 -0.033563 0.2823 0.2999 0.3476
v -0.048015 0.017230 -0.031035 0.3029 0.3269 0.3659
v -0.047917 0.016465 -0.028568 0.3644 0.3844 0.4295
v -0.047796 0.015734 -0.026083 0.3441 0.3707 0.4057
v -0.049608 0.015224 -0.033213 0.2784 0.3025 0.3433
v -0.049318 0.014887 -0.030973 0.3033 0.3306 0.3681
v -0.049060 0.014533 -0.028841 0.2867 0.3031 0.3503
v -0.048803 0.014186 -0.026723 0.3156 0.3411 0.3779
v -0.055730 0.001940 -0.021442 0.4257 0.4528 0.4880
v -0.049440 0.009396 -0.015217 0.4676 0.4830 0.5132
v -0.051244 0.007172 -0.015945 0.4144 0.4259 0.4633
v -0.053040 0.004958 -0.016674 0.3880 0.4114 0.4505
v -0.054831 0.002749 -0.017367 0.3755 0.4056 0.4403
v -0.050688 0.008003 -0.017510 0.4027 0.4227 0.4570
v -0.052193 0.006133 -0.017942 0.4136 0.4370 0.4760
v -0.053672 0.004297 -0.018386 0.4313 0.4562 0.4965
v -0.055147 0.002465 -0.018800 0.4089 0.4403 0.4751
v -0.051932 0.006612 -0.019790 0.3767 0.3923 0.4307
v -0.053136 0.005098 -0.019894 0.4102 0.4304 0.4630
v -0.054295 0.003642 -0.020021 0.4017 0.4306 0.4680
v -0.055444 0.002198 -0.020144 0.3925 0.4178 0.4569
v -0.060393 -0.004051 -0.020290 0.4286 0.4450 0.4810
v -0.059988 -0.003416 -0.021817 0.3965 0.4176 0.4546
v -0.059581 -0.002779 -0.023332 0.4083 0.4318 0.4622
v -0.059206 -0.002178 -0.024880 0.4017 0.4253 0.4571
v -0.058535 -0.001779 -0.019322 0.4397 0.4568 0.4900
v -0.058352 -0.001429 -0.020794 0.4084 0.4268 0.4654
v -0.058155 -0.001064 -0.022219 0.4269 0.4606 0.4918
v -0.057984 -0.000730 -0.023671 0.4132 0.4401 0.4756
v -0.056688 0.000480 -0.018363 0.4121 0.4388 0.4619
v -0.056754 0.000513 -0.019813 0.4271 0.4537 0.4851
v -0.056795 0.000573 -0.021179 0.4437 0.4704 0.5077
v -0.056837 0.000628 -0.022537 0.4042 0.4295 0.4666
v -0.057359 0.000476 -0.028818 0.3162 0.3353 0.3793
v -0.055959 0.002065 -0.026563 0.3858 0.4033 0.4502
v -0.054570 0.003642 -0.024319 0.3989 0.4223 0.4613
v -0.053155 0.005250 -0.022078 0.3765 0.4012 0.4428
v -0.057969 -0.000403 -0.027494 0.3676 0.3933 0.4323
v -0.056646 0.001117 -0.025590 0.3654 0.3830 0.4307
v -0.055364 0.002588 -0.023721 0.3828 0.4069 0.4459
v -0.054061 0.004086 -0.021854 0.4051 0.4324 0.4714
v -0.058571 -0.001272 -0.026173 0.3500 0.3734 0.4127
v -0.057301 0.000210 -0.024618 0.4131 0.4252 0.4588
v -0.056102 0.001606 -0.023126 0.3968 0.4206 0.4596
v -0.054910 0.002994 -0.021645 0.3755 0.4026 0.4413
v -0.053183 0.004120 -0.010584 0.4279 0.4481 0.4838
v -0.048558 0.010150 -0.011461 0.5118 0.5191 0.5508
v -0.048943 0.009495 -0.010076 0.5716 0.5721 0.5962
v -0.049331 0.008838 -0.008703 0.5832 0.5826 0.6053
v -0.049688 0.008217 -0.007298 0.5418 0.5481 0.5753
v -0.050417 0.007880 -0.012420 0.4355 0.4518 0.4835
v -0.050582 0.007511 -0.011077 0.4909 0.4987 0.5338
v -0.050763 0.007128 -0.009779 0.5800 0.5789 0.5975
v -0.050917 0.006776 -0.008454 0.5611 0.5587 0.5789
v -0.052265 0.005622 -0.013370 0.3923 0.4123 0.4476
v -0.052183 0.005572 -0.012038 0.4286 0.4637 0.4909
v -0.052128 0.005496 -0.010785 0.4568 0.4958 0.5220
v -0.052070 0.005425 -0.009538 0.4253 0.4424 0.4765
v -0.051480 0.005506 -0.003759 0.5301 0.5349 0.5644
v -0.052898 0.003936 -0.005880 0.4847 0.5015 0.5218
v -0.054306 0.002378 -0.007991 0.4024 0.4242 0.4601
v -0.055738 0.000788 -0.010100 0.4091 0.4275 0.4615
v -0.050888 0.006404 -0.004949 0.5629 0.5624 0.5936
v -0.052225 0.004899 -0.006746 0.4823 0.4895 0.5166
v -0.053522 0.003443 -0.008509 0.4436 0.4696 0.4928
v -0.054840 0.001960 -0.010271 0.3934 0.4142 0.4475
v -0.050304 0.007291 -0.006138 0.5510 0.5541 0.5876
v -0.051585 0.005821 -0.007612 0.4920 0.4985 0.5248
v -0.052795 0.004436 -0.009027 0.5014 0.5137 0.5416
v -0.053997 0.003059 -0.010430 0.4103 0.4328 0.4725
v -0.059511 -0.003297 -0.016534 0.4498 0.4804 0.5158
v -0.057708 -0.001072 -0.015797 0.4544 0.4661 0.4968
v -0.055913 0.001143 -0.015059 0.4147 0.4432 0.4701
v -0.054124 0.003354 -0.014355 0.4013 0.4247 0.4637
v -0.058244 -0.001924 -0.014384 0.4487 0.4743 0.5133
v -0.056742 -0.000051 -0.013930 0.4282 0.4474 0.4788
v -0.055265 0.001787 -0.013466 0.4045 0.4341 0.4669
v -0.053793 0.003623 -0.013029 0.4104 0.4338 0.4735
v -0.056980 -0.000554 -0.012245 0.4177 0.4338 0.4718
v -0.055782 0.000966 -0.012103 0.4166 0.4353 0.4742
v -0.054628 0.002427 -0.011942 0.4095 0.4358 0.4758
v -0.053483 0.003876 -0.011785 0.4230 0.4544 0.4855
v -0.060124 -0.003410 -0.007501 0.4091 0.4434 0.4652
v -0.053882 0.002901 -0.002692 0.5430 0.5663 0.5774
v -0.055641 0.001248 -0.002838 0.4351 0.4715 0.4934
v -0.057392 -0.000397 -0.002989 0.4144 0.4452 0.4711
v -0.059136 -0.002033 -0.003101 0.4109 0.4401 0.4765
v -0.055152 0.001492 -0.004879 0.4649 0.4931 0.5150
v -0.056614 0.000139 -0.004797 0.4071 0.4274 0.4732
v -0.058051 -0.001193 -0.004739 0.4169 0.4349 0.4709
v -0.059484 -0.002517 -0.004648 0.4303 0.4505 0.4812
v -0.056418 0.000087 -0.007053 0.4203 0.4527 0.4841
v -0.057580 -0.000959 -0.006706 0.4506 0.4629 0.4946
v -0.058700 -0.001969 -0.006403 0.4384 0.4566 0.4885
v -0.059810 -0.002971 -0.006099 0.4540 0.4758 0.4991
v -0.064579 -0.007228 -0.004344 0.5014 0.5269 0.5490
v -0.064235 -0.007109 -0.006282 0.5276 0.5509 0.5714
v -0.063889 -0.006987 -0.008207 0.5417 0.5525 0.5795
v -0.063573 -0.006896 -0.010157 0.5031 0.5177 0.5486
v -0.062761 -0.005494 -0.003938 0.4947 0.5025 0.5261
v -0.062629 -0.005557 -0.005726 0.5115 0.5250 0.5492
v -0.062482 -0.005600 -0.007463 0.4669 0.4919 0.5181
v -0.062360 -0.005670 -0.009223 0.4714 0.4954 0.5308
v -0.060954 -0.003771 -0.003539 0.4693 0.4887 0.5121
v -0.061062 -0.004043 -0.005204 0.4329 0.4604 0.4838
v -0.061141 -0.004281 -0.006781 0.4506 0.4778 0.5019
v -0.061223 -0.004520 -0.008347 0.4485 0.4699 0.4988
v -0.061913 -0.005902 -0.015467 0.4594 0.4922 0.5126
v -0.060497 -0.004368 -0.013383 0.4660 0.4915 0.5138
v -0.059093 -0.002845 -0.011307 0.4400 0.4634 0.4965
v -0.057664 -0.001301 -0.009245 0.4162 0.4327 0.4712
v -0.062460 -0.006227 -0.013686 0.3992 0.4231 0.4590
v -0.061130 -0.004812 -0.011981 0.4628 0.4890 0.5108
v -0.059840 -0.003436 -0.010301 0.4485 0.4757 0.4914
v -0.058529 -0.002042 -0.008632 0.4614 0.4774 0.5018
v -0.063001 -0.006546 -0.011911 0.4486 0.4698 0.5050
v -0.061732 -0.005227 -0.010593 0.4637 0.4780 0.5094
v -0.060533 -0.003979 -0.009319 0.4401 0.4601 0.4890
v -0.059341 -0.002738 -0.008056 0.4371 0.4625 0.4845
v -0.058545 -0.001349 0.002523 0.4349 0.4701 0.4925
v -0.064032 -0.006515 -0.000876 0.5061 0.5223 0.5470
v -0.062248 -0.004825 -0.000684 0.4650 0.4923 0.5063
v -0.060474 -0.003144 -0.000489 0.4352 0.4617 0.4878
v -0.058698 -0.001461 -0.000320 0.4271 0.4566 0.4800
v -0.063153 -0.005698 0.000581 0.4892 0.5036 0.5270
v -0.061630 -0.004254 0.000612 0.4462 0.4774 0.5103
v -0.060138 -0.002839 0.000657 0.4003 0.4354 0.4589
v -0.058644 -0.001422 0.000680 0.4124 0.4444 0.4703
v -0.062275 -0.004883 0.002030 0.4394 0.4716 0.5042
v -0.061010 -0.003680 0.001876 0.4159 0.4511 0.4781
v -0.059797 -0.002528 0.001748 0.4159 0.4492 0.4731
v -0.058594 -0.001385 0.001618 0.5139 0.5289 0.5503
v -0.053335 0.003614 0.000776 0.6252 0.6311 0.6409
v -0.054070 0.002902 0.001984 0.6751 0.6692 0.6661
v -0.054805 0.002191 0.003184 0.6726 0.6637 0.6773
v -0.055513 0.001505 0.004401 0.6184 0.6178 0.6399
v -0.055128 0.001917 0.000416 0.6165 0.6332 0.6492
v -0.055615 0.001442 0.001541 0.5914 0.5935 0.6202
v -0.056108 0.000961 0.002633 0.6010 0.6048 0.6261
v -0.056579 0.000501 0.003741 0.6637 0.6606 0.6757
v -0.056911 0.000230 0.000061 0.5348 0.5488 0.5734
v -0.057128 0.000012 0.001122 0.5130 0.5284 0.5572
v -0.057356 -0.000216 0.002125 0.5469 0.5595 0.5788
v -0.057579 -0.000440 0.003122 0.5886 0.5932 0.6049
v -0.058267 -0.001146 0.007670 0.6244 0.6301 0.6401
v -0.059316 -0.002125 0.006270 0.5633 0.5700 0.5947
v -0.060356 -0.003095 0.004876 0.5258 0.5369 0.5640
v -0.061422 -0.004091 0.003489 0.4279 0.4445 0.4778
v -0.057353 -0.000266 0.006573 0.6646 0.6584 0.6728
v -0.058388 -0.001235 0.005418 0.5739 0.5756 0.5990
v -0.059388 -0.002170 0.004281 0.5054 0.5199 0.5509
v -0.060410 -0.003127 0.003149 0.4727 0.4958 0.5225
v -0.056447 0.000606 0.005479 0.6050 0.6121 0.6307
v -0.057496 -0.000378 0.004573 0.6292 0.6267 0.6405
v -0.058481 -0.001303 0.003698 0.5398 0.5548 0.5697
v -0.059461 -0.002222 0.002831 0.4569 0.4812 0.5070
v -0.067011 -0.007645 0.007800 0.4263 0.4500 0.4860
v -0.061196 -0.003325 0.009496 0.6326 0.6404 0.6477
v -0.063150 -0.004577 0.010186 0.5284 0.5437 0.5615
v -0.065093 -0.005824 0.010868 0.4910 0.5153 0.5538
v -0.067039 -0.007067 0.011584 0.4804 0.5001 0.5245
v -0.062064 -0.004169 0.007983 0.5302 0.5447 0.5640
v -0.063741 -0.005216 0.008754 0.4373 0.4594 0.4941
v -0.065384 -0.006244 0.009489 0.4454 0.4691 0.5004
v -0.067029 -0.007270 0.010254 0.4695 0.4883 0.5142
v -0.062932 -0.005011 0.006481 0.4319 0.4526 0.4915
v -0.064338 -0.005851 0.007366 0.4415 0.4669 0.4929
v -0.065684 -0.006659 0.008187 0.4219 0.4456 0.4827
v -0.067020 -0.007461 0.009005 0.4524 0.4768 0.5048
v -0.072876 -0.010918 0.012955 0.5265 0.5326 0.5544
v -0.071982 -0.010617 0.010920 0.5251 0.5253 0.5640
v -0.071089 -0.010314 0.008897 0.5284 0.5314 0.5688
v -0.070224 -0.010032 0.006863 0.5539 0.5670 0.5857
v -0.070925 -0.009632 0.012488 0.5354 0.5472 0.5778
v -0.070310 -0.009486 0.010699 0.5226 0.5392 0.5685
v -0.069690 -0.009331 0.008951 0.5358 0.5493 0.5781
v -0.069094 -0.009193 0.007193 0.5335 0.5451 0.5646
v -0.068983 -0.008353 0.012020 0.4704 0.4938 0.5284
v -0.068671 -0.008381 0.010462 0.4911 0.5058 0.5359
v -0.068350 -0.008393 0.008977 0.4766 0.4992 0.5187
v -0.068035 -0.008406 0.007502 0.5144 0.5371 0.5469
v -0.066961 -0.008693 0.000950 0.5679 0.5776 0.6061
v -0.065902 -0.007742 0.002294 0.4855 0.4931 0.5202
v -0.064852 -0.006799 0.003635 0.4666 0.4938 0.5303
v -0.063771 -0.005838 0.004953 0.4186 0.4421 0.4739
v -0.068045 -0.009136 0.002929 0.5840 0.5880 0.6063
v -0.066983 -0.008235 0.003948 0.5053 0.5250 0.5427
v -0.065960 -0.007362 0.004961 0.4896 0.5163 0.5355
v -0.064911 -0.006473 0.005954 0.4358 0.4557 0.4868
v -0.069119 -0.009573 0.004899 0.5665 0.5739 0.5828
v -0.068026 -0.008704 0.005573 0.5316 0.5453 0.5600
v -0.067000 -0.007885 0.006237 0.5073 0.5342 0.5490
v -0.065979 -0.007070 0.006893 0.4456 0.4676 0.5002
v -0.068323 -0.007830 0.016408 0.6429 0.6500 0.6514
v -0.061650 -0.003389 0.012474 0.6985 0.6930 0.6985
v -0.062962 -0.004295 0.013877 0.6639 0.6560 0.6748
v -0.064271 -0.005199 0.015271 0.7064 0.6911 0.6991
v -0.065556 -0.006089 0.016670 0.7048 0.7102 0.7097
v -0.063575 -0.004637 0.012980 0.6518 0.6554 0.6584
v -0.064570 -0.005332 0.014196 0.6560 0.6495 0.6695
v -0.065559 -0.006023 0.015385 0.7029 0.6856 0.6864
v -0.066529 -0.006701 0.016578 0.7201 0.7248 0.7226
v -0.065492 -0.005880 0.013487 0.6378 0.6304 0.6461
v -0.066151 -0.006352 0.014521 0.5971 0.5992 0.6210
v -0.066800 -0.006816 0.015510 0.5823 0.5857 0.6034
v -0.067442 -0.007275 0.016492 0.6056 0.6109 0.6252
v -0.069988 -0.009119 0.020817 0.7343 0.7274 0.7194
v -0.070656 -0.009503 0.020065 0.6262 0.6261 0.6318
v -0.071315 -0.009882 0.019314 0.6757 0.6695 0.6798
v -0.072009 -0.010283 0.018581 0.5872 0.5979 0.6082
v -0.068512 -0.008110 0.019430 0.6937 0.6859 0.6859
v -0.069259 -0.008555 0.018887 0.6580 0.6567 0.6535
v -0.069971 -0.008978 0.018344 0.6759 0.6701 0.6766
v -0.070712 -0.009421 0.017817 0.6521 0.6503 0.6594
v -0.067048 -0.007108 0.018050 0.6943 0.6967 0.6972
v -0.067906 -0.007635 0.017733 0.6902 0.6919 0.6897
v -0.068703 -0.008124 0.017414 0.6426 0.6500 0.6496
v -0.069497 -0.008612 0.017100 0.5885 0.5933 0.6108
v -0.073330 -0.010982 0.015933 0.5750 0.5742 0.5878
v -0.071350 -0.009692 0.015283 0.5194 0.5235 0.5545
v -0.069382 -0.008409 0.014639 0.5403 0.5540 0.5722
v -0.067403 -0.007118 0.013973 0.5604 0.5751 0.5871
v -0.072880 -0.010743 0.016814 0.5427 0.5534 0.5762
v -0.071139 -0.009603 0.016141 0.5239 0.5281 0.5590
v -0.069437 -0.008489 0.015495 0.5320 0.5402 0.5641
v -0.067726 -0.007368 0.014829 0.5828 0.5952 0.5973
v -0.072428 -0.010503 0.017687 0.5356 0.5510 0.5778
v -0.070912 -0.009502 0.016970 0.5708 0.5818 0.6033
v -0.069466 -0.008550 0.016300 0.5999 0.6082 0.6180
v -0.068030 -0.007603 0.015632 0.6025 0.6080 0.6199
v -0.077381 -0.013884 0.024290 0.6290 0.6296 0.6493
v -0.082558 -0.017361 0.030667 0.7664 0.7563 0.7567
v -0.081609 -0.016688 0.028672 0.6457 0.6336 0.6481
v -0.080662 -0.016017 0.026687 0.5546 0.5439 0.5783
v -0.079734 -0.015359 0.024703 0.5663 0.5629 0.5851
v -0.080995 -0.016346 0.029568 0.7461 0.7375 0.7273
v -0.080292 -0.015839 0.027876 0.7162 0.7110 0.7072
v -0.079591 -0.015334 0.026217 0.6761 0.6664 0.6796
v -0.078907 -0.014840 0.024558 0.6813 0.6720 0.6851
v -0.079440 -0.015336 0.028471 0.7338 0.7211 0.7211
v -0.079000 -0.015005 0.027080 0.6890 0.6791 0.6819
v -0.078563 -0.014677 0.025746 0.5805 0.5843 0.6065
v -0.078131 -0.014353 0.024422 0.5741 0.5791 0.6022
v -0.076464 -0.013077 0.018660 0.6034 0.6031 0.6168
v -0.075821 -0.012708 0.019373 0.5763 0.5803 0.5915
v -0.075185 -0.012345 0.020086 0.6100 0.6158 0.6163
v -0.074522 -0.011963 0.020768 0.6240 0.6152 0.6240
v -0.077553 -0.013836 0.020680 0.5839 0.5892 0.6034
v -0.076866 -0.013430 0.021124 0.6321 0.6360 0.6354
v -0.076208 -0.013042 0.021579 0.6336 0.6396 0.6406
v -0.075527 -0.012638 0.022007 0.6522 0.6568 0.6607
v -0.078632 -0.014590 0.022688 0.6315 0.6218 0.6336
v -0.077877 -0.014129 0.022838 0.6283 0.6350 0.6401
v -0.077172 -0.013699 0.023005 0.6661 0.6701 0.6680
v -0.076471 -0.013272 0.023169 0.5976 0.6024 0.6155
v -0.073122 -0.011214 0.023544 0.7333 0.7332 0.7361
v -0.074715 -0.012254 0.024827 0.7333 0.7275 0.7311
v -0.076298 -0.013289 0.026099 0.7618 0.7531 0.7577
v -0.077888 -0.014329 0.027401 0.7387 0.7270 0.7230
v -0.073596 -0.011468 0.022624 0.6591 0.6608 0.6821
v -0.074986 -0.012382 0.023871 0.6453 0.6521 0.6728
v -0.076345 -0.013275 0.025076 0.6469 0.6468 0.6657
v -0.077710 -0.014173 0.026307 0.6740 0.6740 0.6887
v -0.074072 -0.011724 0.021712 0.6432 0.6327 0.6451
v -0.075267 -0.012517 0.022953 0.6166 0.6229 0.6477
v -0.076409 -0.013274 0.024120 0.6276 0.6319 0.6436
v -0.077543 -0.014026 0.025281 0.6816 0.6816 0.6952
v -0.083075 -0.017166 0.027061 0.6031 0.6085 0.6296
v -0.078434 -0.014212 0.019619 0.5627 0.5794 0.5939
v -0.079401 -0.014902 0.021579 0.5953 0.5906 0.6066
v -0.080365 -0.015589 0.023531 0.5922 0.5895 0.6078
v -0.081314 -0.016269 0.025472 0.6277 0.6251 0.6393
v -0.079719 -0.014956 0.021270 0.5816 0.5793 0.5961
v -0.080465 -0.015505 0.022876 0.6295 0.6197 0.6324
v -0.081205 -0.016048 0.024458 0.6300 0.6259 0.6419
v -0.081933 -0.016585 0.026031 0.6517 0.6584 0.6650
v -0.080998 -0.015697 0.022915 0.5894 0.5855 0.6025
v -0.081512 -0.016100 0.024160 0.5728 0.5728 0.5946
v -0.082016 -0.016492 0.025363 0.5777 0.5812 0.5977
v -0.082514 -0.016880 0.026555 0.6140 0.6186 0.6384
v -0.084528 -0.018496 0.031626 0.6413 0.6323 0.6363
v -0.084893 -0.018594 0.031465 0.7013 0.6930 0.6869
v -0.085254 -0.018688 0.031301 0.6765 0.6750 0.6721
v -0.085638 -0.018798 0.031173 0.6320 0.6396 0.6434
v -0.083457 -0.017754 0.029571 0.6280 0.6280 0.6500
v -0.083892 -0.017914 0.029628 0.6355 0.6355 0.6563
v -0.084304 -0.018063 0.029662 0.6590 0.6587 0.6762
v -0.084736 -0.018224 0.029727 0.6747 0.6753 0.6874
v -0.082394 -0.017016 0.027530 0.6575 0.6624 0.6696
v -0.082920 -0.017253 0.027837 0.6148 0.6194 0.6390
v -0.083406 -0.017470 0.028103 0.6147 0.6207 0.6359
v -0.083891 -0.017686 0.028371 0.5993 0.6045 0.6234
v -0.086262 -0.018790 0.029940 0.6040 0.6030 0.6211
v -0.084929 -0.018003 0.028140 0.5976 0.5916 0.6158
v -0.083605 -0.017221 0.026353 0.5980 0.6040 0.6253
v -0.082272 -0.016431 0.024540 0.6214 0.6200 0.6327
v -0.086048 -0.018789 0.030343 0.6164 0.6190 0.6309
v -0.084867 -0.018079 0.028680 0.6271 0.6285 0.6424
v -0.083715 -0.017388 0.027064 0.6190 0.6234 0.6424
v -0.082554 -0.016690 0.025427 0.5713 0.5768 0.5953
v -0.085832 -0.018786 0.030739 0.6313 0.6391 0.6430
v -0.084792 -0.018145 0.029188 0.6553 0.6569 0.6677
v -0.083802 -0.017537 0.027718 0.6265 0.6339 0.6464
v -0.082819 -0.016932 0.026258 0.6260 0.6305 0.6477
v -0.092281 -0.024350 0.036997 0.6240 0.6310 0.6549
v -0.087713 -0.020982 0.035063 0.8483 0.8308 0.8179
v -0.089761 -0.022672 0.036374 0.8588 0.8469 0.8281
v -0.091796 -0.024352 0.037675 0.8170 0.8117 0.7986
v -0.093847 -0.026049 0.038996 0.7796 0.7800 0.7796
v -0.087882 -0.020926 0.034691 0.7631 0.7455 0.7500
v -0.089712 -0.022456 0.035910 0.7917 0.7798 0.7711
v -0.091497 -0.023946 0.037093 0.6787 0.6829 0.6957
v -0.093296 -0.025452 0.038293 0.6674 0.6587 0.6674
v -0.088055 -0.020874 0.034324 0.7034 0.6928 0.7042
v -0.089687 -0.022263 0.035471 0.7129 0.7011 0.7072
v -0.091239 -0.023582 0.036556 0.6736 0.6766 0.6916
v -0.092780 -0.024892 0.037634 0.6783 0.6764 0.6940
v -0.099684 -0.030794 0.042551 0.6356 0.6269 0.6428
v -0.098047 -0.029258 0.041049 0.6656 0.6579 0.6705
v -0.096416 -0.027727 0.039553 0.5802 0.5875 0.6106
v -0.094805 -0.026211 0.038065 0.6581 0.6546 0.6725
v -0.097729 -0.029204 0.041358 0.7637 0.7556 0.7533
v -0.096444 -0.027974 0.040120 0.6400 0.6405 0.6581
v -0.095172 -0.026759 0.038902 0.6701 0.6644 0.6820
v -0.093917 -0.025557 0.037690 0.6651 0.6583 0.6688
v -0.095782 -0.027620 0.040169 0.7414 0.7364 0.7372
v -0.094865 -0.026707 0.039200 0.7012 0.6954 0.7093
v -0.093971 -0.025821 0.038265 0.6505 0.6413 0.6524
v -0.093085 -0.024943 0.037337 0.6542 0.6557 0.6765
v -0.089447 -0.021275 0.033377 0.6059 0.6141 0.6410
v -0.089036 -0.021121 0.033569 0.6242 0.6271 0.6515
v -0.088633 -0.020972 0.033762 0.6541 0.6482 0.6678
v -0.088192 -0.020791 0.033929 0.7099 0.7005 0.7084
v -0.091233 -0.022922 0.034942 0.6101 0.6156 0.6260
v -0.090688 -0.022621 0.034961 0.5737 0.5803 0.5951
v -0.090175 -0.022346 0.034996 0.6551 0.6601 0.6632
v -0.089630 -0.022043 0.035008 0.6915 0.6818 0.6915
v -0.093006 -0.024557 0.036498 0.6770 0.6753 0.6920
v -0.092292 -0.024081 0.036320 0.6921 0.6952 0.7058
v -0.091634 -0.023649 0.036171 0.6731 0.6776 0.6880
v -0.090979 -0.023217 0.036020 0.6848 0.6895 0.6895
v -0.094457 -0.024359 0.035472 0.6065 0.6130 0.6229
v -0.090200 -0.021278 0.032850 0.6079 0.6157 0.6431
v -0.091939 -0.022925 0.034447 0.5926 0.5975 0.6123
v -0.093669 -0.024560 0.036034 0.6336 0.6353 0.6436
v -0.095408 -0.026214 0.037642 0.6101 0.6112 0.6322
v -0.090526 -0.021127 0.032525 0.5892 0.5999 0.6244
v -0.092063 -0.022627 0.033998 0.6084 0.6132 0.6246
v -0.093563 -0.024086 0.035429 0.6335 0.6326 0.6436
v -0.095074 -0.025561 0.036879 0.6428 0.6428 0.6507
v -0.090854 -0.020981 0.032206 0.5193 0.5403 0.5545
v -0.092201 -0.022354 0.033576 0.6196 0.6210 0.6350
v -0.093485 -0.023656 0.034874 0.5935 0.5936 0.6127
v -0.094760 -0.024950 0.036163 0.6106 0.6163 0.6261
v -0.100437 -0.030797 0.042023 0.6522 0.6427 0.6552
v -0.099218 -0.029210 0.040314 0.6199 0.6187 0.6418
v -0.098003 -0.027629 0.038612 0.6553 0.6480 0.6612
v -0.096808 -0.026061 0.036921 0.6374 0.6348 0.6450
v -0.098753 -0.029260 0.040554 0.5936 0.5983 0.6200
v -0.097819 -0.027979 0.039156 0.6437 0.6398 0.6609
v -0.096892 -0.026715 0.037779 0.6342 0.6328 0.6506
v -0.095981 -0.025462 0.036412 0.6988 0.6883 0.6996
v -0.097078 -0.027730 0.039089 0.6650 0.6621 0.6785
v -0.096444 -0.026764 0.038010 0.6134 0.6139 0.6352
v -0.095822 -0.025828 0.036967 0.6158 0.6165 0.6318
v -0.095206 -0.024901 0.035934 0.6026 0.6097 0.6204
v -0.092734 -0.021002 0.031544 0.5585 0.5635 0.5841
v -0.092213 -0.020943 0.031655 0.5857 0.5864 0.6003
v -0.091698 -0.020889 0.031771 0.6184 0.6163 0.6208
v -0.091154 -0.020803 0.031854 0.5442 0.5580 0.5689
v -0.094091 -0.022689 0.033339 0.5919 0.5928 0.6120
v -0.093488 -0.022471 0.033263 0.5627 0.5687 0.5873
v -0.092915 -0.022276 0.033208 0.6181 0.6169 0.6224
v -0.092315 -0.022053 0.033126 0.5660 0.5713 0.5903
v -0.095438 -0.024366 0.035122 0.6306 0.6325 0.6413
v -0.094725 -0.023959 0.034831 0.6170 0.6163 0.6316
v -0.094063 -0.023593 0.034576 0.5970 0.5962 0.6150
v -0.093405 -0.023226 0.034320 0.6022 0.6007 0.6190
v -0.096957 -0.023257 0.035472 0.6781 0.6736 0.6837
v -0.093599 -0.020620 0.031544 0.6078 0.6111 0.6161
v -0.094903 -0.022332 0.033339 0.6327 0.6318 0.6503
v -0.096199 -0.024031 0.035122 0.6111 0.6181 0.6290
v -0.097502 -0.025755 0.036921 0.5733 0.5786 0.5979
v -0.093925 -0.020188 0.031655 0.6348 0.6402 0.6492
v -0.095069 -0.021774 0.033263 0.6383 0.6389 0.6586
v -0.096186 -0.023315 0.034831 0.6850 0.6947 0.6974
v -0.097310 -0.024876 0.036412 0.6399 0.6439 0.6530
v -0.094251 -0.019763 0.031771 0.6481 0.6540 0.6629
v -0.095244 -0.021249 0.033208 0.6323 0.6339 0.6536
v -0.096191 -0.022655 0.034576 0.6488 0.6571 0.6687
v -0.097131 -0.024052 0.035934 0.6407 0.6425 0.6531
v -0.101301 -0.030416 0.042023 0.5914 0.5905 0.6108
v -0.100465 -0.028506 0.040553 0.6264 0.6254 0.6427
v -0.099631 -0.026604 0.039089 0.6971 0.6889 0.6992
v -0.098812 -0.024713 0.037642 0.7045 0.6882 0.6933
v -0.100030 -0.028852 0.040314 0.5873 0.5937 0.6160
v -0.099400 -0.027282 0.039156 0.6769 0.6730 0.6866
v -0.098773 -0.025737 0.038010 0.6720 0.6577 0.6683
v -0.098160 -0.024201 0.036879 0.6272 0.6299 0.6393
v -0.098764 -0.027293 0.038612 0.6276 0.6234 0.6417
v -0.098354 -0.026071 0.037779 0.6858 0.6685 0.6774
v -0.097949 -0.024891 0.036967 0.7164 0.7006 0.7021
v -0.097548 -0.023721 0.036163 0.6934 0.6851 0.6959
v -0.095971 -0.018734 0.032850 0.6237 0.6204 0.6320
v -0.095503 -0.018933 0.032524 0.6652 0.6691 0.6761
v -0.095041 -0.019135 0.032205 0.6318 0.6357 0.6518
v -0.094557 -0.019302 0.031854 0.6460 0.6514 0.6607
v -0.096917 -0.020730 0.034447 0.6606 0.6657 0.6738
v -0.096402 -0.020713 0.033997 0.7267 0.7348 0.7344
v -0.095911 -0.020718 0.033576 0.6638 0.6648 0.6799
v -0.095401 -0.020693 0.033126 0.6393 0.6434 0.6579
v -0.097855 -0.022714 0.036034 0.6903 0.6790 0.6905
v -0.097273 -0.022450 0.035429 0.6303 0.6349 0.6456
v -0.096732 -0.022224 0.034874 0.6539 0.6560 0.6720
v -0.096193 -0.021997 0.034320 0.6305 0.6338 0.6524
v -0.098937 -0.021432 0.036997 0.7518 0.7413 0.7370
v -0.096655 -0.018103 0.033377 0.7283 0.7204 0.7139
v -0.097559 -0.020138 0.034942 0.6686 0.6656 0.6764
v -0.098458 -0.022159 0.036498 0.7216 0.7108 0.7126
v -0.099361 -0.024207 0.038065 0.7084 0.6931 0.7030
v -0.096859 -0.017684 0.033568 0.7179 0.7060 0.7047
v -0.097654 -0.019560 0.034961 0.6668 0.6635 0.6751
v -0.098431 -0.021384 0.036320 0.7601 0.7493 0.7436
v -0.099212 -0.023231 0.037689 0.6747 0.6630 0.6746
v -0.097063 -0.017272 0.033762 0.7200 0.7046 0.7065
v -0.097756 -0.019018 0.034996 0.7193 0.7179 0.7163
v -0.098416 -0.020672 0.036171 0.7632 0.7526 0.7464
v -0.099072 -0.022316 0.037337 0.7338 0.7225 0.7222
v -0.101986 -0.029784 0.042550 0.8295 0.8212 0.8100
v -0.101385 -0.027603 0.041358 0.8097 0.8012 0.7935
v -0.100786 -0.025430 0.040169 0.7850 0.7703 0.7754
v -0.100197 -0.023271 0.038996 0.8263 0.8008 0.8025
v -0.101108 -0.027913 0.041048 0.7295 0.7178 0.7230
v -0.100652 -0.026129 0.040120 0.7786 0.7631 0.7709
v -0.100198 -0.024371 0.039200 0.7615 0.7430 0.7489
v -0.099754 -0.022625 0.038293 0.8056 0.7817 0.7850
v -0.100233 -0.026049 0.039553 0.7265 0.7137 0.7242
v -0.099931 -0.024671 0.038902 0.7433 0.7278 0.7341
v -0.099633 -0.023339 0.038264 0.7893 0.7669 0.7712
v -0.099338 -0.022018 0.037634 0.8226 0.8110 0.7937
v -0.098168 -0.016409 0.035063 0.9304 0.9201 0.9091
v -0.097866 -0.016556 0.034690 0.9017 0.8879 0.8732
v -0.097567 -0.016708 0.034324 0.8435 0.8324 0.8162
v -0.097252 -0.016819 0.033929 0.8147 0.8008 0.7899
v -0.098844 -0.018700 0.036374 0.8947 0.8874 0.8747
v -0.098505 -0.018608 0.035909 0.8742 0.8639 0.8464
v -0.098181 -0.018542 0.035470 0.8245 0.8149 0.8012
v -0.097844 -0.018441 0.035008 0.8050 0.7999 0.7850
v -0.099514 -0.020976 0.037675 0.8313 0.8198 0.8006
v -0.099124 -0.020608 0.037093 0.8014 0.7891 0.7764
v -0.098761 -0.020286 0.036555 0.7755 0.7659 0.7562
v -0.098400 -0.019963 0.036020 0.8369 0.8265 0.8096
v -0.095903 -0.009779 0.029419 0.8887 0.8887 0.8542
v -0.094985 -0.002889 0.025062 0.9197 0.9110 0.8934
v -0.095069 -0.004716 0.025964 0.9001 0.9001 0.9001
v -0.095153 -0.006536 0.026864 0.8995 0.8957 0.8892
v -0.095232 -0.008344 0.027750 0.8778 0.8663 0.8483
v -0.095346 -0.004406 0.026274 0.8999 0.8999 0.8999
v -0.095387 -0.005905 0.026969 0.9081 0.9071 0.9057
v -0.095430 -0.007381 0.027659 0.9038 0.8917 0.8757
v -0.095468 -0.008849 0.028337 0.8738 0.8633 0.8461
v -0.095706 -0.005917 0.027480 0.9271 0.9261 0.9248
v -0.095697 -0.007082 0.027957 0.9077 0.8997 0.8877
v -0.095693 -0.008207 0.028425 0.9145 0.9094 0.9017
v -0.095689 -0.009322 0.028888 0.8851 0.8802 0.8522
v -0.095606 -0.014071 0.030755 0.6884 0.6755 0.6865
v -0.095874 -0.013901 0.031108 0.6944 0.6806 0.6891
v -0.096140 -0.013726 0.031456 0.7664 0.7463 0.7452
v -0.096410 -0.013586 0.031827 0.8675 0.8472 0.8362
v -0.095482 -0.012160 0.029754 0.8060 0.8025 0.7747
v -0.095736 -0.012193 0.030171 0.7979 0.7882 0.7653
v -0.095982 -0.012206 0.030566 0.8551 0.8473 0.8207
v -0.096232 -0.012247 0.030980 0.8699 0.8578 0.8350
v -0.095360 -0.010260 0.028760 0.8090 0.8031 0.7781
v -0.095604 -0.010528 0.029261 0.8189 0.8178 0.7877
v -0.095835 -0.010759 0.029724 0.8509 0.8509 0.8183
v -0.096065 -0.010992 0.030186 0.8981 0.8981 0.8631
v -0.097119 -0.012378 0.032441 0.9305 0.9150 0.8993
v -0.096767 -0.010721 0.031186 0.9094 0.9049 0.8755
v -0.096417 -0.009077 0.029938 0.9335 0.9179 0.8987
v -0.096067 -0.007409 0.028681 0.9121 0.9057 0.8955
v -0.096881 -0.012773 0.032230 0.9152 0.8996 0.8832
v -0.096587 -0.011241 0.031119 0.9139 0.9070 0.8805
v -0.096298 -0.009752 0.030033 0.9145 0.9092 0.8794
v -0.096010 -0.008242 0.028941 0.9251 0.9224 0.9182
v -0.096644 -0.013162 0.032018 0.8924 0.8756 0.8601
v -0.096408 -0.011729 0.031040 0.9058 0.8966 0.8724
v -0.096181 -0.010372 0.030109 0.8921 0.8921 0.8575
v -0.095955 -0.009024 0.029184 0.9006 0.8925 0.8697
v -0.093680 -0.007058 0.023205 0.6725 0.6821 0.6793
v -0.094837 -0.013130 0.028605 0.6766 0.6841 0.6969
v -0.094760 -0.011276 0.027737 0.7057 0.6914 0.6960
v -0.094683 -0.009431 0.026869 0.7504 0.7391 0.7355
v -0.094615 -0.007589 0.026026 0.7988 0.7754 0.7741
v -0.094352 -0.012037 0.026854 0.7101 0.7131 0.7101
v -0.094330 -0.010473 0.026242 0.6734 0.6614 0.6694
v -0.094305 -0.008937 0.025628 0.6531 0.6402 0.6512
v -0.094286 -0.007402 0.025034 0.6945 0.6764 0.6848
v -0.093869 -0.010947 0.025111 0.6475 0.6527 0.6530
v -0.093911 -0.009670 0.024777 0.6465 0.6368 0.6469
v -0.093944 -0.008444 0.024438 0.6543 0.6412 0.6522
v -0.093978 -0.007227 0.024104 0.6732 0.6629 0.6695
v -0.094215 -0.001948 0.022912 0.8534 0.8474 0.8356
v -0.093824 -0.002542 0.022019 0.7537 0.7396 0.7347
v -0.093436 -0.003138 0.021134 0.6486 0.6368 0.6476
v -0.093041 -0.003704 0.020222 0.6927 0.6779 0.6827
v -0.094347 -0.003833 0.023947 0.8786 0.8790 0.8786
v -0.093981 -0.004184 0.023040 0.7163 0.7057 0.7163
v -0.093626 -0.004546 0.022168 0.7104 0.6993 0.7089
v -0.093265 -0.004884 0.021271 0.6763 0.6607 0.6646
v -0.094477 -0.005707 0.024973 0.8277 0.8214 0.8185
v -0.094130 -0.005790 0.024026 0.6411 0.6377 0.6416
v -0.093802 -0.005892 0.023138 0.7048 0.7070 0.7049
v -0.093476 -0.005990 0.022255 0.6741 0.6847 0.6808
v -0.091987 -0.006097 0.018098 0.5836 0.5910 0.6101
v -0.092455 -0.007356 0.019860 0.6481 0.6365 0.6465
v -0.092920 -0.008605 0.021612 0.6322 0.6343 0.6426
v -0.093384 -0.009881 0.023367 0.5876 0.5950 0.6063
v -0.092341 -0.005304 0.018815 0.6571 0.6563 0.6607
v -0.092728 -0.006518 0.020333 0.6291 0.6215 0.6330
v -0.093109 -0.007691 0.021820 0.6031 0.6192 0.6230
v -0.093488 -0.008888 0.023310 0.6158 0.6198 0.6283
v -0.092693 -0.004520 0.019531 0.6830 0.6657 0.6698
v -0.092999 -0.005714 0.020813 0.6666 0.6524 0.6575
v -0.093293 -0.006839 0.022040 0.6678 0.6769 0.6752
v -0.093585 -0.007957 0.023257 0.6767 0.6829 0.6817
v -0.092495 0.002890 0.016017 0.7363 0.7251 0.7253
v -0.093805 0.001494 0.020425 0.9313 0.9158 0.9002
v -0.093536 0.002978 0.019026 0.8520 0.8393 0.8273
v -0.093267 0.004451 0.017634 0.8482 0.8284 0.8170
v -0.093002 0.005953 0.016242 0.8404 0.8171 0.8093
v -0.093439 0.000687 0.019685 0.9111 0.8954 0.8821
v -0.093232 0.002105 0.018496 0.8013 0.7898 0.7828
v -0.093026 0.003477 0.017329 0.8045 0.7802 0.7756
v -0.092824 0.004875 0.016163 0.8184 0.7911 0.7872
v -0.093075 -0.000111 0.018947 0.7598 0.7490 0.7469
v -0.092933 0.001270 0.017965 0.7463 0.7344 0.7331
v -0.092794 0.002571 0.017023 0.7655 0.7515 0.7476
v -0.092656 0.003865 0.016089 0.7941 0.7745 0.7734
v -0.092102 0.009830 0.012016 0.9290 0.9149 0.9005
v -0.091993 0.007766 0.012545 0.8856 0.8724 0.8557
v -0.091885 0.005711 0.013074 0.7531 0.7358 0.7447
v -0.091771 0.003661 0.013583 0.6160 0.6084 0.6160
v -0.092402 0.008527 0.013428 0.9162 0.9125 0.9069
v -0.092274 0.006793 0.013767 0.9004 0.8848 0.8653
v -0.092152 0.005089 0.014112 0.8119 0.7838 0.7799
v -0.092026 0.003389 0.014439 0.6736 0.6642 0.6736
v -0.092699 0.007227 0.014833 0.9121 0.8965 0.8809
v -0.092547 0.005823 0.014963 0.8048 0.7762 0.7722
v -0.092405 0.004474 0.015104 0.8012 0.7762 0.7746
v -0.092264 0.003135 0.015242 0.7357 0.7262 0.7357
v -0.091577 -0.002655 0.015612 0.6170 0.6230 0.6295
v -0.091956 -0.002075 0.016481 0.6220 0.6211 0.6375
v -0.092333 -0.001493 0.017344 0.6470 0.6526 0.6628
v -0.092712 -0.000944 0.018228 0.6831 0.6825 0.6844
v -0.091644 -0.000545 0.014938 0.6077 0.6087 0.6309
v -0.091979 -0.000228 0.015789 0.6534 0.6471 0.6572
v -0.092306 0.000102 0.016611 0.6835 0.6675 0.6747
v -0.092636 0.000404 0.017451 0.7229 0.7130 0.7125
v -0.091710 0.001553 0.014272 0.6469 0.6396 0.6516
v -0.092005 0.001576 0.015124 0.6579 0.6490 0.6594
v -0.092285 0.001624 0.015925 0.6853 0.6876 0.6833
v -0.092564 0.001668 0.016722 0.7345 0.7294 0.7233
v -0.090694 0.002971 0.007477 0.6845 0.6754 0.6845
v -0.090954 -0.002627 0.012657 0.6236 0.6340 0.6301
v -0.091059 -0.000519 0.012166 0.6502 0.6443 0.6570
v -0.091162 0.001578 0.011673 0.6410 0.6467 0.6524
v -0.091271 0.003683 0.011213 0.6202 0.6243 0.6434
v -0.090723 -0.002019 0.010634 0.6349 0.6343 0.6533
v -0.090840 -0.000177 0.010390 0.6533 0.6549 0.6626
v -0.090952 0.001624 0.010131 0.5926 0.5989 0.6186
v -0.091068 0.003433 0.009900 0.6396 0.6360 0.6491
v -0.090493 -0.001409 0.008624 0.6580 0.6626 0.6683
v -0.090628 0.000178 0.008655 0.6537 0.6555 0.6618
v -0.090753 0.001694 0.008660 0.6620 0.6503 0.6620
v -0.090878 0.003198 0.008667 0.6600 0.6507 0.6624
v -0.091479 0.009858 0.009061 0.8259 0.8068 0.8055
v -0.091168 0.008583 0.007581 0.6917 0.6801 0.6844
v -0.090860 0.007310 0.006113 0.5766 0.5834 0.6033
v -0.090550 0.006064 0.004616 0.6449 0.6492 0.6530
v -0.091408 0.007792 0.009773 0.6917 0.6788 0.6880
v -0.091135 0.006844 0.008368 0.6321 0.6238 0.6412
v -0.090868 0.005899 0.007007 0.6010 0.6074 0.6237
v -0.090600 0.004976 0.005622 0.6445 0.6487 0.6524
v -0.091337 0.005736 0.010476 0.6683 0.6581 0.6698
v -0.091100 0.005137 0.009119 0.6060 0.6067 0.6297
v -0.090873 0.004543 0.007839 0.6391 0.6397 0.6502
v -0.090648 0.003956 0.006566 0.6330 0.6379 0.6415
v -0.089648 0.001682 0.000714 0.6788 0.6707 0.6665
v -0.089854 0.000850 0.002685 0.7130 0.6931 0.6909
v -0.090059 0.000026 0.004646 0.6861 0.6744 0.6861
v -0.090260 -0.000833 0.006603 0.6939 0.6984 0.6963
v -0.089950 0.003141 0.002025 0.7229 0.7119 0.7229
v -0.090106 0.002246 0.003674 0.6665 0.6550 0.6655
v -0.090261 0.001391 0.005294 0.6903 0.6821 0.6903
v -0.090412 0.000505 0.006910 0.6556 0.6612 0.6660
v -0.090250 0.004587 0.003333 0.6591 0.6474 0.6591
v -0.090353 0.003599 0.004658 0.6758 0.6676 0.6758
v -0.090455 0.002677 0.005934 0.6978 0.6929 0.6978
v -0.090556 0.001759 0.007199 0.7086 0.6998 0.7086
v -0.088107 -0.005587 0.008608 0.5789 0.5769 0.5924
v -0.090059 -0.005588 0.013048 0.5805 0.5890 0.6031
v -0.089883 -0.004797 0.011001 0.5454 0.5530 0.5752
v -0.089707 -0.004013 0.008968 0.5717 0.5781 0.5880
v -0.089542 -0.003208 0.006916 0.5944 0.6045 0.6134
v -0.089288 -0.006378 0.012940 0.5648 0.5702 0.5886
v -0.089205 -0.005587 0.011105 0.5366 0.5483 0.5736
v -0.089116 -0.004825 0.009316 0.5956 0.6033 0.6048
v -0.089038 -0.004044 0.007511 0.6034 0.6110 0.6200
v -0.088521 -0.007161 0.012827 0.5634 0.5679 0.5880
v -0.088542 -0.006349 0.011184 0.5424 0.5525 0.5755
v -0.088553 -0.005587 0.009621 0.5309 0.5361 0.5577
v -0.088565 -0.004829 0.008069 0.5905 0.5923 0.6130
v -0.088754 -0.001278 0.001105 0.6650 0.6675 0.6792
v -0.088179 -0.002719 0.002799 0.6418 0.6473 0.6585
v -0.087609 -0.004152 0.004487 0.5663 0.5741 0.5911
v -0.087029 -0.005586 0.006155 0.6013 0.6102 0.6379
v -0.089014 -0.001929 0.003052 0.6463 0.6476 0.6610
v -0.088471 -0.003164 0.004389 0.6068 0.6086 0.6285
v -0.087944 -0.004374 0.005711 0.5930 0.6033 0.6291
v -0.087408 -0.005586 0.007017 0.5832 0.5949 0.6240
v -0.089272 -0.002578 0.004990 0.6164 0.6161 0.6353
v -0.088749 -0.003613 0.005955 0.6360 0.6347 0.6460
v -0.088255 -0.004603 0.006895 0.5767 0.5902 0.6171
v -0.087764 -0.005587 0.007826 0.5690 0.5773 0.6031
v -0.085509 -0.009894 0.011670 0.5383 0.5552 0.5699
v -0.086260 -0.009244 0.012023 0.5422 0.5600 0.5772
v -0.087006 -0.008595 0.012369 0.5271 0.5464 0.5622
v -0.087750 -0.007967 0.012752 0.5636 0.5682 0.5884
v -0.086020 -0.008454 0.009831 0.5896 0.5868 0.5972
v -0.086647 -0.008009 0.010330 0.5249 0.5405 0.5516
v -0.087262 -0.007561 0.010796 0.5171 0.5347 0.5584
v -0.087876 -0.007130 0.011295 0.5549 0.5616 0.5829
v -0.086529 -0.007021 0.008005 0.5552 0.5543 0.5731
v -0.087031 -0.006799 0.008684 0.6033 0.5984 0.6100
v -0.087514 -0.006570 0.009307 0.5528 0.5538 0.5734
v -0.087994 -0.006345 0.009928 0.5421 0.5449 0.5657
v -0.090225 -0.011368 0.020050 0.5418 0.5482 0.5756
v -0.086242 -0.011894 0.015629 0.5527 0.5586 0.5807
v -0.087470 -0.012412 0.017665 0.5482 0.5673 0.5904
v -0.088692 -0.012924 0.019689 0.5747 0.5906 0.6090
v -0.089912 -0.013455 0.021730 0.6048 0.6106 0.6188
v -0.086947 -0.011121 0.015737 0.6149 0.6206 0.6210
v -0.087985 -0.011664 0.017563 0.5153 0.5394 0.5559
v -0.089004 -0.012184 0.019344 0.5590 0.5779 0.6015
v -0.090022 -0.012721 0.021139 0.5944 0.5927 0.6131
v -0.087651 -0.010354 0.015850 0.5608 0.5667 0.5784
v -0.088500 -0.010940 0.017486 0.5314 0.5428 0.5644
v -0.089316 -0.011488 0.019041 0.5445 0.5514 0.5776
v -0.090125 -0.012033 0.020585 0.5709 0.5754 0.5995
v -0.093641 -0.014621 0.027514 0.6123 0.6157 0.6334
v -0.093230 -0.013436 0.025829 0.6450 0.6411 0.6476
v -0.092818 -0.012259 0.024151 0.5729 0.5803 0.5945
v -0.092425 -0.011077 0.022492 0.6106 0.6163 0.6275
v -0.092395 -0.014227 0.025576 0.6183 0.6251 0.6372
v -0.092146 -0.013197 0.024247 0.6188 0.6248 0.6325
v -0.091891 -0.012190 0.022932 0.5652 0.5728 0.5918
v -0.091652 -0.011179 0.021633 0.6082 0.6061 0.6180
v -0.091156 -0.013832 0.023647 0.6189 0.6249 0.6326
v -0.091086 -0.012951 0.022688 0.6245 0.6322 0.6379
v -0.091005 -0.012110 0.021753 0.5740 0.5809 0.5996
v -0.090926 -0.011275 0.020827 0.5650 0.5722 0.5945
v -0.090792 -0.007588 0.017007 0.5475 0.5598 0.5900
v -0.089975 -0.008255 0.016654 0.4814 0.5116 0.5355
v -0.089166 -0.008920 0.016309 0.5732 0.5756 0.5867
v -0.088338 -0.009571 0.015926 0.5153 0.5349 0.5526
v -0.091333 -0.008755 0.018835 0.5588 0.5638 0.5877
v -0.090544 -0.009242 0.018338 0.5328 0.5372 0.5649
v -0.089781 -0.009729 0.017873 0.5466 0.5509 0.5694
v -0.089002 -0.010202 0.017376 0.5178 0.5365 0.5550
v -0.091869 -0.009916 0.020651 0.5981 0.6049 0.6165
v -0.091089 -0.010211 0.019975 0.5035 0.5108 0.5369
v -0.090355 -0.010505 0.019355 0.5881 0.5959 0.6194
v -0.089624 -0.010795 0.018736 0.5509 0.5560 0.5821
v -0.079712 -0.011267 0.008064 0.5304 0.5438 0.5705
v -0.079259 -0.009771 -0.000335 0.6108 0.6167 0.6222
v -0.078880 -0.010163 0.001846 0.6061 0.6139 0.6185
v -0.078504 -0.010553 0.004018 0.6006 0.6069 0.6154
v -0.078113 -0.010940 0.006176 0.6090 0.6147 0.6198
v -0.079858 -0.010105 0.001559 0.6140 0.6185 0.6241
v -0.079457 -0.010426 0.003341 0.5518 0.5596 0.5814
v -0.079073 -0.010742 0.005096 0.5813 0.5891 0.6026
v -0.078675 -0.011055 0.006840 0.5605 0.5680 0.5874
v -0.080453 -0.010439 0.003447 0.5968 0.5933 0.6055
v -0.080016 -0.010686 0.004820 0.5764 0.5883 0.6018
v -0.079608 -0.010926 0.006147 0.5929 0.6008 0.6101
v -0.079202 -0.011163 0.007463 0.5816 0.5828 0.5970
v -0.077271 -0.012171 0.013046 0.5479 0.5548 0.5821
v -0.078170 -0.012144 0.012922 0.5116 0.5161 0.5452
v -0.079064 -0.012115 0.012792 0.5622 0.5748 0.6026
v -0.079961 -0.012094 0.012704 0.4997 0.5232 0.5490
v -0.077556 -0.011761 0.010753 0.5347 0.5402 0.5698
v -0.078339 -0.011776 0.010866 0.5292 0.5449 0.5715
v -0.079105 -0.011786 0.010952 0.5299 0.5512 0.5791
v -0.079874 -0.011803 0.011073 0.5475 0.5677 0.5925
v -0.077842 -0.011352 0.008475 0.5988 0.6070 0.6337
v -0.078513 -0.011417 0.008862 0.5897 0.5867 0.5995
v -0.079154 -0.011474 0.009201 0.5561 0.5624 0.5835
v -0.079791 -0.011531 0.009542 0.5618 0.5666 0.5867
v -0.082605 -0.011859 0.011482 0.5619 0.5828 0.5931
v -0.082085 -0.011495 0.009425 0.5557 0.5667 0.5904
v -0.081567 -0.011134 0.007382 0.5886 0.5989 0.6236
v -0.081060 -0.010768 0.005312 0.5709 0.5915 0.6022
v -0.081720 -0.011936 0.011880 0.5569 0.5769 0.5881
v -0.081339 -0.011600 0.009986 0.5104 0.5181 0.5440
v -0.080957 -0.011274 0.008145 0.5077 0.5161 0.5428
v -0.080586 -0.010943 0.006280 0.5622 0.5776 0.5930
v -0.080840 -0.012011 0.012271 0.5439 0.5611 0.5847
v -0.080606 -0.011698 0.010511 0.5485 0.5667 0.5895
v -0.080372 -0.011402 0.008844 0.5041 0.5262 0.5614
v -0.080141 -0.011108 0.007188 0.5537 0.5590 0.5810
v -0.084083 -0.006717 0.001883 0.5789 0.5854 0.6077
v -0.080772 -0.008197 -0.002474 0.6335 0.6275 0.6429
v -0.081278 -0.008628 -0.000448 0.5570 0.5642 0.5801
v -0.081783 -0.009054 0.001566 0.6105 0.6151 0.6244
v -0.082273 -0.009505 0.003597 0.5777 0.5779 0.5993
v -0.081873 -0.007047 -0.002386 0.6049 0.6104 0.6309
v -0.082221 -0.007549 -0.000567 0.6191 0.6193 0.6343
v -0.082572 -0.008026 0.001206 0.6280 0.6245 0.6404
v -0.082910 -0.008525 0.002994 0.5420 0.5489 0.5731
v -0.082968 -0.005906 -0.002294 0.5980 0.6043 0.6251
v -0.083146 -0.006503 -0.000663 0.5965 0.6032 0.6213
v -0.083328 -0.007055 0.000888 0.6421 0.6357 0.6503
v -0.083507 -0.007605 0.002429 0.5821 0.5878 0.6130
v -0.084117 -0.010285 0.009343 0.5553 0.5720 0.5834
v -0.084714 -0.008821 0.007648 0.5230 0.5378 0.5614
v -0.085305 -0.007365 0.005959 0.5531 0.5591 0.5823
v -0.085913 -0.005900 0.004289 0.6255 0.6244 0.6353
v -0.083504 -0.010018 0.007418 0.5602 0.5764 0.5872
v -0.084103 -0.008724 0.006078 0.5959 0.5971 0.6183
v -0.084679 -0.007459 0.004752 0.5670 0.5762 0.5859
v -0.085270 -0.006187 0.003443 0.5419 0.5600 0.5681
v -0.082897 -0.009750 0.005501 0.5235 0.5444 0.5813
v -0.083513 -0.008614 0.004531 0.5758 0.5786 0.6028
v -0.084091 -0.007531 0.003585 0.6009 0.6082 0.6267
v -0.084666 -0.006457 0.002649 0.6087 0.6140 0.6229
v -0.087361 -0.001670 -0.001221 0.6687 0.6623 0.6741
v -0.086259 -0.002703 -0.001553 0.6592 0.6508 0.6624
v -0.085163 -0.003733 -0.001877 0.6537 0.6487 0.6603
v -0.084065 -0.004746 -0.002239 0.6113 0.6092 0.6266
v -0.086873 -0.003086 0.000616 0.5643 0.5763 0.6049
v -0.085927 -0.003879 0.000137 0.6444 0.6496 0.6546
v -0.085000 -0.004666 -0.000310 0.6496 0.6454 0.6589
v -0.084071 -0.005439 -0.000789 0.6020 0.6011 0.6184
v -0.086385 -0.004496 0.002441 0.5535 0.5731 0.5941
v -0.085591 -0.005035 0.001780 0.6318 0.6278 0.6466
v -0.084832 -0.005565 0.001174 0.6278 0.6256 0.6424
v -0.084078 -0.006089 0.000570 0.6104 0.6102 0.6328
v -0.082688 -0.014824 0.020145 0.5358 0.5408 0.5666
v -0.078300 -0.013402 0.017226 0.5207 0.5275 0.5614
v -0.079593 -0.014196 0.019025 0.5562 0.5719 0.5877
v -0.080881 -0.014984 0.020811 0.5684 0.5678 0.5855
v -0.082165 -0.015782 0.022621 0.5666 0.5658 0.5846
v -0.079136 -0.013298 0.016844 0.5185 0.5310 0.5613
v -0.080220 -0.014024 0.018503 0.5516 0.5635 0.5949
v -0.081286 -0.014730 0.020116 0.5217 0.5339 0.5681
v -0.082348 -0.015445 0.021750 0.5396 0.5438 0.5638
v -0.079970 -0.013197 0.016468 0.5085 0.5142 0.5437
v -0.080845 -0.013866 0.018014 0.5038 0.5189 0.5501
v -0.081686 -0.014499 0.019479 0.5818 0.5916 0.6207
v -0.082521 -0.015129 0.020934 0.5403 0.5437 0.5647
v -0.086128 -0.017980 0.027547 0.6123 0.6058 0.6298
v -0.085783 -0.017185 0.025607 0.5858 0.5943 0.6034
v -0.085436 -0.016394 0.023676 0.5973 0.5968 0.6146
v -0.085111 -0.015609 0.021757 0.5879 0.5924 0.6073
v -0.084804 -0.017242 0.025894 0.5976 0.6033 0.6129
v -0.084622 -0.016598 0.024307 0.6594 0.6523 0.6670
v -0.084431 -0.015963 0.022744 0.5904 0.5917 0.6106
v -0.084259 -0.015333 0.021190 0.5731 0.5783 0.5964
v -0.083487 -0.016508 0.024248 0.6399 0.6324 0.6473
v -0.083488 -0.016018 0.023020 0.5166 0.5250 0.5481
v -0.083473 -0.015544 0.021834 0.6078 0.6049 0.6196
v -0.083459 -0.015074 0.020658 0.5444 0.5584 0.5779
v -0.083634 -0.013090 0.015661 0.5680 0.5685 0.5836
v -0.082687 -0.013091 0.015802 0.5704 0.5706 0.5850
v -0.081746 -0.013093 0.015947 0.5037 0.5106 0.5436
v -0.080787 -0.013081 0.016056 0.5848 0.5939 0.6199
v -0.084123 -0.013930 0.017696 0.5828 0.5808 0.5943
v -0.083220 -0.013849 0.017624 0.5377 0.5440 0.5671
v -0.082346 -0.013778 0.017574 0.5479 0.5532 0.5718
v -0.081455 -0.013694 0.017494 0.5461 0.5540 0.5816
v -0.084606 -0.014766 0.019718 0.5917 0.5886 0.6023
v -0.083730 -0.014587 0.019399 0.6047 0.5993 0.6123
v -0.082904 -0.014428 0.019121 0.5548 0.5559 0.5749
v -0.082082 -0.014268 0.018842 0.4710 0.4876 0.5256
v -0.087969 -0.017016 0.024739 0.6058 0.6104 0.6140
v -0.085462 -0.013848 0.017251 0.5443 0.5521 0.5802
v -0.085837 -0.014642 0.019188 0.5752 0.5851 0.6145
v -0.086213 -0.015433 0.021116 0.5820 0.5925 0.5997
v -0.086576 -0.016217 0.023032 0.5822 0.5918 0.6008
v -0.086302 -0.014591 0.018948 0.5766 0.5863 0.6157
v -0.086559 -0.015234 0.020528 0.5403 0.5523 0.5692
v -0.086817 -0.015869 0.022086 0.5259 0.5363 0.5606
v -0.087066 -0.016498 0.023632 0.5988 0.6065 0.6144
v -0.087139 -0.015332 0.020639 0.5977 0.6054 0.6105
v -0.087265 -0.015820 0.021855 0.5952 0.6043 0.6078
v -0.087397 -0.016293 0.023030 0.5809 0.5918 0.5998
v -0.087525 -0.016761 0.024196 0.6357 0.6345 0.6439
v -0.087955 -0.018738 0.029136 0.5512 0.5563 0.5823
v -0.088420 -0.018743 0.029040 0.5870 0.5947 0.6183
v -0.088880 -0.018746 0.028940 0.5651 0.5717 0.5976
v -0.089354 -0.018765 0.028876 0.5561 0.5629 0.5889
v -0.087497 -0.017897 0.027099 0.6178 0.6238 0.6272
v -0.087961 -0.017984 0.027212 0.5937 0.6014 0.6150
v -0.088408 -0.018060 0.027301 0.5657 0.5712 0.5935
v -0.088867 -0.018150 0.027421 0.5618 0.5661 0.5929
v -0.087043 -0.017061 0.025074 0.5622 0.5664 0.5810
v -0.087519 -0.017245 0.025430 0.5582 0.5622 0.5774
v -0.087965 -0.017409 0.025743 0.5667 0.5726 0.5843
v -0.088410 -0.017573 0.026057 0.5956 0.6031 0.6049
v -0.090489 -0.018461 0.027831 0.6087 0.6148 0.6246
v -0.089649 -0.017662 0.025990 0.5797 0.5854 0.6075
v -0.088813 -0.016868 0.024162 0.5857 0.5902 0.6032
v -0.087976 -0.016064 0.022311 0.5909 0.6001 0.6079
v -0.090106 -0.018559 0.028171 0.6400 0.6387 0.6549
v -0.089386 -0.017828 0.026478 0.6144 0.6195 0.6254
v -0.088680 -0.017118 0.024832 0.5621 0.5668 0.5802
v -0.087974 -0.016399 0.023165 0.6050 0.6110 0.6199
v -0.089724 -0.018654 0.028505 0.5898 0.5974 0.6210
v -0.089121 -0.017982 0.026934 0.6000 0.6054 0.6186
v -0.088544 -0.017345 0.025445 0.5352 0.5417 0.5607
v -0.087971 -0.016713 0.023966 0.6350 0.6321 0.6434
v -0.090469 -0.015913 0.024739 0.6161 0.6198 0.6400
v -0.093726 -0.016194 0.029136 0.6271 0.6337 0.6389
v -0.092474 -0.015702 0.027099 0.5925 0.5982 0.6154
v -0.091230 -0.015215 0.025074 0.6011 0.6071 0.6259
v -0.089980 -0.014717 0.023032 0.6645 0.6566 0.6707
v -0.093397 -0.016549 0.029040 0.6471 0.6546 0.6544
v -0.092300 -0.016071 0.027212 0.6142 0.6200 0.6293
v -0.091229 -0.015609 0.025430 0.6250 0.6291 0.6432
v -0.090152 -0.015137 0.023632 0.5911 0.5868 0.6069
v -0.093067 -0.016900 0.028939 0.6422 0.6493 0.6508
v -0.092118 -0.016425 0.027301 0.6390 0.6471 0.6476
v -0.091212 -0.015977 0.025743 0.5759 0.5820 0.6086
v -0.090313 -0.015532 0.024195 0.6440 0.6389 0.6542
v -0.086327 -0.013467 0.017251 0.5521 0.5580 0.5931
v -0.087114 -0.014233 0.018948 0.5789 0.5885 0.6177
v -0.087900 -0.014996 0.020639 0.5771 0.5870 0.5984
v -0.088670 -0.015758 0.022311 0.5781 0.5751 0.5953
v -0.087549 -0.013887 0.019188 0.5702 0.5851 0.6109
v -0.088140 -0.014537 0.020528 0.5820 0.5923 0.6034
v -0.088727 -0.015175 0.021855 0.6082 0.6121 0.6195
v -0.089302 -0.015813 0.023165 0.6193 0.6154 0.6323
v -0.088766 -0.014307 0.021116 0.6430 0.6469 0.6430
v -0.089147 -0.014842 0.022086 0.5970 0.6006 0.6152
v -0.089524 -0.015355 0.023030 0.6465 0.6405 0.6555
v -0.089896 -0.015864 0.023966 0.5929 0.5890 0.6087
v -0.091354 -0.018079 0.027831 0.5841 0.5945 0.6057
v -0.091818 -0.017804 0.028171 0.6163 0.6211 0.6305
v -0.092277 -0.017529 0.028505 0.6067 0.6089 0.6220
v -0.092757 -0.017265 0.028876 0.5518 0.5590 0.5766
v -0.090461 -0.017304 0.025990 0.5381 0.5512 0.5817
v -0.090967 -0.017131 0.026478 0.6220 0.6255 0.6434
v -0.091450 -0.016955 0.026933 0.5654 0.5794 0.5899
v -0.091952 -0.016789 0.027421 0.6070 0.6175 0.6214
v -0.089574 -0.016532 0.024162 0.5397 0.5428 0.5689
v -0.090142 -0.016473 0.024832 0.5935 0.5957 0.6219
v -0.090671 -0.016408 0.025445 0.5621 0.5686 0.5986
v -0.091198 -0.016344 0.026057 0.5615 0.5680 0.5981
v -0.085329 -0.001449 -0.009160 0.6903 0.6812 0.6903
v -0.086991 0.001874 -0.016144 0.6970 0.6952 0.6970
v -0.085983 0.000469 -0.014565 0.7008 0.7047 0.7008
v -0.084982 -0.000928 -0.012991 0.6728 0.6611 0.6728
v -0.083968 -0.002334 -0.011435 0.6925 0.6812 0.6925
v -0.087192 0.001667 -0.014335 0.7155 0.7194 0.7155
v -0.086264 0.000420 -0.013088 0.7021 0.7013 0.7021
v -0.085361 -0.000797 -0.011854 0.7106 0.7003 0.7106
v -0.084446 -0.002023 -0.010635 0.6797 0.6727 0.6797
v -0.087390 0.001457 -0.012533 0.6750 0.6639 0.6702
v -0.086526 0.000357 -0.011632 0.6977 0.6945 0.6977
v -0.085708 -0.000691 -0.010754 0.6682 0.6610 0.6682
v -0.084895 -0.001731 -0.009885 0.6829 0.6753 0.6829
v -0.081203 -0.006374 -0.006295 0.6680 0.6623 0.6696
v -0.082277 -0.005337 -0.005971 0.6643 0.6531 0.6652
v -0.083347 -0.004303 -0.005654 0.6958 0.6944 0.6920
v -0.084410 -0.003285 -0.005302 0.7116 0.7056 0.6945
v -0.082130 -0.005021 -0.008009 0.6939 0.6750 0.6801
v -0.083008 -0.004219 -0.007549 0.7174 0.6974 0.6986
v -0.083874 -0.003423 -0.007119 0.6887 0.6941 0.6932
v -0.084733 -0.002639 -0.006659 0.6263 0.6341 0.6462
v -0.083055 -0.003675 -0.009711 0.6714 0.6603 0.6714
v -0.083732 -0.003118 -0.009082 0.6716 0.6653 0.6716
v -0.084387 -0.002573 -0.008506 0.6462 0.6471 0.6480
v -0.085036 -0.002034 -0.007931 0.6716 0.6754 0.6805
v -0.087792 0.000153 -0.005042 0.7267 0.7070 0.7073
v -0.087726 0.000521 -0.006945 0.6988 0.6925 0.6949
v -0.087656 0.000884 -0.008836 0.7191 0.7097 0.7191
v -0.087608 0.001272 -0.010743 0.7277 0.7136 0.7103
v -0.086663 -0.000992 -0.005138 0.6728 0.6719 0.6728
v -0.086714 -0.000548 -0.006844 0.6565 0.6546 0.6565
v -0.086752 -0.000127 -0.008508 0.7185 0.7194 0.7185
v -0.086806 0.000315 -0.010186 0.7293 0.7319 0.7293
v -0.085542 -0.002130 -0.005237 0.6923 0.6907 0.6923
v -0.085728 -0.001586 -0.006766 0.7197 0.7093 0.7197
v -0.085891 -0.001083 -0.008220 0.7020 0.7014 0.7020
v -0.086055 -0.000582 -0.009664 0.7083 0.7086 0.7083
v -0.073978 -0.010292 0.002743 0.5786 0.5825 0.6027
v -0.075287 -0.011834 0.011205 0.6059 0.6000 0.6136
v -0.075695 -0.011444 0.009026 0.5552 0.5699 0.5983
v -0.076097 -0.011055 0.006856 0.5664 0.5833 0.5976
v -0.076523 -0.010670 0.004700 0.5781 0.5953 0.6125
v -0.074244 -0.011476 0.009278 0.5719 0.5826 0.6124
v -0.074714 -0.011159 0.007502 0.6134 0.6069 0.6190
v -0.075161 -0.010847 0.005751 0.5569 0.5667 0.5845
v -0.075628 -0.010537 0.004012 0.5594 0.5748 0.6010
v -0.073209 -0.011120 0.007358 0.6153 0.6092 0.6210
v -0.073763 -0.010878 0.005994 0.5932 0.5900 0.6029
v -0.074277 -0.010644 0.004674 0.6021 0.6002 0.6185
v -0.074789 -0.010413 0.003366 0.5990 0.6010 0.6169
v -0.077276 -0.009434 -0.002176 0.6174 0.6208 0.6302
v -0.075933 -0.009438 -0.002084 0.6291 0.6220 0.6416
v -0.074598 -0.009443 -0.001987 0.6649 0.6538 0.6614
v -0.073255 -0.009441 -0.001932 0.6451 0.6508 0.6386
v -0.077018 -0.009846 0.000119 0.6162 0.6232 0.6303
v -0.075832 -0.009810 -0.000023 0.5966 0.6023 0.6152
v -0.074675 -0.009778 -0.000138 0.5923 0.5933 0.6098
v -0.073509 -0.009740 -0.000288 0.6505 0.6540 0.6494
v -0.076759 -0.010256 0.002399 0.5998 0.6092 0.6208
v -0.075721 -0.010172 0.001985 0.6303 0.6377 0.6414
v -0.074731 -0.010096 0.001620 0.5701 0.5761 0.5958
v -0.073748 -0.010021 0.001254 0.5982 0.5953 0.6183
v -0.069372 -0.009609 -0.000800 0.5721 0.5832 0.5975
v -0.070307 -0.009995 0.001287 0.5553 0.5623 0.5838
v -0.071239 -0.010379 0.003360 0.6095 0.6114 0.6229
v -0.072157 -0.010767 0.005460 0.5816 0.5883 0.6079
v -0.070672 -0.009555 -0.001168 0.6692 0.6589 0.6702
v -0.071388 -0.009908 0.000751 0.5658 0.5735 0.5923
v -0.072099 -0.010252 0.002616 0.5971 0.5994 0.6170
v -0.072797 -0.010600 0.004505 0.6306 0.6269 0.6423
v -0.071966 -0.009502 -0.001529 0.6571 0.6613 0.6475
v -0.072450 -0.009827 0.000249 0.5854 0.5860 0.6069
v -0.072927 -0.010136 0.001934 0.6458 0.6398 0.6571
v -0.073398 -0.010443 0.003609 0.5958 0.5951 0.6140
v -0.074355 -0.008834 -0.008976 0.6314 0.6319 0.6474
v -0.076156 -0.008468 -0.015843 0.6268 0.6363 0.6382
v -0.074994 -0.008573 -0.014051 0.6473 0.6522 0.6559
v -0.073840 -0.008678 -0.012266 0.6252 0.6328 0.6447
v -0.072669 -0.008781 -0.010493 0.6115 0.6192 0.6349
v -0.076444 -0.008541 -0.014303 0.6457 0.6453 0.6582
v -0.075368 -0.008628 -0.012838 0.6503 0.6549 0.6575
v -0.074322 -0.008714 -0.011394 0.6449 0.6527 0.6606
v -0.073262 -0.008800 -0.009959 0.5873 0.5950 0.6162
v -0.076727 -0.008613 -0.012769 0.6222 0.6191 0.6356
v -0.075720 -0.008683 -0.011637 0.5767 0.5845 0.6079
v -0.074766 -0.008751 -0.010544 0.6103 0.6181 0.6339
v -0.073818 -0.008817 -0.009459 0.6387 0.6462 0.6556
v -0.069502 -0.009105 -0.004855 0.5994 0.5996 0.6096
v -0.070794 -0.009081 -0.004973 0.5808 0.5861 0.5942
v -0.072080 -0.009058 -0.005095 0.6293 0.6349 0.6443
v -0.073360 -0.009036 -0.005183 0.6425 0.6431 0.6543
v -0.070565 -0.008997 -0.006737 0.6255 0.6236 0.6411
v -0.071626 -0.008986 -0.006659 0.6683 0.6581 0.6698
v -0.072671 -0.008975 -0.006602 0.6362 0.6324 0.6480
v -0.073709 -0.008965 -0.006517 0.6634 0.6545 0.6661
v -0.071624 -0.008889 -0.008607 0.6427 0.6408 0.6539
v -0.072450 -0.008893 -0.008302 0.6348 0.6306 0.6481
v -0.073247 -0.008896 -0.008036 0.6294 0.6260 0.6446
v -0.074038 -0.008898 -0.007768 0.6655 0.6557 0.6681
v -0.077406 -0.008929 -0.006231 0.6155 0.6110 0.6315
v -0.077276 -0.008848 -0.007905 0.6058 0.6080 0.6265
v -0.077144 -0.008767 -0.009568 0.6613 0.6615 0.6576
v -0.077035 -0.008685 -0.011253 0.6431 0.6388 0.6431
v -0.076055 -0.008965 -0.005889 0.6717 0.6607 0.6725
v -0.076070 -0.008888 -0.007433 0.6159 0.6154 0.6357
v -0.076071 -0.008813 -0.008933 0.5911 0.5963 0.6176
v -0.076093 -0.008737 -0.010452 0.6186 0.6192 0.6344
v -0.074713 -0.008999 -0.005553 0.6378 0.6328 0.6477
v -0.074895 -0.008925 -0.006989 0.6104 0.6109 0.6317
v -0.075051 -0.008856 -0.008350 0.6486 0.6433 0.6550
v -0.075208 -0.008786 -0.009701 0.5915 0.5988 0.6196
v -0.081333 -0.004541 -0.014698 0.7460 0.7261 0.7316
v -0.079820 -0.007444 -0.008211 0.6991 0.7036 0.7008
v -0.080833 -0.006025 -0.009806 0.6850 0.6770 0.6906
v -0.081839 -0.004615 -0.011396 0.6682 0.6597 0.6725
v -0.082859 -0.003192 -0.012971 0.6941 0.6818 0.6923
v -0.079542 -0.007454 -0.009763 0.6454 0.6440 0.6609
v -0.080482 -0.006173 -0.011050 0.6464 0.6437 0.6625
v -0.081396 -0.004926 -0.012320 0.6725 0.6638 0.6799
v -0.082323 -0.003666 -0.013578 0.6525 0.6476 0.6685
v -0.079267 -0.007461 -0.011309 0.6427 0.6406 0.6596
v -0.080151 -0.006303 -0.012278 0.6510 0.6467 0.6539
v -0.080988 -0.005203 -0.013217 0.6893 0.6784 0.6836
v -0.081819 -0.004111 -0.014148 0.6673 0.6590 0.6773
v -0.085609 0.000804 -0.018060 0.6779 0.6679 0.6779
v -0.084457 -0.000450 -0.018126 0.7013 0.6974 0.7013
v -0.083310 -0.001700 -0.018187 0.6688 0.6659 0.6688
v -0.082169 -0.002937 -0.018281 0.6674 0.6668 0.6674
v -0.084686 -0.000535 -0.016362 0.6806 0.6689 0.6806
v -0.083738 -0.001535 -0.016588 0.6854 0.6740 0.6854
v -0.082804 -0.002523 -0.016791 0.6701 0.6586 0.6701
v -0.081875 -0.003501 -0.017021 0.6879 0.6762 0.6879
v -0.083767 -0.001868 -0.014676 0.6862 0.6745 0.6862
v -0.083025 -0.002605 -0.015091 0.6555 0.6438 0.6555
v -0.082309 -0.003321 -0.015465 0.7033 0.6916 0.7033
v -0.081600 -0.004030 -0.015839 0.7010 0.6893 0.7010
v -0.078570 -0.006983 -0.017823 0.6144 0.6213 0.6343
v -0.078710 -0.007147 -0.016161 0.6403 0.6464 0.6519
v -0.078851 -0.007307 -0.014510 0.6441 0.6401 0.6445
v -0.078971 -0.007493 -0.012840 0.6986 0.6878 0.6991
v -0.079772 -0.005634 -0.017968 0.6341 0.6371 0.6472
v -0.079779 -0.005914 -0.016455 0.6681 0.6723 0.6702
v -0.079800 -0.006173 -0.014982 0.6337 0.6372 0.6346
v -0.079802 -0.006455 -0.013493 0.6730 0.6653 0.6730
v -0.080966 -0.004294 -0.018108 0.6801 0.6766 0.6813
v -0.080823 -0.004715 -0.016724 0.6404 0.6390 0.6519
v -0.080703 -0.005098 -0.015411 0.6622 0.6636 0.6673
v -0.080581 -0.005481 -0.014106 0.6740 0.6666 0.6740
v -0.086848 0.014525 -0.021496 0.6989 0.6975 0.6881
v -0.087517 0.007401 -0.020412 0.7500 0.7373 0.7371
v -0.087444 0.010241 -0.019427 0.7084 0.7044 0.7161
v -0.087370 0.013064 -0.018452 0.6620 0.6576 0.6620
v -0.087301 0.015903 -0.017440 0.6385 0.6449 0.6559
v -0.087265 0.008018 -0.021923 0.7185 0.7141 0.7163
v -0.087224 0.010519 -0.020886 0.6921 0.6913 0.7014
v -0.087181 0.012961 -0.019892 0.6645 0.6719 0.6702
v -0.087142 0.015418 -0.018866 0.6691 0.6735 0.6717
v -0.087016 0.008639 -0.023421 0.7229 0.7190 0.7011
v -0.087009 0.010820 -0.022297 0.6811 0.6773 0.6811
v -0.087001 0.012899 -0.021248 0.6649 0.6725 0.6735
v -0.086992 0.014964 -0.020204 0.6967 0.6958 0.6856
v -0.086999 0.024143 -0.015237 0.7290 0.7164 0.7177
v -0.086826 0.022235 -0.017529 0.6542 0.6441 0.6542
v -0.086654 0.020331 -0.019807 0.6571 0.6532 0.6571
v -0.086478 0.018461 -0.022094 0.6852 0.6788 0.6852
v -0.087099 0.021385 -0.015983 0.6123 0.6308 0.6356
v -0.086933 0.019934 -0.017976 0.6299 0.6255 0.6364
v -0.086772 0.018492 -0.019926 0.6507 0.6531 0.6507
v -0.086608 0.017077 -0.021884 0.6932 0.6873 0.6932
v -0.087198 0.018640 -0.016729 0.6372 0.6284 0.6401
v -0.087035 0.017673 -0.018436 0.6309 0.6349 0.6507
v -0.086882 0.016720 -0.020067 0.6523 0.6562 0.6623
v -0.086730 0.015779 -0.021686 0.6956 0.6849 0.6958
v -0.086028 0.012031 -0.028838 0.5982 0.6072 0.6155
v -0.086274 0.011100 -0.027531 0.6800 0.6764 0.6707
v -0.086520 0.010181 -0.026227 0.6538 0.6499 0.6559
v -0.086764 0.009212 -0.024953 0.6620 0.6625 0.6568
v -0.086179 0.014173 -0.026582 0.6607 0.6651 0.6607
v -0.086387 0.013123 -0.025624 0.6800 0.6698 0.6800
v -0.086590 0.012123 -0.024668 0.6901 0.6827 0.6901
v -0.086794 0.011081 -0.023737 0.7134 0.7049 0.7125
v -0.086330 0.016298 -0.024337 0.6721 0.6604 0.6721
v -0.086499 0.015083 -0.023753 0.6942 0.6831 0.6942
v -0.086661 0.013956 -0.023171 0.6993 0.6963 0.6993
v -0.086821 0.012833 -0.022597 0.6800 0.6789 0.6800
v -0.083525 0.002023 -0.024012 0.6580 0.6541 0.6583
v -0.084878 0.007706 -0.029708 0.6072 0.6116 0.6230
v -0.083904 0.005613 -0.028305 0.6249 0.6208 0.6355
v -0.082936 0.003531 -0.026906 0.6130 0.6139 0.6330
v -0.081954 0.001442 -0.025520 0.6714 0.6684 0.6769
v -0.085195 0.007042 -0.028348 0.6303 0.6387 0.6432
v -0.084285 0.005219 -0.027215 0.6583 0.6549 0.6703
v -0.083403 0.003436 -0.026098 0.6140 0.6166 0.6367
v -0.082506 0.001646 -0.024990 0.6694 0.6768 0.6817
v -0.085508 0.006376 -0.026993 0.6508 0.6468 0.6548
v -0.084647 0.004813 -0.026140 0.6625 0.6586 0.6741
v -0.083833 0.003320 -0.025312 0.6997 0.6893 0.7002
v -0.083024 0.001838 -0.024492 0.6553 0.6542 0.6591
v -0.079328 -0.004712 -0.021045 0.6219 0.6202 0.6370
v -0.080483 -0.003503 -0.020992 0.6384 0.6327 0.6457
v -0.081632 -0.002296 -0.020943 0.6714 0.6632 0.6714
v -0.082777 -0.001116 -0.020865 0.6964 0.6936 0.6959
v -0.080210 -0.002653 -0.022538 0.6237 0.6230 0.6376
v -0.081165 -0.001764 -0.022344 0.6628 0.6545 0.6628
v -0.082104 -0.000877 -0.022170 0.6873 0.6829 0.6873
v -0.083040 -0.000012 -0.021972 0.7056 0.6956 0.6960
v -0.081089 -0.000604 -0.024021 0.6061 0.6135 0.6282
v -0.081841 -0.000058 -0.023660 0.6515 0.6571 0.6671
v -0.082567 0.000486 -0.023335 0.6612 0.6654 0.6749
v -0.083286 0.001023 -0.023010 0.6296 0.6263 0.6419
v -0.086367 0.003075 -0.021282 0.7016 0.7055 0.7016
v -0.086187 0.003959 -0.022739 0.6902 0.6815 0.6902
v -0.086004 0.004834 -0.024187 0.6455 0.6487 0.6455
v -0.085842 0.005743 -0.025651 0.6773 0.6745 0.6773
v -0.085168 0.001681 -0.021150 0.6441 0.6337 0.6440
v -0.085123 0.002615 -0.022477 0.7188 0.7090 0.6955
v -0.085066 0.003510 -0.023768 0.7279 0.7171 0.7014
v -0.085027 0.004435 -0.025074 0.6982 0.6871 0.6986
v -0.083977 0.000297 -0.021022 0.6743 0.6627 0.6695
v -0.084085 0.001314 -0.022237 0.6509 0.6434 0.6523
v -0.084173 0.002263 -0.023389 0.7070 0.6994 0.6873
v -0.084263 0.003208 -0.024534 0.6473 0.6434 0.6522
v -0.088256 0.018423 -0.010810 0.5941 0.6035 0.6136
v -0.088004 0.008750 -0.016715 0.7020 0.6896 0.6862
v -0.088230 0.010687 -0.014606 0.6897 0.6856 0.6897
v -0.088454 0.012619 -0.012510 0.6580 0.6495 0.6580
v -0.088682 0.014519 -0.010407 0.6242 0.6291 0.6356
v -0.087901 0.011506 -0.015958 0.6578 0.6462 0.6578
v -0.088115 0.012983 -0.014131 0.6236 0.6387 0.6504
v -0.088321 0.014451 -0.012342 0.6161 0.6220 0.6293
v -0.088532 0.015892 -0.010548 0.6075 0.6150 0.6247
v -0.087799 0.014250 -0.015201 0.6483 0.6515 0.6607
v -0.088005 0.015241 -0.013645 0.6220 0.6270 0.6335
v -0.088199 0.016215 -0.012158 0.6145 0.6219 0.6285
v -0.088392 0.017180 -0.010681 0.6069 0.6128 0.6239
v -0.089279 0.021028 -0.004175 0.8957 0.8865 0.8645
v -0.088983 0.021932 -0.005310 0.9073 0.9006 0.8761
v -0.088689 0.022825 -0.006443 0.9155 0.9013 0.8843
v -0.088396 0.023767 -0.007548 0.9083 0.9015 0.8771
v -0.089078 0.018860 -0.006259 0.6742 0.6625 0.6742
v -0.088831 0.019888 -0.007079 0.7316 0.7132 0.7164
v -0.088589 0.020867 -0.007899 0.7634 0.7530 0.7466
v -0.088347 0.021888 -0.008695 0.7684 0.7507 0.7503
v -0.088878 0.016708 -0.008334 0.6065 0.6188 0.6303
v -0.088680 0.017906 -0.008814 0.6017 0.6060 0.6206
v -0.088490 0.019018 -0.009296 0.6035 0.6075 0.6215
v -0.088301 0.020125 -0.009771 0.6578 0.6538 0.6619
v -0.087487 0.025492 -0.011540 0.8843 0.8864 0.8725
v -0.087556 0.022651 -0.012514 0.6921 0.6912 0.6830
v -0.087627 0.019826 -0.013477 0.5926 0.6004 0.6199
v -0.087692 0.016984 -0.014475 0.6090 0.6150 0.6251
v -0.087790 0.024904 -0.010213 0.9111 0.9014 0.8894
v -0.087823 0.022398 -0.011221 0.7540 0.7506 0.7337
v -0.087859 0.019952 -0.012189 0.6142 0.6196 0.6327
v -0.087890 0.017490 -0.013186 0.5982 0.6053 0.6195
v -0.088092 0.024312 -0.008896 0.9191 0.9186 0.8879
v -0.088084 0.022123 -0.009971 0.7325 0.7130 0.7202
v -0.088081 0.020037 -0.010977 0.6122 0.6174 0.6263
v -0.088077 0.017965 -0.011977 0.5900 0.6006 0.6095
v -0.088928 0.009013 -0.007789 0.7069 0.6964 0.7069
v -0.089037 0.003773 -0.004568 0.7125 0.7100 0.7125
v -0.089128 0.006171 -0.004199 0.7104 0.7045 0.7104
v -0.089218 0.008554 -0.003837 0.6958 0.6972 0.6958
v -0.089310 0.010957 -0.003436 0.6191 0.6239 0.6385
v -0.088894 0.003918 -0.006500 0.7277 0.7234 0.7171
v -0.088990 0.006066 -0.005977 0.7329 0.7212 0.7329
v -0.089082 0.008161 -0.005489 0.6748 0.6705 0.6748
v -0.089176 0.010273 -0.004967 0.6610 0.6535 0.6610
v -0.088752 0.004067 -0.008418 0.7221 0.7134 0.7071
v -0.088856 0.005989 -0.007706 0.6984 0.6869 0.6963
v -0.088953 0.007817 -0.007054 0.7171 0.7054 0.7171
v -0.089050 0.009632 -0.006402 0.6618 0.6541 0.6618
v -0.089511 0.017773 -0.003130 0.7414 0.7300 0.7285
v -0.089296 0.015805 -0.005279 0.5982 0.6026 0.6188
v -0.089083 0.013845 -0.007414 0.6133 0.6233 0.6344
v -0.088868 0.011908 -0.009568 0.6531 0.6414 0.6531
v -0.089443 0.015490 -0.003242 0.6487 0.6439 0.6556
v -0.089256 0.013939 -0.005169 0.6009 0.6102 0.6234
v -0.089073 0.012405 -0.007048 0.6268 0.6325 0.6403
v -0.088889 0.010890 -0.008943 0.6935 0.6848 0.6935
v -0.089375 0.013216 -0.003358 0.5834 0.5923 0.6103
v -0.089215 0.012100 -0.005084 0.6193 0.6248 0.6357
v -0.089061 0.011012 -0.006726 0.6648 0.6642 0.6652
v -0.088909 0.009935 -0.008356 0.6969 0.6869 0.6969
v -0.088237 0.005494 -0.015670 0.7215 0.7121 0.7238
v -0.088361 0.005063 -0.013890 0.6805 0.6696 0.6792
v -0.088485 0.004641 -0.012116 0.7069 0.6906 0.6929
v -0.088606 0.004174 -0.010363 0.6818 0.6751 0.6712
v -0.088448 0.007632 -0.013626 0.7073 0.6985 0.6994
v -0.088539 0.007034 -0.012221 0.6934 0.6820 0.6842
v -0.088631 0.006474 -0.010830 0.7261 0.7094 0.7065
v -0.088720 0.005876 -0.009458 0.6902 0.6820 0.6785
v -0.088658 0.009755 -0.011590 0.6346 0.6378 0.6574
v -0.088714 0.008949 -0.010576 0.7136 0.7061 0.6956
v -0.088771 0.008210 -0.009588 0.6953 0.6917 0.6953
v -0.088826 0.007472 -0.008609 0.7073 0.7035 0.7073
v -0.090270 0.012303 0.002124 0.6643 0.6633 0.6611
v -0.089502 0.004911 -0.001138 0.6877 0.6870 0.6886
v -0.089812 0.006170 0.000287 0.6728 0.6628 0.6703
v -0.090121 0.007427 0.001704 0.6622 0.6544 0.6622
v -0.090432 0.008653 0.003131 0.6261 0.6251 0.6398
v -0.089563 0.007239 -0.000981 0.6687 0.6706 0.6777
v -0.089837 0.008146 0.000289 0.6492 0.6578 0.6666
v -0.090105 0.009054 0.001528 0.6143 0.6135 0.6351
v -0.090375 0.009936 0.002777 0.6032 0.6053 0.6266
v -0.089625 0.009555 -0.000821 0.6643 0.6602 0.6703
v -0.089866 0.010084 0.000306 0.6085 0.6107 0.6285
v -0.090094 0.010616 0.001379 0.6342 0.6313 0.6459
v -0.090321 0.011140 0.002444 0.6451 0.6419 0.6559
v -0.091332 0.013087 0.007209 0.9082 0.8934 0.8770
v -0.091118 0.014181 0.006107 0.9140 0.8982 0.8817
v -0.090904 0.015265 0.005009 0.9269 0.9107 0.8951
v -0.090694 0.016386 0.003925 0.9037 0.9019 0.9001
v -0.091031 0.011612 0.005843 0.7537 0.7401 0.7418
v -0.090867 0.012744 0.004983 0.7974 0.7856 0.7685
v -0.090704 0.013831 0.004131 0.7870 0.7730 0.7661
v -0.090545 0.014950 0.003292 0.8155 0.7954 0.7914
v -0.090731 0.010150 0.004483 0.6525 0.6492 0.6663
v -0.090621 0.011355 0.003877 0.6465 0.6499 0.6757
v -0.090512 0.012482 0.003284 0.6883 0.6888 0.7014
v -0.090405 0.013604 0.002697 0.7401 0.7243 0.7223
v -0.089975 0.018911 0.000300 0.9254 0.9129 0.8984
v -0.089878 0.016558 -0.000024 0.8077 0.7814 0.7765
v -0.089783 0.014217 -0.000342 0.6779 0.6751 0.6868
v -0.089683 0.011870 -0.000686 0.6267 0.6322 0.6417
v -0.090214 0.018058 0.001508 0.9365 0.9210 0.9030
v -0.090104 0.016019 0.001098 0.8022 0.7750 0.7710
v -0.089999 0.014024 0.000711 0.6710 0.6702 0.6763
v -0.089889 0.012022 0.000302 0.6010 0.6069 0.6215
v -0.090452 0.017204 0.002708 0.9067 0.9040 0.9010
v -0.090322 0.015470 0.002187 0.8004 0.7745 0.7731
v -0.090202 0.013811 0.001707 0.7090 0.7001 0.6979
v -0.090083 0.012165 0.001229 0.6416 0.6450 0.6430
v -0.083798 0.025823 -0.027344 0.7377 0.7283 0.7281
v -0.085944 0.028052 -0.017261 0.9023 0.8926 0.8803
v -0.085011 0.029121 -0.019987 0.9078 0.9000 0.8766
v -0.084084 0.030176 -0.022701 0.8742 0.8625 0.8452
v -0.083150 0.031282 -0.025401 0.8352 0.8258 0.8120
v -0.085836 0.025903 -0.019427 0.7547 0.7536 0.7401
v -0.085005 0.027077 -0.021674 0.7571 0.7451 0.7400
v -0.084194 0.028198 -0.023885 0.7717 0.7568 0.7653
v -0.083378 0.029363 -0.026084 0.7872 0.7660 0.7669
v -0.085726 0.023769 -0.021587 0.7006 0.6982 0.7006
v -0.084989 0.025097 -0.023345 0.7158 0.7078 0.7066
v -0.084288 0.026332 -0.025042 0.7588 0.7493 0.7588
v -0.083592 0.027562 -0.026725 0.7525 0.7385 0.7310
v -0.080478 0.033477 -0.033910 0.6243 0.6226 0.6400
v -0.081195 0.030509 -0.033565 0.6039 0.6012 0.6215
v -0.081909 0.027558 -0.033215 0.6498 0.6423 0.6579
v -0.082613 0.024592 -0.032914 0.6387 0.6452 0.6480
v -0.081373 0.032731 -0.031069 0.7056 0.6910 0.6979
v -0.081931 0.030127 -0.031036 0.7208 0.7049 0.7064
v -0.082485 0.027583 -0.030975 0.6758 0.6695 0.6758
v -0.083030 0.025025 -0.030955 0.6843 0.6729 0.6737
v -0.082264 0.031983 -0.028246 0.7239 0.7096 0.7186
v -0.082657 0.029725 -0.028569 0.7187 0.7049 0.7145
v -0.083041 0.027570 -0.028842 0.7224 0.7158 0.7020
v -0.083421 0.025431 -0.029118 0.6894 0.6744 0.6767
v -0.084973 0.015940 -0.030861 0.5303 0.5316 0.5492
v -0.085189 0.017840 -0.028480 0.6583 0.6551 0.6737
v -0.085402 0.019736 -0.026116 0.6847 0.6752 0.6847
v -0.085632 0.021595 -0.023717 0.6927 0.6901 0.6925
v -0.084186 0.018836 -0.031535 0.5517 0.5551 0.5756
v -0.084459 0.020266 -0.029322 0.6869 0.6791 0.6869
v -0.084716 0.021689 -0.027172 0.7078 0.6993 0.7045
v -0.084987 0.023082 -0.024992 0.6803 0.6821 0.6782
v -0.083405 0.021717 -0.032199 0.6040 0.6177 0.6236
v -0.083749 0.022648 -0.030117 0.6340 0.6402 0.6460
v -0.084066 0.023568 -0.028147 0.7209 0.7041 0.7081
v -0.084382 0.024477 -0.026189 0.7247 0.7190 0.7247
v -0.074733 0.028837 -0.036315 0.3409 0.3682 0.4066
v -0.081836 0.016983 -0.033965 0.4979 0.5028 0.5235
v -0.081243 0.019814 -0.034448 0.4105 0.4305 0.4656
v -0.080647 0.022635 -0.034929 0.4535 0.4694 0.5001
v -0.080098 0.025428 -0.035403 0.4491 0.4646 0.5047
v -0.078983 0.019904 -0.034622 0.3653 0.3817 0.4277
v -0.078727 0.022171 -0.034993 0.3862 0.4096 0.4490
v -0.078449 0.024410 -0.035362 0.3856 0.4121 0.4520
v -0.078212 0.026627 -0.035724 0.3997 0.4387 0.4660
v -0.076146 0.022813 -0.035277 0.2989 0.3122 0.3629
v -0.076271 0.024497 -0.035530 0.3069 0.3223 0.3728
v -0.076354 0.026132 -0.035779 0.3303 0.3521 0.3966
v -0.076442 0.027751 -0.036024 0.2932 0.3195 0.3556
v -0.077342 0.034520 -0.037014 0.5015 0.5274 0.5442
v -0.075166 0.034795 -0.037211 0.4047 0.4230 0.4611
v -0.073007 0.035060 -0.037406 0.3856 0.4100 0.4454
v -0.070809 0.035385 -0.037613 0.3513 0.3670 0.4150
v -0.078252 0.031487 -0.036477 0.4402 0.4714 0.4896
v -0.076200 0.032033 -0.036708 0.3937 0.4165 0.4481
v -0.074211 0.032532 -0.036927 0.3640 0.3741 0.4117
v -0.072189 0.033083 -0.037157 0.3082 0.3212 0.3710
v -0.079150 0.028475 -0.035944 0.4428 0.4584 0.4908
v -0.077185 0.029345 -0.036220 0.3767 0.4045 0.4393
v -0.075329 0.030134 -0.036474 0.3371 0.3610 0.3994
v -0.073483 0.030923 -0.036728 0.3328 0.3510 0.3988
v -0.065021 0.035009 -0.037966 0.2770 0.3043 0.3435
v -0.067790 0.031902 -0.037286 0.2815 0.2997 0.3444
v -0.070546 0.028816 -0.036610 0.2931 0.3110 0.3566
v -0.073292 0.025698 -0.035929 0.2980 0.3128 0.3623
v -0.066965 0.035120 -0.037845 0.2996 0.3268 0.3619
v -0.069272 0.032308 -0.037243 0.2912 0.3048 0.3535
v -0.071539 0.029569 -0.036656 0.2964 0.3132 0.3594
v -0.073799 0.026802 -0.036065 0.3172 0.3444 0.3832
v -0.068904 0.035223 -0.037723 0.2965 0.3190 0.3572
v -0.070744 0.032670 -0.037195 0.2988 0.3189 0.3615
v -0.072517 0.030246 -0.036692 0.2989 0.3124 0.3624
v -0.074274 0.027837 -0.036192 0.2990 0.3263 0.3621
v -0.054365 0.021002 -0.036314 0.2675 0.2878 0.3332
v -0.057974 0.032298 -0.037966 0.2808 0.3057 0.3453
v -0.056305 0.031077 -0.037845 0.2829 0.3010 0.3471
v -0.054646 0.029854 -0.037723 0.2958 0.3139 0.3602
v -0.052972 0.028698 -0.037612 0.2955 0.3218 0.3589
v -0.057893 0.028037 -0.037285 0.2634 0.2877 0.3262
v -0.056395 0.027354 -0.037243 0.2717 0.2935 0.3380
v -0.054935 0.026644 -0.037194 0.2648 0.2829 0.3297
v -0.053462 0.025991 -0.037156 0.2755 0.2985 0.3417
v -0.057807 0.023801 -0.036609 0.2619 0.2767 0.3253
v -0.056465 0.023715 -0.036655 0.2754 0.2982 0.3398
v -0.055189 0.023580 -0.036691 0.2750 0.2977 0.3411
v -0.053921 0.023453 -0.036728 0.2646 0.2834 0.3304
v -0.048234 0.023638 -0.037012 0.2701 0.2989 0.3517
v -0.049622 0.020684 -0.036476 0.2731 0.2954 0.3392
v -0.051005 0.017753 -0.035943 0.2689 0.2893 0.3348
v -0.052372 0.014762 -0.035402 0.2741 0.2964 0.3402
v -0.049822 0.025313 -0.037210 0.2710 0.2884 0.3345
v -0.050918 0.022484 -0.036707 0.2779 0.3017 0.3430
v -0.052002 0.019746 -0.036218 0.2958 0.3107 0.3585
v -0.053073 0.016957 -0.035722 0.2744 0.2861 0.3367
v -0.051402 0.026970 -0.037405 0.2763 0.2996 0.3421
v -0.052194 0.024207 -0.036926 0.2693 0.2884 0.3339
v -0.052966 0.021604 -0.036473 0.2587 0.2704 0.3211
v -0.053730 0.019015 -0.036023 0.2680 0.2797 0.3321
v -0.056887 0.007071 -0.033964 0.2726 0.2860 0.3374
v -0.057169 0.011245 -0.034621 0.2709 0.2896 0.3333
v -0.057445 0.015400 -0.035276 0.2638 0.2800 0.3277
v -0.057752 0.019546 -0.035928 0.2625 0.2790 0.3269
v -0.055381 0.009656 -0.034446 0.2659 0.2776 0.3296
v -0.055783 0.013168 -0.034992 0.2697 0.2908 0.3356
v -0.056159 0.016616 -0.035529 0.2704 0.2889 0.3328
v -0.056561 0.020058 -0.036064 0.2799 0.3044 0.3446
v -0.053886 0.012236 -0.034928 0.2642 0.2825 0.3298
v -0.054436 0.015084 -0.035361 0.2781 0.2980 0.3432
v -0.054941 0.017822 -0.035778 0.2662 0.2825 0.3286
v -0.055444 0.020538 -0.036191 0.2693 0.2881 0.3336
v -0.064237 0.011613 -0.034094 0.2626 0.2792 0.3272
v -0.061390 0.029049 -0.037198 0.2600 0.2733 0.3225
v -0.061097 0.024989 -0.036565 0.2734 0.2896 0.3396
v -0.060811 0.020944 -0.035933 0.2654 0.2848 0.3314
v -0.060491 0.016941 -0.035312 0.2675 0.2822 0.3337
v -0.063064 0.024649 -0.036325 0.2813 0.2930 0.3468
v -0.062636 0.021418 -0.035839 0.2769 0.3005 0.3431
v -0.062237 0.018225 -0.035357 0.2798 0.2919 0.3445
v -0.061808 0.015068 -0.034884 0.2718 0.2859 0.3369
v -0.064726 0.020266 -0.035456 0.2834 0.3090 0.3473
v -0.064131 0.017897 -0.035126 0.2719 0.2938 0.3382
v -0.063587 0.015593 -0.034802 0.2757 0.2882 0.3420
v -0.063044 0.013310 -0.034482 0.2786 0.3011 0.3416
v -0.060302 0.003822 -0.033196 0.2649 0.2848 0.3309
v -0.062140 0.003228 -0.032927 0.2803 0.3049 0.3453
v -0.063967 0.002648 -0.032661 0.2775 0.2983 0.3424
v -0.065810 0.001981 -0.032380 0.2811 0.2981 0.3470
v -0.060373 0.008197 -0.033901 0.2605 0.2758 0.3247
v -0.062024 0.007232 -0.033589 0.2700 0.2912 0.3363
v -0.063633 0.006337 -0.033292 0.2722 0.2935 0.3380
v -0.065257 0.005368 -0.032983 0.2619 0.2762 0.3246
v -0.060449 0.012543 -0.034601 0.2644 0.2833 0.3303
v -0.061930 0.011127 -0.034231 0.2592 0.2722 0.3218
v -0.063339 0.009835 -0.033889 0.2756 0.2985 0.3417
v -0.064738 0.008545 -0.033548 0.2648 0.2843 0.3311
v -0.071019 0.001967 -0.031889 0.3011 0.3175 0.3656
v -0.069473 0.006622 -0.032791 0.2734 0.2954 0.3379
v -0.067933 0.011247 -0.033688 0.2740 0.2856 0.3397
v -0.066411 0.015916 -0.034590 0.2649 0.2845 0.3312
v -0.069274 0.001993 -0.032057 0.2828 0.3056 0.3466
v -0.068051 0.006189 -0.032854 0.2707 0.2915 0.3365
v -0.066841 0.010276 -0.033632 0.2731 0.2859 0.3394
v -0.065646 0.014403 -0.034416 0.2636 0.2810 0.3284
v -0.067536 0.002030 -0.032226 0.2898 0.3096 0.3544
v -0.066649 0.005815 -0.032925 0.2802 0.3048 0.3439
v -0.065785 0.009411 -0.033591 0.2674 0.2837 0.3332
v -0.064929 0.012984 -0.034252 0.2705 0.2915 0.3360
v -0.073361 0.015283 -0.034095 0.2804 0.3027 0.3467
v -0.064547 0.030319 -0.037198 0.2829 0.3084 0.3463
v -0.066026 0.025840 -0.036325 0.2783 0.3056 0.3407
v -0.067503 0.021383 -0.035456 0.2778 0.2998 0.3414
v -0.068942 0.016935 -0.034590 0.2861 0.3125 0.3487
v -0.067344 0.027502 -0.036565 0.2768 0.3041 0.3391
v -0.068404 0.023739 -0.035840 0.2850 0.3034 0.3498
v -0.069466 0.020043 -0.035127 0.2980 0.3141 0.3607
v -0.070496 0.016354 -0.034416 0.2821 0.3074 0.3465
v -0.070128 0.024692 -0.035934 0.2845 0.3052 0.3494
v -0.070737 0.021645 -0.035358 0.2945 0.3084 0.3570
v -0.071349 0.018715 -0.034803 0.2887 0.3080 0.3529
v -0.071954 0.015809 -0.034252 0.2744 0.2964 0.3402
v -0.074176 0.003237 -0.031889 0.2860 0.3131 0.3484
v -0.075521 0.004506 -0.032057 0.2893 0.3013 0.3518
v -0.076853 0.005778 -0.032226 0.2893 0.3012 0.3519
v -0.078230 0.006978 -0.032380 0.3478 0.3602 0.4028
v -0.072435 0.007814 -0.032791 0.2710 0.2913 0.3362
v -0.073819 0.008509 -0.032854 0.2712 0.2941 0.3374
v -0.075149 0.009235 -0.032925 0.2808 0.3027 0.3463
v -0.076518 0.009898 -0.032983 0.2863 0.3064 0.3510
v -0.070710 0.012364 -0.033688 0.2682 0.2867 0.3328
v -0.072176 0.012422 -0.033633 0.2783 0.3023 0.3439
v -0.073547 0.012534 -0.033591 0.2781 0.3020 0.3427
v -0.074912 0.012638 -0.033548 0.2874 0.3144 0.3500
v -0.081362 0.012294 -0.033197 0.4644 0.4908 0.5082
v -0.078537 0.015504 -0.033902 0.2951 0.3224 0.3588
v -0.075728 0.018689 -0.034601 0.2898 0.3111 0.3522
v -0.072911 0.021938 -0.035313 0.2996 0.3153 0.3620
v -0.080304 0.010534 -0.032927 0.3915 0.4034 0.4375
v -0.077860 0.013602 -0.033590 0.2882 0.3155 0.3506
v -0.075468 0.016572 -0.034232 0.2952 0.3155 0.3584
v -0.073070 0.019598 -0.034884 0.2944 0.3118 0.3577
v -0.079246 0.008794 -0.032662 0.4250 0.4340 0.4666
v -0.077171 0.011783 -0.033293 0.2882 0.3154 0.3506
v -0.075187 0.014601 -0.033890 0.2846 0.3107 0.3482
v -0.073218 0.017403 -0.034483 0.2915 0.3098 0.3552
v -0.079103 -0.000233 -0.027640 0.5287 0.5336 0.5532
v -0.077799 -0.005493 -0.022300 0.6166 0.6157 0.6264
v -0.078775 -0.003385 -0.023716 0.6042 0.6037 0.6286
v -0.079743 -0.001291 -0.025125 0.6390 0.6370 0.6568
v -0.080728 0.000816 -0.026526 0.5883 0.5922 0.6078
v -0.077456 -0.005047 -0.023476 0.6567 0.6523 0.6521
v -0.078370 -0.003191 -0.024637 0.5978 0.5919 0.6220
v -0.079256 -0.001377 -0.025781 0.5736 0.5684 0.6005
v -0.080156 0.000447 -0.026918 0.5975 0.6055 0.6133
v -0.077118 -0.004600 -0.024647 0.5573 0.5621 0.5822
v -0.077985 -0.002979 -0.025550 0.6003 0.5925 0.6247
v -0.078805 -0.001433 -0.026421 0.6103 0.6161 0.6261
v -0.079621 0.000101 -0.027285 0.5938 0.6036 0.6075
v -0.083348 0.006925 -0.030963 0.4886 0.5133 0.5317
v -0.082168 0.005497 -0.030832 0.5020 0.5221 0.5465
v -0.080993 0.004073 -0.030698 0.5750 0.5848 0.6142
v -0.079824 0.002673 -0.030589 0.5188 0.5311 0.5647
v -0.082468 0.004880 -0.029482 0.5778 0.5828 0.6082
v -0.081490 0.003793 -0.029509 0.6046 0.6126 0.6402
v -0.080528 0.002712 -0.029519 0.5472 0.5587 0.5898
v -0.079570 0.001651 -0.029552 0.5994 0.6077 0.6356
v -0.081591 0.002845 -0.028010 0.5894 0.5943 0.6124
v -0.080818 0.002117 -0.028219 0.5842 0.5891 0.6069
v -0.080072 0.001401 -0.028398 0.5938 0.6003 0.6129
v -0.079333 0.000693 -0.028579 0.6055 0.6171 0.6181
v -0.076162 -0.002131 -0.029656 0.5434 0.5499 0.5667
v -0.076367 -0.002810 -0.028372 0.5451 0.5495 0.5678
v -0.076573 -0.003480 -0.027097 0.5209 0.5277 0.5531
v -0.076758 -0.004187 -0.025804 0.5963 0.5906 0.6094
v -0.077385 -0.000531 -0.029961 0.5480 0.5589 0.5882
v -0.077449 -0.001300 -0.028773 0.5554 0.5655 0.5765
v -0.077525 -0.002033 -0.027619 0.6014 0.6126 0.6143
v -0.077583 -0.002796 -0.026449 0.5958 0.5926 0.6191
v -0.078600 0.001057 -0.030262 0.4821 0.5020 0.5269
v -0.078506 0.000163 -0.029151 0.5754 0.5866 0.6002
v -0.078432 -0.000666 -0.028100 0.4965 0.5044 0.5282
v -0.078356 -0.001492 -0.027055 0.6072 0.6189 0.6190
v -0.071525 -0.006211 -0.023293 0.5610 0.5702 0.5922
v -0.075177 -0.007561 -0.020796 0.6112 0.6129 0.6263
v -0.074996 -0.006988 -0.022065 0.5764 0.5824 0.5980
v -0.074812 -0.006419 -0.023325 0.6219 0.6249 0.6283
v -0.074656 -0.005845 -0.024598 0.5844 0.5892 0.6013
v -0.073586 -0.007478 -0.020739 0.5932 0.5930 0.6096
v -0.073579 -0.006970 -0.021889 0.6077 0.6134 0.6195
v -0.073555 -0.006474 -0.023008 0.5710 0.5788 0.5958
v -0.073555 -0.005974 -0.024139 0.5648 0.5831 0.5960
v -0.072005 -0.007395 -0.020686 0.5782 0.5852 0.6006
v -0.072196 -0.006946 -0.021731 0.5770 0.5848 0.6004
v -0.072358 -0.006519 -0.022723 0.5882 0.5960 0.6068
v -0.072522 -0.006094 -0.023708 0.5722 0.5867 0.6000
v -0.073540 -0.004199 -0.028152 0.5586 0.5687 0.5935
v -0.072196 -0.004624 -0.026985 0.5481 0.5566 0.5805
v -0.070862 -0.005047 -0.025823 0.5455 0.5551 0.5766
v -0.069507 -0.005465 -0.024672 0.5424 0.5483 0.5735
v -0.073906 -0.004751 -0.026961 0.5577 0.5783 0.5923
v -0.072658 -0.005080 -0.026025 0.4927 0.5058 0.5238
v -0.071446 -0.005406 -0.025102 0.5585 0.5762 0.5897
v -0.070217 -0.005727 -0.024187 0.5396 0.5464 0.5707
v -0.074267 -0.005299 -0.025774 0.5774 0.5923 0.6021
v -0.073094 -0.005528 -0.025078 0.5478 0.5673 0.5789
v -0.071985 -0.005752 -0.024402 0.5504 0.5709 0.5815
v -0.070882 -0.005973 -0.023732 0.5422 0.5493 0.5733
v -0.065857 -0.006872 -0.020930 0.5579 0.5695 0.6014
v -0.067382 -0.007020 -0.020829 0.4969 0.5134 0.5528
v -0.068901 -0.007165 -0.020731 0.5699 0.5784 0.6032
v -0.070411 -0.007321 -0.020609 0.5798 0.5879 0.6132
v -0.067082 -0.006403 -0.022178 0.5532 0.5656 0.5966
v -0.068338 -0.006582 -0.021964 0.5605 0.5691 0.5953
v -0.069574 -0.006752 -0.021769 0.5309 0.5388 0.5621
v -0.070803 -0.006931 -0.021553 0.5573 0.5650 0.5884
v -0.068303 -0.005937 -0.023418 0.4914 0.5066 0.5319
v -0.069284 -0.006158 -0.023070 0.5366 0.5428 0.5682
v -0.070231 -0.006361 -0.022754 0.5307 0.5385 0.5619
v -0.071170 -0.006564 -0.022438 0.5521 0.5599 0.5831
v -0.065229 -0.003552 -0.027708 0.4405 0.4633 0.4939
v -0.071362 -0.003279 -0.029679 0.4400 0.4623 0.5000
v -0.069596 -0.002930 -0.029983 0.3734 0.3921 0.4268
v -0.067838 -0.002584 -0.030282 0.3901 0.4072 0.4378
v -0.066085 -0.002226 -0.030608 0.2908 0.3139 0.3533
v -0.070152 -0.003761 -0.028418 0.4749 0.4901 0.5173
v -0.068678 -0.003399 -0.028816 0.4704 0.4797 0.5106
v -0.067229 -0.003051 -0.029191 0.4254 0.4399 0.4672
v -0.065784 -0.002692 -0.029588 0.4174 0.4402 0.4630
v -0.068946 -0.004238 -0.027167 0.5135 0.5158 0.5393
v -0.067765 -0.003851 -0.027683 0.4449 0.4641 0.4968
v -0.066629 -0.003490 -0.028158 0.4517 0.4736 0.4998
v -0.065501 -0.003130 -0.028631 0.4367 0.4542 0.4798
v -0.060646 -0.001424 -0.030986 0.3249 0.3416 0.3873
v -0.061052 -0.002186 -0.029528 0.3185 0.3319 0.3809
v -0.061462 -0.002943 -0.028079 0.3860 0.4189 0.4519
v -0.061841 -0.003702 -0.026619 0.3955 0.4092 0.4509
v -0.062462 -0.001695 -0.030853 0.3037 0.3216 0.3672
v -0.062651 -0.002355 -0.029551 0.2947 0.3069 0.3571
v -0.062854 -0.003001 -0.028282 0.3535 0.3671 0.4112
v -0.063032 -0.003649 -0.027002 0.4602 0.4769 0.5089
v -0.064269 -0.001966 -0.030718 0.3024 0.3226 0.3629
v -0.064213 -0.002529 -0.029559 0.3648 0.3846 0.4171
v -0.064183 -0.003066 -0.028456 0.4170 0.4400 0.4629
v -0.064150 -0.003600 -0.027361 0.4193 0.4413 0.4764
v -0.063679 -0.005952 -0.022458 0.5386 0.5446 0.5704
v -0.065038 -0.005540 -0.023612 0.4635 0.4955 0.5172
v -0.066387 -0.005128 -0.024762 0.5218 0.5452 0.5647
v -0.067761 -0.004727 -0.025897 0.4865 0.4975 0.5258
v -0.063072 -0.005199 -0.023851 0.4578 0.4656 0.4892
v -0.064357 -0.004901 -0.024756 0.4805 0.5021 0.5282
v -0.065603 -0.004603 -0.025651 0.4866 0.5106 0.5274
v -0.066870 -0.004314 -0.026534 0.4357 0.4569 0.4911
v -0.062472 -0.004451 -0.025239 0.4771 0.4837 0.5190
v -0.063708 -0.004275 -0.025882 0.4885 0.5066 0.5255
v -0.064875 -0.004100 -0.026510 0.5037 0.5280 0.5385
v -0.066035 -0.003926 -0.027131 0.4546 0.4793 0.5061
v -0.068968 -0.008248 -0.013944 0.5606 0.5677 0.5839
v -0.067638 -0.008902 -0.006573 0.5655 0.5713 0.6006
v -0.068816 -0.008806 -0.008349 0.6012 0.6033 0.6174
v -0.069985 -0.008711 -0.010118 0.5548 0.5615 0.5779
v -0.071175 -0.008619 -0.011871 0.5643 0.5712 0.5923
v -0.067106 -0.008680 -0.008374 0.5890 0.5908 0.6093
v -0.068220 -0.008616 -0.009799 0.5722 0.5738 0.5902
v -0.069300 -0.008551 -0.011206 0.6108 0.6186 0.6263
v -0.070398 -0.008488 -0.012600 0.6458 0.6439 0.6518
v -0.066580 -0.008459 -0.010167 0.6078 0.6037 0.6216
v -0.067652 -0.008429 -0.011230 0.5120 0.5451 0.5668
v -0.068664 -0.008397 -0.012261 0.6107 0.6105 0.6223
v -0.069671 -0.008366 -0.013283 0.6300 0.6230 0.6347
v -0.074292 -0.008266 -0.017562 0.5951 0.6102 0.6135
v -0.072756 -0.008140 -0.017704 0.6285 0.6360 0.6395
v -0.071227 -0.008015 -0.017841 0.6583 0.6637 0.6616
v -0.069702 -0.007887 -0.018015 0.5869 0.6049 0.6046
v -0.073245 -0.008383 -0.015663 0.6168 0.6279 0.6308
v -0.071962 -0.008258 -0.015978 0.5989 0.6031 0.6162
v -0.070701 -0.008137 -0.016265 0.5495 0.5572 0.5797
v -0.069444 -0.008014 -0.016583 0.6066 0.6068 0.6232
v -0.072200 -0.008499 -0.013778 0.5918 0.5964 0.6132
v -0.071172 -0.008372 -0.014298 0.6763 0.6803 0.6813
v -0.070183 -0.008252 -0.014769 0.6203 0.6264 0.6344
v -0.069201 -0.008133 -0.015240 0.5884 0.5832 0.6040
v -0.064972 -0.007576 -0.017696 0.5042 0.5276 0.5499
v -0.065331 -0.007798 -0.015777 0.5480 0.5629 0.5757
v -0.065692 -0.008018 -0.013871 0.5752 0.5888 0.5954
v -0.066026 -0.008238 -0.011945 0.5770 0.5850 0.6102
v -0.066552 -0.007681 -0.017794 0.5859 0.5954 0.6249
v -0.066721 -0.007870 -0.016054 0.5659 0.5620 0.5845
v -0.066902 -0.008056 -0.014360 0.5890 0.5878 0.6057
v -0.067061 -0.008242 -0.012648 0.5392 0.5552 0.5800
v -0.068123 -0.007785 -0.017886 0.5469 0.5593 0.5922
v -0.068078 -0.007943 -0.016303 0.5463 0.5440 0.5680
v -0.068056 -0.008095 -0.014800 0.5985 0.5937 0.6133
v -0.068031 -0.008245 -0.013307 0.6412 0.6302 0.6419
v -0.071001 0.038535 -0.032054 0.7548 0.7347 0.7416
v -0.076051 0.037875 -0.035539 0.6370 0.6361 0.6574
v -0.075696 0.038127 -0.033560 0.9314 0.9002 0.9002
v -0.075339 0.038378 -0.031593 0.8570 0.8418 0.8258
v -0.075017 0.038630 -0.029602 0.7880 0.7748 0.7529
v -0.073955 0.037943 -0.035828 0.7137 0.7036 0.7078
v -0.073841 0.038164 -0.034014 0.8957 0.8954 0.8948
v -0.073708 0.038380 -0.032250 0.8053 0.7915 0.7904
v -0.073605 0.038596 -0.030464 0.7742 0.7644 0.7625
v -0.071871 0.038011 -0.036110 0.8099 0.7867 0.7815
v -0.072029 0.038202 -0.034436 0.9044 0.8927 0.8826
v -0.072153 0.038384 -0.032849 0.7704 0.7545 0.7624
v -0.072280 0.038565 -0.031273 0.7816 0.7672 0.7664
v -0.073222 0.039366 -0.024130 0.7346 0.7195 0.7157
v -0.071553 0.039209 -0.026140 0.6995 0.6878 0.6995
v -0.069896 0.039053 -0.028141 0.6868 0.6758 0.6833
v -0.068211 0.038900 -0.030128 0.6736 0.6621 0.6681
v -0.073813 0.039120 -0.025965 0.7534 0.7312 0.7332
v -0.072250 0.039002 -0.027598 0.7144 0.7056 0.7078
v -0.070733 0.038886 -0.029208 0.7265 0.7277 0.7265
v -0.069192 0.038771 -0.030805 0.6775 0.6744 0.6775
v -0.074397 0.038874 -0.027793 0.7558 0.7462 0.7308
v -0.072912 0.038799 -0.029039 0.7394 0.7280 0.7234
v -0.071508 0.038725 -0.030245 0.7283 0.7130 0.7202
v -0.070112 0.038651 -0.031440 0.7071 0.6951 0.7066
v -0.063730 0.038364 -0.036492 0.6359 0.6374 0.6575
v -0.065753 0.038269 -0.036462 0.7123 0.7214 0.7048
v -0.067768 0.038174 -0.036427 0.7384 0.7226 0.7204
v -0.069774 0.038076 -0.036431 0.7040 0.6959 0.6947
v -0.065234 0.038542 -0.034368 0.7495 0.7433 0.7386
v -0.066912 0.038439 -0.034550 0.7365 0.7238 0.7228
v -0.068562 0.038340 -0.034704 0.8988 0.8804 0.8676
v -0.070205 0.038237 -0.034892 0.8863 0.8739 0.8648
v -0.066734 0.038719 -0.032258 0.6678 0.6719 0.6779
v -0.068062 0.038604 -0.032686 0.7164 0.7152 0.7120
v -0.069341 0.038496 -0.033067 0.7686 0.7519 0.7484
v -0.070610 0.038389 -0.033448 0.7837 0.7720 0.7815
v -0.080066 0.035521 -0.023083 0.8335 0.8120 0.8028
v -0.079187 0.036832 -0.032436 0.7450 0.7180 0.7354
v -0.080161 0.035880 -0.029686 0.8998 0.8976 0.8932
v -0.081128 0.034934 -0.026949 0.9235 0.8928 0.8923
v -0.082114 0.033973 -0.024219 0.9071 0.9063 0.8984
v -0.078639 0.037149 -0.030647 0.8971 0.8815 0.8690
v -0.079572 0.036258 -0.028342 0.9223 0.9087 0.8927
v -0.080474 0.035394 -0.026078 0.9314 0.9002 0.9002
v -0.081394 0.034517 -0.023819 0.9188 0.9188 0.9147
v -0.078098 0.037461 -0.028863 0.8931 0.8844 0.8752
v -0.079008 0.036617 -0.027005 0.9019 0.8897 0.8702
v -0.079865 0.035820 -0.025217 0.8825 0.8625 0.8554
v -0.080718 0.035028 -0.023445 0.8957 0.8902 0.8795
v -0.084653 0.031408 -0.015786 0.9277 0.9263 0.8961
v -0.083280 0.032542 -0.016510 0.8836 0.8737 0.8524
v -0.081915 0.033672 -0.017236 0.7946 0.7722 0.7757
v -0.080552 0.034797 -0.017916 0.7716 0.7755 0.7716
v -0.083799 0.032269 -0.018603 0.9124 0.9131 0.8932
v -0.082645 0.033208 -0.018980 0.9088 0.9063 0.8968
v -0.081512 0.034132 -0.019376 0.8150 0.8129 0.8081
v -0.080381 0.035052 -0.019733 0.7764 0.7774 0.7735
v -0.082948 0.033127 -0.021404 0.9214 0.9090 0.8902
v -0.082012 0.033868 -0.021393 0.9314 0.9158 0.9002
v -0.081113 0.034582 -0.021417 0.8657 0.8423 0.8345
v -0.080221 0.035290 -0.021437 0.8130 0.7890 0.7851
v -0.076358 0.038323 -0.021026 0.7381 0.7300 0.7295
v -0.076756 0.038141 -0.023053 0.7708 0.7744 0.7708
v -0.077156 0.037957 -0.025064 0.7890 0.7788 0.7640
v -0.077532 0.037793 -0.027113 0.7952 0.7822 0.7640
v -0.077760 0.037146 -0.019998 0.7975 0.7788 0.7749
v -0.077981 0.037097 -0.021926 0.7878 0.7727 0.7688
v -0.078212 0.037037 -0.023794 0.7911 0.7599 0.7584
v -0.078423 0.036994 -0.025696 0.8032 0.7915 0.7720
v -0.079152 0.035975 -0.018981 0.7788 0.7605 0.7536
v -0.079178 0.036078 -0.020850 0.7909 0.7753 0.7714
v -0.079220 0.036161 -0.022613 0.7980 0.7732 0.7716
v -0.079259 0.036245 -0.024367 0.8353 0.8076 0.8037
v -0.080221 0.034284 -0.012207 0.7276 0.7247 0.7178
v -0.076412 0.037895 -0.017263 0.7460 0.7332 0.7255
v -0.077810 0.036744 -0.016467 0.7830 0.7615 0.7595
v -0.079199 0.035599 -0.015671 0.7774 0.7578 0.7550
v -0.080594 0.034454 -0.014899 0.7606 0.7449 0.7493
v -0.076863 0.037294 -0.015606 0.7197 0.7118 0.7197
v -0.078079 0.036315 -0.015050 0.7420 0.7330 0.7318
v -0.079269 0.035355 -0.014491 0.7218 0.7168 0.7144
v -0.080463 0.034394 -0.013952 0.7467 0.7388 0.7279
v -0.077314 0.036694 -0.013958 0.7482 0.7439 0.7373
v -0.078356 0.035885 -0.013662 0.7251 0.7186 0.7158
v -0.079352 0.035109 -0.013361 0.7430 0.7264 0.7256
v -0.080340 0.034338 -0.013064 0.7343 0.7199 0.7205
v -0.084706 0.030980 -0.012023 0.8244 0.8127 0.7956
v -0.083905 0.031422 -0.011157 0.7754 0.7603 0.7623
v -0.083106 0.031864 -0.010298 0.7589 0.7446 0.7512
v -0.082325 0.032290 -0.009414 0.7525 0.7405 0.7302
v -0.083331 0.032141 -0.012979 0.7997 0.7862 0.7664
v -0.082743 0.032426 -0.012104 0.7444 0.7296 0.7335
v -0.082157 0.032716 -0.011261 0.7377 0.7245 0.7224
v -0.081585 0.032991 -0.010396 0.7476 0.7285 0.7283
v -0.081962 0.033296 -0.013926 0.7469 0.7331 0.7254
v -0.081603 0.033409 -0.013017 0.7623 0.7502 0.7325
v -0.081245 0.033530 -0.012165 0.7436 0.7348 0.7254
v -0.080891 0.033649 -0.011317 0.7337 0.7229 0.7200
v -0.079544 0.033978 -0.007334 0.7118 0.7006 0.7088
v -0.078948 0.034687 -0.008997 0.7294 0.7239 0.7257
v -0.078357 0.035390 -0.010651 0.7140 0.7125 0.7140
v -0.077743 0.036110 -0.012308 0.7189 0.7123 0.7123
v -0.080470 0.033418 -0.008035 0.7433 0.7293 0.7237
v -0.079841 0.034112 -0.009466 0.7312 0.7278 0.7312
v -0.079237 0.034783 -0.010868 0.7354 0.7296 0.7354
v -0.078614 0.035468 -0.012272 0.7463 0.7279 0.7277
v -0.081387 0.032863 -0.008736 0.7356 0.7236 0.7197
v -0.080704 0.033560 -0.009941 0.7219 0.7174 0.7138
v -0.080067 0.034214 -0.011095 0.7366 0.7312 0.7340
v -0.079432 0.034866 -0.012239 0.7587 0.7343 0.7307
v -0.085362 0.028485 -0.005782 0.7926 0.7757 0.7640
v -0.081323 0.031971 -0.005111 0.7340 0.7190 0.7195
v -0.082138 0.031535 -0.005949 0.7678 0.7563 0.7350
v -0.082951 0.031098 -0.006781 0.7614 0.7509 0.7400
v -0.083751 0.030681 -0.007631 0.7082 0.7097 0.7075
v -0.082467 0.030716 -0.004598 0.7537 0.7392 0.7361
v -0.083091 0.030445 -0.005405 0.7448 0.7324 0.7302
v -0.083710 0.030169 -0.006185 0.7524 0.7408 0.7370
v -0.084317 0.029908 -0.006981 0.7471 0.7354 0.7343
v -0.083606 0.029467 -0.004091 0.7473 0.7338 0.7419
v -0.084027 0.029379 -0.004883 0.7492 0.7384 0.7434
v -0.084440 0.029280 -0.005629 0.7695 0.7581 0.7474
v -0.084849 0.029184 -0.006371 0.7835 0.7718 0.7590
v -0.086485 0.028973 -0.009801 0.9088 0.8952 0.8817
v -0.086850 0.028170 -0.008580 0.9300 0.9145 0.8990
v -0.087211 0.027373 -0.007366 0.9314 0.9158 0.9002
v -0.087593 0.026559 -0.006153 0.9327 0.9171 0.9011
v -0.085574 0.029539 -0.009071 0.8056 0.7935 0.8039
v -0.085993 0.028759 -0.008042 0.8679 0.8502 0.8413
v -0.086392 0.028005 -0.007032 0.8738 0.8515 0.8426
v -0.086808 0.027236 -0.006023 0.9123 0.8968 0.8811
v -0.084671 0.030100 -0.008343 0.7785 0.7652 0.7613
v -0.085162 0.029325 -0.007505 0.7933 0.7775 0.7668
v -0.085618 0.028596 -0.006699 0.8387 0.8121 0.8075
v -0.086072 0.027871 -0.005900 0.8150 0.7964 0.7838
v -0.088277 0.024509 -0.002436 0.9315 0.9162 0.9006
v -0.087096 0.025749 -0.002817 0.8441 0.8300 0.8090
v -0.085922 0.026982 -0.003200 0.7915 0.7639 0.7564
v -0.084741 0.028215 -0.003563 0.7680 0.7555 0.7530
v -0.088043 0.025199 -0.003678 0.9233 0.9205 0.8969
v -0.087001 0.026249 -0.003900 0.8716 0.8625 0.8379
v -0.085983 0.027280 -0.004130 0.8028 0.7911 0.7716
v -0.084959 0.028310 -0.004343 0.7697 0.7580 0.7541
v -0.087808 0.025887 -0.004913 0.9368 0.9212 0.9056
v -0.086896 0.026749 -0.004959 0.8838 0.8720 0.8526
v -0.086027 0.027577 -0.005018 0.8236 0.8100 0.7924
v -0.085164 0.028399 -0.005075 0.7869 0.7738 0.7630
v -0.083806 0.027530 0.000460 0.7450 0.7369 0.7270
v -0.087739 0.024179 -0.000276 0.8153 0.7998 0.8036
v -0.086978 0.024545 0.000596 0.8123 0.7969 0.8011
v -0.086220 0.024912 0.001461 0.7490 0.7372 0.7479
v -0.085475 0.025259 0.002345 0.7563 0.7446 0.7293
v -0.086591 0.025439 -0.000791 0.7762 0.7641 0.7749
v -0.086018 0.025646 0.000046 0.7711 0.7595 0.7696
v -0.085447 0.025860 0.000856 0.7427 0.7321 0.7252
v -0.084888 0.026058 0.001682 0.7548 0.7419 0.7288
v -0.085449 0.026692 -0.001300 0.7818 0.7646 0.7561
v -0.085074 0.026722 -0.000480 0.7499 0.7417 0.7297
v -0.084704 0.026765 0.000292 0.7616 0.7512 0.7329
v -0.084338 0.026807 0.001060 0.7350 0.7220 0.7208
v -0.082895 0.026770 0.004607 0.7367 0.7275 0.7224
v -0.082478 0.027639 0.003356 0.7193 0.7090 0.7138
v -0.082066 0.028501 0.002110 0.7186 0.7109 0.7186
v -0.081634 0.029381 0.000867 0.7171 0.7100 0.7136
v -0.083754 0.026270 0.003847 0.7447 0.7355 0.7266
v -0.083293 0.027103 0.002792 0.7282 0.7163 0.7200
v -0.082854 0.027909 0.001757 0.7305 0.7202 0.7305
v -0.082398 0.028730 0.000724 0.7362 0.7243 0.7349
v -0.084606 0.025775 0.003088 0.7476 0.7393 0.7283
v -0.084084 0.026589 0.002230 0.7435 0.7339 0.7259
v -0.083598 0.027357 0.001407 0.7392 0.7310 0.7276
v -0.083114 0.028120 0.000590 0.7145 0.7080 0.7139
v -0.080785 0.031641 -0.002951 0.7366 0.7280 0.7302
v -0.081962 0.030406 -0.002571 0.7366 0.7288 0.7288
v -0.083133 0.029177 -0.002191 0.7400 0.7327 0.7279
v -0.084310 0.027950 -0.001831 0.7462 0.7363 0.7341
v -0.081073 0.030881 -0.001675 0.7158 0.7115 0.7109
v -0.082107 0.029842 -0.001458 0.7450 0.7317 0.7248
v -0.083117 0.028821 -0.001233 0.7443 0.7373 0.7278
v -0.084133 0.027802 -0.001025 0.7231 0.7206 0.7184
v -0.081363 0.030123 -0.000407 0.7283 0.7142 0.7171
v -0.082260 0.029279 -0.000369 0.7370 0.7274 0.7225
v -0.083116 0.028468 -0.000318 0.7336 0.7202 0.7212
v -0.083966 0.027664 -0.000269 0.7209 0.7149 0.7151
v -0.088042 0.020759 0.005345 0.8292 0.8118 0.7980
v -0.089204 0.021836 0.001414 0.9291 0.9295 0.8991
v -0.089491 0.020803 0.002554 0.9422 0.9308 0.9073
v -0.089774 0.019777 0.003688 0.9407 0.9299 0.9063
v -0.090076 0.018732 0.004819 0.9314 0.9275 0.9080
v -0.088353 0.022347 0.002182 0.8578 0.8511 0.8303
v -0.088696 0.021365 0.003135 0.8987 0.8906 0.8671
v -0.089020 0.020413 0.004071 0.9243 0.9135 0.8904
v -0.089360 0.019445 0.005004 0.9296 0.9329 0.9170
v -0.087508 0.022852 0.002948 0.7969 0.7845 0.7739
v -0.087924 0.021901 0.003712 0.8135 0.8018 0.7824
v -0.088307 0.021005 0.004448 0.8372 0.8255 0.8060
v -0.088690 0.020113 0.005178 0.8621 0.8500 0.8309
v -0.090561 0.016012 0.008323 0.9314 0.9201 0.9037
v -0.089505 0.017402 0.008049 0.8718 0.8609 0.8442
v -0.088456 0.018784 0.007773 0.8238 0.8121 0.7926
v -0.087400 0.020163 0.007516 0.8028 0.7829 0.7716
v -0.090394 0.016926 0.007153 0.9415 0.9303 0.9189
v -0.089459 0.018090 0.007020 0.9074 0.8957 0.8804
v -0.088545 0.019233 0.006878 0.8384 0.8251 0.8072
v -0.087626 0.020373 0.006753 0.7971 0.7691 0.7652
v -0.090226 0.017838 0.005989 0.9367 0.9285 0.9144
v -0.089402 0.018774 0.006015 0.9157 0.9176 0.9010
v -0.088617 0.019675 0.006025 0.8502 0.8366 0.8190
v -0.087837 0.020569 0.006037 0.8122 0.7885 0.7810
v -0.084360 0.024427 0.006297 0.7343 0.7263 0.7291
v -0.085129 0.024072 0.005433 0.7536 0.7427 0.7373
v -0.085895 0.023714 0.004574 0.7610 0.7486 0.7414
v -0.086650 0.023380 0.003700 0.7752 0.7624 0.7472
v -0.085378 0.023003 0.006700 0.7612 0.7479 0.7424
v -0.085971 0.022822 0.005881 0.7702 0.7549 0.7474
v -0.086560 0.022630 0.005086 0.7746 0.7641 0.7520
v -0.087140 0.022459 0.004278 0.7907 0.7790 0.7580
v -0.086391 0.021587 0.007098 0.7646 0.7506 0.7444
v -0.086800 0.021600 0.006308 0.7830 0.7598 0.7543
v -0.087202 0.021596 0.005562 0.7855 0.7619 0.7522
v -0.087599 0.021594 0.004821 0.7978 0.7861 0.7660
v -0.086629 0.018844 0.011322 0.7599 0.7521 0.7483
v -0.085943 0.017417 0.015209 0.7446 0.7353 0.7265
v -0.085540 0.018535 0.014080 0.7531 0.7483 0.7350
v -0.085142 0.019645 0.012956 0.7220 0.7230 0.7220
v -0.084727 0.020774 0.011836 0.7353 0.7389 0.7353
v -0.086678 0.016991 0.014452 0.7516 0.7483 0.7444
v -0.086243 0.018041 0.013508 0.7485 0.7465 0.7423
v -0.085827 0.019060 0.012580 0.7492 0.7441 0.7410
v -0.085396 0.020095 0.011655 0.7299 0.7313 0.7288
v -0.087408 0.016571 0.013696 0.7723 0.7600 0.7561
v -0.086924 0.017572 0.012938 0.7673 0.7565 0.7526
v -0.086472 0.018518 0.012209 0.7430 0.7437 0.7398
v -0.086023 0.019459 0.011486 0.7503 0.7473 0.7435
v -0.083871 0.023765 0.008365 0.7009 0.6985 0.7009
v -0.084919 0.022381 0.008641 0.7467 0.7359 0.7359
v -0.085961 0.021004 0.008917 0.7599 0.7560 0.7483
v -0.087008 0.019632 0.009175 0.7601 0.7561 0.7481
v -0.084161 0.022760 0.009525 0.7198 0.7115 0.7198
v -0.085078 0.021611 0.009659 0.7391 0.7250 0.7232
v -0.085974 0.020481 0.009802 0.7598 0.7557 0.7480
v -0.086874 0.019355 0.009930 0.7643 0.7633 0.7569
v -0.084452 0.021759 0.010677 0.7181 0.7183 0.7181
v -0.085244 0.020846 0.010654 0.7491 0.7486 0.7426
v -0.085999 0.019967 0.010647 0.7518 0.7371 0.7347
v -0.086750 0.019095 0.010638 0.7600 0.7527 0.7481
v -0.090072 0.015350 0.010391 0.8806 0.8725 0.8569
v -0.089427 0.015615 0.011245 0.8316 0.8085 0.8004
v -0.088783 0.015882 0.012092 0.8090 0.7825 0.7778
v -0.088152 0.016125 0.012955 0.8008 0.7745 0.7706
v -0.089047 0.016780 0.009989 0.8223 0.7989 0.7911
v -0.088565 0.016879 0.010799 0.8185 0.7944 0.7873
v -0.088086 0.016990 0.011583 0.7965 0.7724 0.7685
v -0.087617 0.017081 0.012381 0.7727 0.7598 0.7559
v -0.088026 0.018202 0.009592 0.7962 0.7745 0.7642
v -0.087719 0.018113 0.010373 0.7902 0.7689 0.7650
v -0.087415 0.018046 0.011109 0.7650 0.7552 0.7513
v -0.087114 0.017978 0.011842 0.7774 0.7627 0.7588
v -0.090658 0.010306 0.016640 0.8915 0.8803 0.8587
v -0.093170 0.004060 0.020640 0.9430 0.9274 0.9079
v -0.092182 0.005765 0.020112 0.9431 0.9392 0.9081
v -0.091199 0.007463 0.019583 0.9171 0.9061 0.8820
v -0.090211 0.009152 0.019076 0.8416 0.8299 0.8104
v -0.092939 0.005386 0.019228 0.9180 0.9073 0.8858
v -0.092070 0.006794 0.018890 0.9195 0.9078 0.8881
v -0.091222 0.008179 0.018545 0.9167 0.9013 0.8841
v -0.090368 0.009558 0.018219 0.8630 0.8513 0.8318
v -0.092708 0.006707 0.017823 0.8899 0.8709 0.8559
v -0.091952 0.007814 0.017694 0.9166 0.9010 0.8836
v -0.091231 0.008881 0.017553 0.9332 0.9176 0.9020
v -0.090515 0.009939 0.017416 0.8961 0.8826 0.8641
v -0.087337 0.014463 0.017049 0.7745 0.7625 0.7617
v -0.087986 0.014219 0.016178 0.7894 0.7755 0.7711
v -0.088634 0.013973 0.015315 0.8028 0.7873 0.7793
v -0.089270 0.013757 0.014431 0.8173 0.8056 0.7862
v -0.088299 0.012690 0.017721 0.7971 0.7854 0.7824
v -0.088790 0.012644 0.016870 0.8036 0.7919 0.7857
v -0.089279 0.012580 0.016048 0.8242 0.8075 0.7969
v -0.089758 0.012543 0.015208 0.8420 0.8303 0.8108
v -0.089256 0.010927 0.018387 0.8121 0.8020 0.7876
v -0.089580 0.011106 0.017535 0.8200 0.8066 0.7954
v -0.089900 0.011255 0.016734 0.8352 0.8084 0.8041
v -0.090216 0.011405 0.015936 0.8533 0.8308 0.8221
v -0.091466 0.012396 0.012231 0.9314 0.9302 0.9120
v -0.091805 0.010935 0.013631 0.9313 0.9318 0.9145
v -0.092140 0.009484 0.015023 0.9409 0.9254 0.9066
v -0.092492 0.008010 0.016414 0.9168 0.9011 0.8856
v -0.090735 0.012844 0.012971 0.9315 0.9319 0.9040
v -0.091112 0.011481 0.014161 0.9314 0.9318 0.9028
v -0.091473 0.010159 0.015327 0.9321 0.9312 0.9007
v -0.091847 0.008818 0.016494 0.9589 0.9447 0.9277
v -0.090009 0.013284 0.013710 0.8290 0.8173 0.7978
v -0.090441 0.011999 0.014692 0.8841 0.8829 0.8529
v -0.090842 0.010783 0.015634 0.9290 0.9282 0.8978
v -0.091242 0.009575 0.016568 0.9372 0.9340 0.9060
v -0.090060 0.006762 0.022813 0.8329 0.8072 0.8017
v -0.087130 0.013236 0.019185 0.7733 0.7567 0.7500
v -0.088105 0.011539 0.019725 0.7783 0.7694 0.7624
v -0.089074 0.009849 0.020265 0.8148 0.8055 0.7884
v -0.090045 0.008169 0.020788 0.8232 0.8073 0.7920
v -0.087577 0.011793 0.020404 0.7946 0.7704 0.7655
v -0.088412 0.010403 0.020772 0.8028 0.7875 0.7764
v -0.089231 0.009034 0.021144 0.8223 0.8069 0.7912
v -0.090050 0.007674 0.021500 0.8297 0.8117 0.7985
v -0.088023 0.010353 0.021618 0.7878 0.7662 0.7604
v -0.088722 0.009279 0.021798 0.8158 0.7986 0.7878
v -0.089391 0.008240 0.021985 0.8267 0.8096 0.7955
v -0.090055 0.007210 0.022168 0.8251 0.8086 0.7939
v -0.092963 0.002834 0.022776 0.9422 0.9266 0.9073
v -0.092530 0.002959 0.023454 0.9347 0.9191 0.9010
v -0.092097 0.003088 0.024126 0.8790 0.8570 0.8475
v -0.091678 0.003186 0.024817 0.8577 0.8382 0.8229
v -0.091987 0.004614 0.022116 0.9177 0.9021 0.8850
v -0.091692 0.004553 0.022792 0.8802 0.8674 0.8490
v -0.091394 0.004512 0.023444 0.8542 0.8358 0.8230
v -0.091109 0.004443 0.024112 0.8380 0.8186 0.8069
v -0.091017 0.006384 0.021461 0.8681 0.8450 0.8366
v -0.090872 0.006107 0.022154 0.8466 0.8256 0.8154
v -0.090722 0.005865 0.022804 0.8358 0.8091 0.8046
v -0.090575 0.005623 0.023451 0.8503 0.8285 0.8173
v -0.090086 0.004216 0.026477 0.8270 0.8153 0.7986
v -0.089544 0.005788 0.025259 0.8323 0.8206 0.8018
v -0.089007 0.007349 0.024047 0.8142 0.8025 0.7911
v -0.088456 0.008932 0.022833 0.8234 0.8001 0.7949
v -0.090614 0.003879 0.025918 0.8340 0.8223 0.8028
v -0.090074 0.005330 0.024874 0.8352 0.8147 0.8039
v -0.089553 0.006740 0.023850 0.8301 0.8117 0.8005
v -0.089020 0.008169 0.022826 0.8264 0.8040 0.7967
v -0.091139 0.003549 0.025359 0.8340 0.8223 0.8028
v -0.090585 0.004901 0.024485 0.8359 0.8110 0.8044
v -0.090066 0.006181 0.023649 0.8391 0.8134 0.8077
v -0.089549 0.007453 0.022819 0.8422 0.8193 0.8111
v -0.094120 -0.003376 0.028404 0.9314 0.9314 0.9002
v -0.096502 -0.010162 0.032090 0.9312 0.9312 0.9136
v -0.095660 -0.008389 0.031535 0.9313 0.9226 0.9051
v -0.094823 -0.006623 0.030981 0.8864 0.8718 0.8527
v -0.093983 -0.004869 0.030444 0.8845 0.8636 0.8533
v -0.096188 -0.008643 0.030856 0.9302 0.9187 0.9025
v -0.095459 -0.007192 0.030477 0.8750 0.8618 0.8430
v -0.094746 -0.005763 0.030094 0.8773 0.8616 0.8461
v -0.094031 -0.004344 0.029727 0.8891 0.8716 0.8579
v -0.095874 -0.007128 0.029629 0.8979 0.8912 0.8825
v -0.095255 -0.006008 0.029440 0.9073 0.8981 0.8776
v -0.094664 -0.004925 0.029245 0.9194 0.9154 0.8882
v -0.094076 -0.003851 0.029054 0.9292 0.9282 0.8980
v -0.091491 0.000708 0.028412 0.8793 0.8626 0.8481
v -0.091933 0.000588 0.027733 0.8811 0.8592 0.8499
v -0.092374 0.000464 0.027060 0.8982 0.8841 0.8670
v -0.092804 0.000373 0.026368 0.9144 0.9081 0.8832
v -0.092324 -0.001153 0.029087 0.9060 0.9019 0.8738
v -0.092641 -0.001079 0.028409 0.9068 0.9064 0.8756
v -0.092959 -0.001027 0.027755 0.9220 0.9220 0.8908
v -0.093267 -0.000945 0.027084 0.9315 0.9315 0.9003
v -0.093154 -0.003003 0.029756 0.9059 0.8969 0.8748
v -0.093336 -0.002705 0.029059 0.9259 0.9241 0.8947
v -0.093520 -0.002444 0.028406 0.9315 0.9315 0.9003
v -0.093701 -0.002182 0.027756 0.9274 0.9274 0.8962
v -0.094368 -0.000674 0.024710 0.9312 0.9200 0.9076
v -0.094768 -0.002327 0.025944 0.9312 0.9188 0.9065
v -0.095163 -0.003968 0.027171 0.9284 0.9173 0.9061
v -0.095573 -0.005632 0.028400 0.9262 0.9238 0.9213
v -0.093848 -0.000332 0.025269 0.9314 0.9197 0.9080
v -0.094259 -0.001856 0.026327 0.9313 0.9247 0.9155
v -0.094655 -0.003338 0.027363 0.9313 0.9296 0.9261
v -0.095062 -0.004839 0.028401 0.9248 0.9226 0.9145
v -0.093332 0.000003 0.025827 0.9314 0.9244 0.9050
v -0.093769 -0.001415 0.026713 0.9307 0.9290 0.9080
v -0.094177 -0.002759 0.027561 0.9314 0.9305 0.9059
v -0.094583 -0.004095 0.028403 0.9247 0.9224 0.8959
v -0.094462 -0.007906 0.033261 0.9315 0.9184 0.9021
v -0.091609 -0.000859 0.030093 0.9247 0.9091 0.8927
v -0.092436 -0.002624 0.030664 0.9128 0.8985 0.8810
v -0.093258 -0.004381 0.031234 0.8990 0.8830 0.8644
v -0.094078 -0.006125 0.031792 0.8935 0.8839 0.8694
v -0.092167 -0.002514 0.031059 0.9105 0.8972 0.8788
v -0.092858 -0.003943 0.031479 0.9018 0.8870 0.8675
v -0.093536 -0.005353 0.031899 0.8943 0.8888 0.8846
v -0.094213 -0.006751 0.032309 0.9315 0.9208 0.9052
v -0.092724 -0.004162 0.032020 0.9117 0.8982 0.8800
v -0.093278 -0.005247 0.032280 0.9061 0.8988 0.8922
v -0.093811 -0.006297 0.032538 0.9181 0.9126 0.8994
v -0.094340 -0.007339 0.032793 0.9315 0.9224 0.9068
v -0.096620 -0.011729 0.033770 0.9313 0.9255 0.9069
v -0.096422 -0.011744 0.034182 0.9314 0.9275 0.9080
v -0.096224 -0.011754 0.034588 0.9314 0.9275 0.9080
v -0.096039 -0.011798 0.035012 0.9314 0.9275 0.9080
v -0.095771 -0.009860 0.033112 0.9314 0.9312 0.9136
v -0.095676 -0.010056 0.033547 0.9314 0.9278 0.9085
v -0.095574 -0.010228 0.033965 0.9314 0.9241 0.9058
v -0.095484 -0.010430 0.034396 0.9314 0.9238 0.9055
v -0.094927 -0.008002 0.032459 0.9314 0.9254 0.9075
v -0.094947 -0.008412 0.032934 0.9314 0.9206 0.9034
v -0.094955 -0.008778 0.033377 0.9314 0.9174 0.9013
v -0.094965 -0.009146 0.033819 0.9314 0.9253 0.9067
v -0.095158 -0.011129 0.035921 0.9315 0.9213 0.9039
v -0.094529 -0.009350 0.034938 0.9315 0.9337 0.9173
v -0.093906 -0.007582 0.033961 0.9315 0.9274 0.9083
v -0.093270 -0.005794 0.032980 0.9315 0.9237 0.9081
v -0.095449 -0.011344 0.035613 0.9314 0.9273 0.9079
v -0.094854 -0.009718 0.034757 0.9315 0.9285 0.9095
v -0.094277 -0.008137 0.033920 0.9315 0.9278 0.9084
v -0.093690 -0.006536 0.033079 0.9315 0.9237 0.9081
v -0.095737 -0.011554 0.035305 0.9314 0.9275 0.9080
v -0.095163 -0.010059 0.034570 0.9315 0.9229 0.9049
v -0.094621 -0.008641 0.033868 0.9315 0.9239 0.9063
v -0.094083 -0.007233 0.033172 0.9315 0.9236 0.9077
v -0.098963 -0.020263 0.038952 0.9421 0.9304 0.9187
v -0.098177 -0.016005 0.035739 0.9322 0.9166 0.9006
v -0.098852 -0.018320 0.037008 0.9420 0.9264 0.9069
v -0.099522 -0.020620 0.038270 0.9226 0.9208 0.9181
v -0.100204 -0.022947 0.039539 0.9054 0.9030 0.8865
v -0.097883 -0.015756 0.036029 0.9389 0.9233 0.9074
v -0.098521 -0.017868 0.037145 0.9423 0.9267 0.9072
v -0.099139 -0.019924 0.038236 0.9325 0.9301 0.9277
v -0.099768 -0.022003 0.039332 0.9210 0.9162 0.9004
v -0.097593 -0.015514 0.036320 0.9457 0.9304 0.9150
v -0.098205 -0.017453 0.037292 0.9426 0.9283 0.9113
v -0.098783 -0.019291 0.038219 0.9376 0.9305 0.9235
v -0.099358 -0.021118 0.039139 0.9373 0.9263 0.9146
v -0.101995 -0.029380 0.043227 0.8781 0.8887 0.8660
v -0.101125 -0.027113 0.042387 0.9314 0.9435 0.9297
v -0.100260 -0.024855 0.041550 0.9413 0.9336 0.9297
v -0.099396 -0.022615 0.040727 0.9421 0.9343 0.9187
v -0.101394 -0.027223 0.041992 0.8742 0.8747 0.8615
v -0.100668 -0.025390 0.041356 0.9229 0.9098 0.9072
v -0.099955 -0.023581 0.040723 0.9423 0.9345 0.9166
v -0.099244 -0.021788 0.040103 0.9420 0.9342 0.9186
v -0.100794 -0.025074 0.040764 0.8987 0.8830 0.8797
v -0.100213 -0.023688 0.040343 0.9459 0.9381 0.9112
v -0.099655 -0.022344 0.039928 0.9455 0.9377 0.9118
v -0.099101 -0.021012 0.039517 0.9420 0.9305 0.9186
v -0.096715 -0.015404 0.037890 0.9349 0.9255 0.9160
v -0.096910 -0.015356 0.037461 0.9066 0.9048 0.9031
v -0.097106 -0.015314 0.037036 0.9282 0.9206 0.9128
v -0.097287 -0.015227 0.036591 0.9355 0.9249 0.9131
v -0.097611 -0.017810 0.038835 0.9429 0.9312 0.9195
v -0.097699 -0.017531 0.038355 0.9428 0.9311 0.9194
v -0.097794 -0.017284 0.037897 0.9397 0.9290 0.9179
v -0.097876 -0.016998 0.037421 0.9428 0.9305 0.9176
v -0.098501 -0.020201 0.039772 0.9426 0.9309 0.9192
v -0.098469 -0.019649 0.039221 0.9425 0.9308 0.9192
v -0.098450 -0.019154 0.038710 0.9426 0.9309 0.9192
v -0.098429 -0.018659 0.038200 0.9316 0.9236 0.9137
v -0.091994 -0.023295 0.038952 0.8909 0.8770 0.8582
v -0.088785 -0.018839 0.037890 0.9039 0.8968 0.8939
v -0.090662 -0.020821 0.038835 0.9000 0.8883 0.8688
v -0.092526 -0.022790 0.039772 0.9131 0.8993 0.8810
v -0.094414 -0.024774 0.040727 0.9189 0.9060 0.8951
v -0.088465 -0.019020 0.037461 0.9248 0.9230 0.9225
v -0.090189 -0.020789 0.038355 0.8833 0.8701 0.8545
v -0.091866 -0.022515 0.039222 0.9125 0.8983 0.8813
v -0.093563 -0.024254 0.040103 0.9085 0.8929 0.8745
v -0.088152 -0.019205 0.037037 0.8581 0.8376 0.8344
v -0.089749 -0.020780 0.037898 0.9139 0.9018 0.8919
v -0.091262 -0.022278 0.038710 0.9130 0.9000 0.8818
v -0.092765 -0.023766 0.039518 0.9116 0.8960 0.8780
v -0.099584 -0.030429 0.043227 0.9205 0.9049 0.8877
v -0.097636 -0.028861 0.041993 0.8254 0.8051 0.7943
v -0.095695 -0.027299 0.040764 0.8866 0.8739 0.8559
v -0.093767 -0.025756 0.039539 0.9076 0.8911 0.8750
v -0.097850 -0.028535 0.042387 0.9203 0.9061 0.8886
v -0.096263 -0.027307 0.041356 0.9039 0.8886 0.8727
v -0.094698 -0.026090 0.040343 0.8972 0.8678 0.8628
v -0.093144 -0.024891 0.039333 0.8733 0.8608 0.8415
v -0.096123 -0.026649 0.041550 0.9217 0.9070 0.8905
v -0.094905 -0.025776 0.040723 0.8947 0.8784 0.8635
v -0.093727 -0.024923 0.039928 0.9275 0.9119 0.8959
v -0.092559 -0.024079 0.039139 0.9142 0.8986 0.8809
v -0.087614 -0.020617 0.035740 0.7765 0.7502 0.7451
v -0.087686 -0.020203 0.036029 0.8293 0.8095 0.7956
v -0.087762 -0.019797 0.036321 0.8557 0.8399 0.8207
v -0.087802 -0.019354 0.036591 0.8530 0.8344 0.8206
v -0.089667 -0.022330 0.037009 0.8385 0.8253 0.8052
v -0.089531 -0.021789 0.037146 0.8753 0.8627 0.8436
v -0.089419 -0.021280 0.037292 0.8756 0.8626 0.8471
v -0.089276 -0.020740 0.037421 0.8699 0.8524 0.8490
v -0.091708 -0.024031 0.038270 0.8880 0.8723 0.8546
v -0.091329 -0.023329 0.038236 0.8770 0.8649 0.8457
v -0.090994 -0.022684 0.038219 0.8851 0.8712 0.8531
v -0.090659 -0.022040 0.038200 0.8770 0.8644 0.8454
v -0.093912 -0.021201 0.041141 0.9146 0.9028 0.8879
v -0.092040 -0.015784 0.040792 0.9423 0.9313 0.9194
v -0.093485 -0.018162 0.041367 0.9432 0.9342 0.9238
v -0.094919 -0.020525 0.041936 0.9413 0.9367 0.9289
v -0.096378 -0.022906 0.042519 0.9432 0.9326 0.9215
v -0.091503 -0.016035 0.040387 0.9420 0.9298 0.9150
v -0.092859 -0.018155 0.040945 0.9325 0.9238 0.9150
v -0.094174 -0.020223 0.041484 0.9270 0.9178 0.9100
v -0.095511 -0.022306 0.042035 0.9423 0.9381 0.9303
v -0.090974 -0.016290 0.039986 0.9347 0.9191 0.9010
v -0.092265 -0.018173 0.040540 0.9199 0.9125 0.9043
v -0.093485 -0.019965 0.041062 0.9221 0.9112 0.9031
v -0.094697 -0.021744 0.041580 0.9272 0.9181 0.9097
v -0.100248 -0.029704 0.043984 0.9463 0.9307 0.9138
v -0.098473 -0.027855 0.043098 0.9385 0.9230 0.9035
v -0.096706 -0.026012 0.042216 0.9287 0.9134 0.8975
v -0.094946 -0.024193 0.041334 0.9132 0.9003 0.8887
v -0.098949 -0.027428 0.043491 0.9454 0.9298 0.9107
v -0.097475 -0.025983 0.042740 0.9427 0.9308 0.9190
v -0.096026 -0.024552 0.042003 0.9216 0.9112 0.8995
v -0.094582 -0.023141 0.041267 0.9040 0.8892 0.8718
v -0.097653 -0.025161 0.042999 0.9430 0.9314 0.9197
v -0.096484 -0.024140 0.042382 0.9362 0.9286 0.9192
v -0.095358 -0.023142 0.041790 0.9222 0.9127 0.8992
v -0.094241 -0.022154 0.041203 0.9321 0.9251 0.9145
v -0.089448 -0.018115 0.038648 0.9079 0.8970 0.8886
v -0.089778 -0.017586 0.038960 0.9185 0.9029 0.8870
v -0.090110 -0.017067 0.039272 0.9179 0.9023 0.8864
v -0.090412 -0.016504 0.039571 0.9231 0.9075 0.8907
v -0.091284 -0.020141 0.039546 0.9164 0.9033 0.8847
v -0.091402 -0.019466 0.039739 0.9148 0.8994 0.8808
v -0.091536 -0.018829 0.039937 0.9181 0.9025 0.8830
v -0.091643 -0.018156 0.040123 0.9119 0.8963 0.8768
v -0.093109 -0.022152 0.040439 0.9274 0.9122 0.8970
v -0.092987 -0.021291 0.040501 0.9215 0.9062 0.8899
v -0.092893 -0.020497 0.040572 0.9209 0.9069 0.8940
v -0.092797 -0.019705 0.040641 0.9159 0.9040 0.8948
v -0.096725 -0.019985 0.041141 0.9398 0.9243 0.9060
v -0.095941 -0.015308 0.038647 0.9397 0.9269 0.9140
v -0.096884 -0.017720 0.039545 0.9417 0.9300 0.9183
v -0.097820 -0.020116 0.040438 0.9371 0.9274 0.9166
v -0.098776 -0.022538 0.041334 0.9427 0.9349 0.9194
v -0.095378 -0.015166 0.038960 0.9315 0.9168 0.9017
v -0.096284 -0.017355 0.039739 0.9319 0.9202 0.9086
v -0.097161 -0.019486 0.040501 0.9346 0.9200 0.9055
v -0.098055 -0.021640 0.041266 0.9281 0.9233 0.9082
v -0.094821 -0.015030 0.039272 0.9315 0.9181 0.9040
v -0.095709 -0.017025 0.039937 0.9314 0.9197 0.9080
v -0.096546 -0.018918 0.040572 0.9354 0.9198 0.9029
v -0.097378 -0.020798 0.041203 0.9363 0.9245 0.9127
v -0.101221 -0.029284 0.043984 0.9344 0.9457 0.9301
v -0.099862 -0.027033 0.043491 0.9389 0.9336 0.9157
v -0.098509 -0.024790 0.042999 0.9429 0.9312 0.9195
v -0.097158 -0.022569 0.042519 0.9366 0.9270 0.9164
v -0.100399 -0.027023 0.043098 0.9312 0.9452 0.9304
v -0.099254 -0.025214 0.042740 0.9361 0.9281 0.9206
v -0.098129 -0.023429 0.042382 0.9315 0.9236 0.9138
v -0.097006 -0.021660 0.042035 0.9430 0.9313 0.9196
v -0.099579 -0.024770 0.042216 0.9425 0.9347 0.9308
v -0.098647 -0.023419 0.042003 0.9308 0.9248 0.9135
v -0.097751 -0.022107 0.041790 0.9285 0.9216 0.9123
v -0.096863 -0.020808 0.041580 0.9351 0.9208 0.9064
v -0.093013 -0.015363 0.040792 0.9431 0.9333 0.9197
v -0.093429 -0.015202 0.040387 0.9420 0.9326 0.9162
v -0.093846 -0.015049 0.039986 0.9428 0.9272 0.9116
v -0.094241 -0.014849 0.039571 0.9320 0.9164 0.9008
v -0.094398 -0.017767 0.041367 0.9390 0.9277 0.9158
v -0.094638 -0.017386 0.040945 0.9314 0.9225 0.9122
v -0.094885 -0.017040 0.040540 0.9313 0.9215 0.9107
v -0.095115 -0.016655 0.040123 0.9314 0.9219 0.9113
v -0.095775 -0.020155 0.041936 0.9457 0.9301 0.9137
v -0.095819 -0.019512 0.041484 0.9396 0.9240 0.9065
v -0.095878 -0.018930 0.041062 0.9347 0.9191 0.9024
v -0.095934 -0.018349 0.040641 0.9418 0.9266 0.9080
v -0.086360 -0.008541 0.037371 0.9205 0.9174 0.9053
v -0.086835 -0.013735 0.037343 0.8359 0.8116 0.8048
v -0.086113 -0.011473 0.036964 0.9016 0.8849 0.8703
v -0.085397 -0.009224 0.036588 0.9206 0.9216 0.8914
v -0.084666 -0.006959 0.036201 0.9227 0.9143 0.9024
v -0.087326 -0.013476 0.037736 0.8499 0.8264 0.8187
v -0.086627 -0.011462 0.037355 0.9063 0.8907 0.8751
v -0.085951 -0.009496 0.036988 0.8952 0.8984 0.8706
v -0.085261 -0.007515 0.036612 0.9375 0.9304 0.9090
v -0.087812 -0.013214 0.038125 0.8782 0.8629 0.8564
v -0.087120 -0.011427 0.037732 0.9030 0.8930 0.8830
v -0.086468 -0.009726 0.037364 0.9103 0.9106 0.8885
v -0.085820 -0.008037 0.036998 0.9279 0.9267 0.9026
v -0.082817 -0.000484 0.035281 0.9431 0.9315 0.9198
v -0.083915 -0.002225 0.035985 0.9429 0.9322 0.9211
v -0.085006 -0.003960 0.036685 0.9450 0.9324 0.9198
v -0.086097 -0.005672 0.037386 0.9429 0.9313 0.9196
v -0.083439 -0.002652 0.035591 0.9242 0.9217 0.9169
v -0.084368 -0.004010 0.036196 0.9341 0.9272 0.9192
v -0.085279 -0.005355 0.036787 0.9294 0.9214 0.9132
v -0.086190 -0.006681 0.037380 0.9412 0.9302 0.9188
v -0.084060 -0.004812 0.035901 0.9203 0.9129 0.9017
v -0.084821 -0.005767 0.036408 0.9201 0.9124 0.9010
v -0.085551 -0.006702 0.036894 0.9428 0.9314 0.9199
v -0.086276 -0.007627 0.037375 0.9254 0.9197 0.9110
v -0.089427 -0.011404 0.039488 0.9453 0.9332 0.9211
v -0.089052 -0.011925 0.039163 0.9514 0.9388 0.9253
v -0.088675 -0.012438 0.038839 0.9330 0.9249 0.9148
v -0.088317 -0.012991 0.038525 0.9231 0.9178 0.9099
v -0.088314 -0.009493 0.038785 0.9432 0.9315 0.9198
v -0.088085 -0.010151 0.038561 0.9338 0.9252 0.9151
v -0.087849 -0.010771 0.038336 0.9231 0.9176 0.9100
v -0.087629 -0.011426 0.038119 0.9053 0.9039 0.9025
v -0.087208 -0.007597 0.038086 0.9488 0.9360 0.9231
v -0.087139 -0.008428 0.037971 0.9285 0.9214 0.9143
v -0.087060 -0.009194 0.037854 0.9159 0.9123 0.9069
v -0.086983 -0.009958 0.037738 0.9196 0.9159 0.9075
v -0.087364 -0.002090 0.034400 0.8282 0.8142 0.7970
v -0.089775 -0.009172 0.038460 0.9419 0.9387 0.9089
v -0.088640 -0.007399 0.037820 0.9342 0.9274 0.9006
v -0.087513 -0.005634 0.037182 0.9352 0.9289 0.9107
v -0.086376 -0.003882 0.036562 0.9303 0.9220 0.9116
v -0.089739 -0.007509 0.037129 0.9302 0.9221 0.8972
v -0.088720 -0.006073 0.036683 0.9311 0.9311 0.9000
v -0.087726 -0.004657 0.036234 0.9311 0.9311 0.9000
v -0.086723 -0.003252 0.035801 0.9321 0.9165 0.9006
v -0.089701 -0.005851 0.035805 0.8155 0.7908 0.7843
v -0.088785 -0.004762 0.035568 0.8454 0.8260 0.8143
v -0.087914 -0.003707 0.035326 0.9021 0.8881 0.8709
v -0.087049 -0.002661 0.035088 0.8942 0.8809 0.8630
v -0.083165 0.001748 0.034253 0.9068 0.9048 0.9027
v -0.084127 0.001764 0.033557 0.9161 0.9085 0.9006
v -0.085085 0.001775 0.032868 0.8282 0.8102 0.8026
v -0.086033 0.001822 0.032157 0.8093 0.7827 0.7802
v -0.084241 -0.000131 0.035020 0.9386 0.9283 0.9174
v -0.085003 0.000068 0.034317 0.9218 0.9169 0.9086
v -0.085756 0.000242 0.033641 0.8367 0.8276 0.8132
v -0.086501 0.000446 0.032946 0.8329 0.8241 0.8105
v -0.085312 -0.001997 0.035781 0.9344 0.9188 0.9022
v -0.085866 -0.001584 0.035051 0.9424 0.9268 0.9100
v -0.086406 -0.001214 0.034366 0.8779 0.8639 0.8483
v -0.086940 -0.000844 0.033685 0.8488 0.8382 0.8217
v -0.089153 0.001153 0.030486 0.8170 0.7949 0.7900
v -0.089326 -0.000636 0.031822 0.8009 0.7849 0.7785
v -0.089494 -0.002413 0.033150 0.8181 0.8000 0.7869
v -0.089684 -0.004211 0.034481 0.8398 0.8223 0.8088
v -0.088113 0.001368 0.031050 0.7752 0.7579 0.7622
v -0.088370 -0.000266 0.032199 0.7635 0.7576 0.7542
v -0.088610 -0.001856 0.033325 0.8139 0.7905 0.7827
v -0.088868 -0.003465 0.034452 0.8441 0.8290 0.8129
v -0.087079 0.001577 0.031613 0.7665 0.7450 0.7481
v -0.087441 0.000075 0.032581 0.7977 0.7866 0.7842
v -0.087772 -0.001350 0.033507 0.8290 0.8139 0.8044
v -0.088103 -0.002766 0.034426 0.8248 0.8111 0.7936
v -0.092225 -0.007628 0.035451 0.8849 0.8638 0.8526
v -0.090835 -0.000763 0.030850 0.8577 0.8447 0.8252
v -0.091441 -0.002423 0.031769 0.9014 0.8863 0.8669
v -0.092043 -0.004077 0.032686 0.9110 0.8981 0.8797
v -0.092650 -0.005717 0.033588 0.9315 0.9237 0.9081
v -0.090904 -0.002433 0.032163 0.8638 0.8550 0.8313
v -0.091443 -0.003767 0.032863 0.8807 0.8776 0.8488
v -0.091970 -0.005084 0.033560 0.9011 0.8933 0.8842
v -0.092500 -0.006389 0.034243 0.9153 0.9115 0.9040
v -0.090973 -0.004098 0.033470 0.8390 0.8295 0.8086
v -0.091452 -0.005094 0.033939 0.8674 0.8540 0.8501
v -0.091908 -0.006061 0.034401 0.8853 0.8786 0.8772
v -0.092360 -0.007019 0.034857 0.9023 0.8929 0.8867
v -0.094384 -0.011033 0.036678 0.9315 0.9257 0.9084
v -0.093917 -0.011154 0.037112 0.9315 0.9159 0.9003
v -0.093452 -0.011270 0.037540 0.9293 0.9137 0.8980
v -0.092993 -0.011420 0.037992 0.9202 0.9046 0.8889
v -0.093803 -0.009259 0.035649 0.9315 0.9209 0.9053
v -0.093439 -0.009543 0.036141 0.9309 0.9153 0.8997
v -0.093078 -0.009800 0.036610 0.9099 0.8949 0.8774
v -0.092723 -0.010087 0.037098 0.9029 0.8884 0.8693
v -0.093225 -0.007498 0.034627 0.9315 0.9340 0.9180
v -0.092969 -0.007974 0.035200 0.9315 0.9189 0.9026
v -0.092718 -0.008405 0.035731 0.9156 0.8980 0.8824
v -0.092470 -0.008836 0.036260 0.8860 0.8648 0.8518
v -0.091456 -0.011088 0.038823 0.9313 0.9259 0.9103
v -0.091317 -0.009306 0.037470 0.9119 0.8976 0.8795
v -0.091180 -0.007536 0.036125 0.8478 0.8222 0.8166
v -0.091032 -0.005747 0.034772 0.8573 0.8378 0.8339
v -0.091968 -0.011191 0.038540 0.9279 0.9153 0.8997
v -0.091793 -0.009574 0.037347 0.9044 0.8860 0.8707
v -0.091627 -0.007999 0.036182 0.8409 0.8145 0.8097
v -0.091452 -0.006408 0.035011 0.8525 0.8314 0.8275
v -0.092477 -0.011288 0.038255 0.9194 0.9038 0.8881
v -0.092255 -0.009816 0.037213 0.8951 0.8772 0.8617
v -0.092050 -0.008418 0.036220 0.8543 0.8294 0.8219
v -0.091845 -0.007029 0.035235 0.8598 0.8382 0.8326
v -0.072190 0.001998 0.026822 0.6539 0.6450 0.6561
v -0.065450 0.004984 0.020802 0.6277 0.6199 0.6282
v -0.067517 0.004748 0.022593 0.6602 0.6596 0.6674
v -0.069574 0.004509 0.024375 0.6039 0.6110 0.6271
v -0.071629 0.004291 0.026154 0.6508 0.6400 0.6516
v -0.066653 0.003772 0.021933 0.6553 0.6600 0.6660
v -0.068400 0.003677 0.023437 0.6104 0.6331 0.6444
v -0.070114 0.003572 0.024914 0.6329 0.6406 0.6479
v -0.071826 0.003485 0.026389 0.6523 0.6407 0.6523
v -0.067854 0.002567 0.023060 0.6381 0.6540 0.6602
v -0.069281 0.002632 0.024278 0.6428 0.6489 0.6560
v -0.070652 0.002679 0.025448 0.6173 0.6297 0.6406
v -0.072011 0.002728 0.026609 0.6876 0.6798 0.6882
v -0.077915 0.003162 0.031632 0.9251 0.9241 0.9000
v -0.077237 0.002225 0.031128 0.8026 0.7781 0.7714
v -0.076559 0.001294 0.030623 0.7197 0.7083 0.7063
v -0.075913 0.000348 0.030148 0.6936 0.6819 0.6858
v -0.075814 0.003535 0.029801 0.7439 0.7325 0.7251
v -0.075409 0.002653 0.029527 0.7597 0.7520 0.7364
v -0.074993 0.001797 0.029240 0.6839 0.6725 0.6812
v -0.074604 0.000928 0.028978 0.6728 0.6765 0.6728
v -0.073726 0.003902 0.027982 0.6648 0.6589 0.6632
v -0.073621 0.003060 0.027961 0.6364 0.6303 0.6364
v -0.073497 0.002264 0.027920 0.6488 0.6521 0.6488
v -0.073376 0.001472 0.027881 0.6640 0.6679 0.6640
v -0.073205 -0.002154 0.028033 0.7209 0.7177 0.7123
v -0.071815 -0.000979 0.026746 0.6937 0.6820 0.6937
v -0.070437 0.000190 0.025468 0.7002 0.6890 0.7005
v -0.069028 0.001354 0.024166 0.6652 0.6696 0.6774
v -0.074103 -0.001314 0.028733 0.6848 0.6746 0.6870
v -0.072761 -0.000337 0.027503 0.6802 0.6735 0.6802
v -0.071463 0.000624 0.026312 0.6676 0.6621 0.6731
v -0.070140 0.001581 0.025100 0.6603 0.6609 0.6715
v -0.074991 -0.000476 0.029425 0.7076 0.6934 0.7000
v -0.073668 0.000301 0.028227 0.6390 0.6454 0.6390
v -0.072422 0.001050 0.027099 0.6482 0.6458 0.6482
v -0.071183 0.001793 0.025976 0.6173 0.6297 0.6405
v -0.080591 -0.005685 0.033392 0.7966 0.7692 0.7634
v -0.080821 0.000504 0.033905 0.9262 0.9202 0.9113
v -0.081566 -0.001725 0.034300 0.9383 0.9282 0.9173
v -0.082304 -0.003942 0.034691 0.9241 0.9212 0.9172
v -0.083065 -0.006167 0.035097 0.9225 0.9142 0.9023
v -0.079965 -0.000269 0.033261 0.9001 0.8845 0.8650
v -0.080720 -0.002204 0.033681 0.8984 0.8833 0.8636
v -0.081448 -0.004097 0.034082 0.8961 0.8892 0.8641
v -0.082195 -0.005997 0.034498 0.8391 0.8235 0.8101
v -0.079115 -0.001043 0.032623 0.8059 0.7918 0.7747
v -0.079904 -0.002694 0.033081 0.7698 0.7569 0.7381
v -0.080643 -0.004272 0.033509 0.8343 0.8190 0.8017
v -0.081379 -0.005838 0.033936 0.7882 0.7598 0.7547
v -0.084839 -0.012746 0.035967 0.8086 0.7823 0.7774
v -0.083376 -0.011521 0.035012 0.8175 0.8012 0.7936
v -0.081921 -0.010298 0.034063 0.7952 0.7749 0.7764
v -0.080463 -0.009103 0.033110 0.7585 0.7568 0.7460
v -0.084241 -0.010545 0.035672 0.7852 0.7797 0.7768
v -0.082980 -0.009656 0.034840 0.7618 0.7494 0.7497
v -0.081746 -0.008766 0.034026 0.7893 0.7759 0.7713
v -0.080508 -0.007901 0.033209 0.7620 0.7573 0.7478
v -0.083642 -0.008355 0.035377 0.8268 0.8268 0.8210
v -0.082578 -0.007826 0.034663 0.7960 0.7831 0.7770
v -0.081561 -0.007296 0.033980 0.7872 0.7734 0.7698
v -0.080550 -0.006774 0.033302 0.7812 0.7536 0.7487
v -0.076112 -0.004812 0.030306 0.7485 0.7292 0.7283
v -0.076830 -0.003808 0.030866 0.7031 0.6888 0.6952
v -0.077547 -0.002814 0.031424 0.7293 0.7200 0.7143
v -0.078244 -0.001784 0.031971 0.7502 0.7361 0.7305
v -0.077567 -0.006239 0.031244 0.7478 0.7332 0.7325
v -0.078072 -0.005194 0.031657 0.7303 0.7214 0.7150
v -0.078579 -0.004190 0.032069 0.7413 0.7322 0.7231
v -0.079069 -0.003155 0.032471 0.7700 0.7583 0.7464
v -0.079015 -0.007655 0.032177 0.7722 0.7525 0.7481
v -0.079290 -0.006533 0.032433 0.7934 0.7684 0.7645
v -0.079569 -0.005485 0.032688 0.6803 0.6824 0.6785
v -0.079843 -0.004442 0.032940 0.7765 0.7465 0.7418
v -0.079600 0.013087 0.025356 0.7832 0.7767 0.7638
v -0.083511 0.015425 0.020065 0.6679 0.6675 0.6679
v -0.083082 0.013955 0.021921 0.6698 0.6659 0.6720
v -0.082652 0.012495 0.023768 0.6523 0.6543 0.6523
v -0.082246 0.011015 0.025619 0.6986 0.6870 0.6986
v -0.082042 0.015760 0.020775 0.6340 0.6352 0.6479
v -0.081799 0.014402 0.022380 0.6238 0.6273 0.6502
v -0.081547 0.013082 0.023951 0.6569 0.6572 0.6569
v -0.081315 0.011744 0.025527 0.7173 0.7079 0.7103
v -0.080581 0.016090 0.021487 0.6305 0.6312 0.6490
v -0.080545 0.014822 0.022847 0.6544 0.6494 0.6642
v -0.080492 0.013621 0.024148 0.6993 0.6997 0.6993
v -0.080443 0.012427 0.025440 0.7571 0.7532 0.7438
v -0.080479 0.006999 0.031124 0.9360 0.9308 0.9090
v -0.079467 0.008606 0.030167 0.9205 0.9263 0.9088
v -0.078463 0.010206 0.029211 0.9429 0.9297 0.9114
v -0.077439 0.011796 0.028279 0.9433 0.9278 0.9085
v -0.081064 0.008347 0.029283 0.8451 0.8210 0.8129
v -0.080094 0.009664 0.028600 0.8939 0.8794 0.8600
v -0.079155 0.010961 0.027915 0.9174 0.9104 0.8830
v -0.078199 0.012250 0.027251 0.9457 0.9313 0.9130
v -0.081642 0.009689 0.027451 0.7715 0.7411 0.7373
v -0.080694 0.010711 0.027064 0.8139 0.7907 0.7789
v -0.079800 0.011698 0.026673 0.8508 0.8413 0.8161
v -0.078912 0.012676 0.026287 0.8296 0.8187 0.7996
v -0.074810 0.016838 0.024880 0.9430 0.9288 0.9123
v -0.076250 0.016701 0.023981 0.9411 0.9256 0.9061
v -0.077683 0.016561 0.023090 0.7877 0.7713 0.7659
v -0.079114 0.016450 0.022170 0.6941 0.6917 0.6911
v -0.075694 0.015155 0.026010 0.9430 0.9307 0.9079
v -0.076906 0.015196 0.025088 0.9322 0.9179 0.8978
v -0.078096 0.015219 0.024202 0.8225 0.7984 0.7937
v -0.079285 0.015268 0.023290 0.7169 0.7086 0.7077
v -0.076576 0.013482 0.027131 0.9331 0.9247 0.8997
v -0.077560 0.013729 0.026158 0.9370 0.9273 0.9029
v -0.078506 0.013943 0.025247 0.8263 0.8160 0.7971
v -0.079445 0.014158 0.024341 0.7516 0.7466 0.7388
v -0.071701 0.009722 0.025474 0.7174 0.7061 0.7129
v -0.077746 0.005835 0.031165 0.9313 0.9313 0.9002
v -0.075656 0.006042 0.029364 0.8457 0.8394 0.8209
v -0.073577 0.006253 0.027571 0.7189 0.7072 0.7076
v -0.071494 0.006434 0.025779 0.6693 0.6653 0.6770
v -0.076903 0.007513 0.030205 0.9292 0.9292 0.8981
v -0.075100 0.007536 0.028674 0.8789 0.8606 0.8477
v -0.073335 0.007575 0.027173 0.7736 0.7619 0.7589
v -0.071566 0.007590 0.025672 0.7032 0.6919 0.7036
v -0.076060 0.009181 0.029246 0.9257 0.9205 0.8932
v -0.074537 0.008993 0.027984 0.8732 0.8608 0.8418
v -0.073081 0.008834 0.026773 0.7622 0.7468 0.7500
v -0.071635 0.008674 0.025571 0.6799 0.6740 0.6846
v -0.065281 0.007657 0.020336 0.6173 0.6143 0.6312
v -0.066318 0.009060 0.021009 0.5725 0.5755 0.5965
v -0.067354 0.010454 0.021683 0.6106 0.6077 0.6182
v -0.068362 0.011869 0.022330 0.6276 0.6217 0.6309
v -0.067359 0.007255 0.022155 0.5820 0.5966 0.6029
v -0.068090 0.008560 0.022584 0.5765 0.5842 0.5998
v -0.068825 0.009828 0.023022 0.5926 0.6002 0.6082
v -0.069536 0.011114 0.023435 0.6461 0.6391 0.6461
v -0.069426 0.006859 0.023965 0.5831 0.5909 0.6065
v -0.069828 0.008088 0.024126 0.6018 0.6011 0.6138
v -0.070236 0.009250 0.024301 0.6371 0.6267 0.6371
v -0.070638 0.010405 0.024472 0.7143 0.7026 0.7143
v -0.072077 0.015673 0.024920 0.9078 0.8961 0.8767
v -0.073129 0.014062 0.026048 0.9072 0.9014 0.8956
v -0.074172 0.012458 0.027167 0.9317 0.9238 0.9140
v -0.075248 0.010862 0.028312 0.9430 0.9274 0.9080
v -0.070842 0.014396 0.024061 0.8387 0.8248 0.8053
v -0.071912 0.013068 0.025163 0.8641 0.8593 0.8547
v -0.072942 0.011761 0.026227 0.9014 0.8969 0.8965
v -0.074001 0.010461 0.027314 0.8699 0.8579 0.8385
v -0.069618 0.013124 0.023210 0.6812 0.6760 0.6812
v -0.070738 0.012084 0.024312 0.7246 0.7162 0.7246
v -0.071787 0.011080 0.025347 0.7578 0.7324 0.7304
v -0.072831 0.010085 0.026378 0.8125 0.7964 0.7887
v -0.085541 0.007770 0.026619 0.7156 0.7022 0.7105
v -0.082534 0.005159 0.031561 0.8698 0.8531 0.8368
v -0.082992 0.006620 0.029693 0.7872 0.7697 0.7686
v -0.083450 0.008071 0.027836 0.7047 0.7048 0.7047
v -0.083894 0.009540 0.025970 0.6822 0.6706 0.6822
v -0.083535 0.004965 0.031031 0.8297 0.8068 0.8013
v -0.083850 0.006302 0.029398 0.7471 0.7395 0.7359
v -0.084168 0.007602 0.027802 0.7206 0.7187 0.7206
v -0.084473 0.008918 0.026198 0.7070 0.6959 0.7070
v -0.084530 0.004776 0.030500 0.7715 0.7594 0.7555
v -0.084690 0.006007 0.029092 0.7201 0.7200 0.7161
v -0.084855 0.007174 0.027747 0.7062 0.7058 0.7062
v -0.085016 0.008334 0.026412 0.7028 0.6921 0.7026
v -0.085567 0.013585 0.020501 0.7296 0.7227 0.7235
v -0.086110 0.012120 0.021640 0.7074 0.7110 0.7074
v -0.086648 0.010660 0.022776 0.7629 0.7516 0.7450
v -0.087202 0.009212 0.023889 0.7925 0.7782 0.7730
v -0.085011 0.012229 0.022331 0.6963 0.6893 0.6963
v -0.085555 0.011040 0.023179 0.7171 0.7171 0.7171
v -0.086080 0.009868 0.024024 0.7352 0.7235 0.7352
v -0.086618 0.008704 0.024849 0.7336 0.7219 0.7336
v -0.084460 0.010877 0.024152 0.6861 0.6753 0.6861
v -0.085021 0.009973 0.024690 0.7101 0.6985 0.7101
v -0.085547 0.009097 0.025223 0.6960 0.6843 0.6960
v -0.086070 0.008229 0.025749 0.7202 0.7064 0.7139
v -0.088522 0.004564 0.027794 0.7930 0.7778 0.7767
v -0.087521 0.004569 0.028524 0.7980 0.7725 0.7681
v -0.086525 0.004577 0.029246 0.7353 0.7288 0.7267
v -0.085527 0.004557 0.029998 0.7402 0.7346 0.7307
v -0.088077 0.006115 0.026495 0.7866 0.7746 0.7732
v -0.087218 0.005967 0.027280 0.7783 0.7615 0.7494
v -0.086375 0.005839 0.028032 0.7148 0.7152 0.7125
v -0.085532 0.005687 0.028810 0.7254 0.7228 0.7201
v -0.087632 0.007656 0.025205 0.7808 0.7693 0.7736
v -0.086912 0.007329 0.026076 0.7620 0.7519 0.7334
v -0.086221 0.007038 0.026887 0.7506 0.7417 0.7289
v -0.085537 0.006746 0.027695 0.7202 0.7071 0.7128
v -0.058142 0.006847 0.011733 0.6646 0.6607 0.6721
v -0.055708 0.012189 0.008762 0.6194 0.6273 0.6378
v -0.056524 0.011349 0.009916 0.6049 0.6160 0.6282
v -0.057336 0.010510 0.011064 0.6366 0.6300 0.6493
v -0.058149 0.009696 0.012218 0.6307 0.6280 0.6458
v -0.056072 0.010437 0.009049 0.6420 0.6518 0.6523
v -0.056773 0.009851 0.010062 0.6517 0.6511 0.6631
v -0.057459 0.009262 0.011052 0.6734 0.6668 0.6799
v -0.058147 0.008694 0.012048 0.6813 0.6737 0.6876
v -0.056437 0.008694 0.009338 0.6591 0.6631 0.6632
v -0.057024 0.008383 0.010217 0.6128 0.6175 0.6323
v -0.057586 0.008066 0.011055 0.6165 0.6202 0.6364
v -0.058144 0.007754 0.011888 0.6778 0.6709 0.6850
v -0.060589 0.006662 0.015582 0.6729 0.6644 0.6729
v -0.060217 0.005744 0.014840 0.6664 0.6547 0.6578
v -0.059846 0.004834 0.014101 0.7205 0.7089 0.6947
v -0.059486 0.003896 0.013375 0.6654 0.6613 0.6540
v -0.059773 0.007670 0.014456 0.6645 0.6586 0.6701
v -0.059518 0.006743 0.013898 0.6761 0.6646 0.6658
v -0.059261 0.005850 0.013342 0.6538 0.6421 0.6500
v -0.059013 0.004934 0.012798 0.6785 0.6707 0.6649
v -0.058962 0.008670 0.013336 0.6476 0.6450 0.6633
v -0.058833 0.007707 0.012971 0.6574 0.6539 0.6705
v -0.058700 0.006805 0.012612 0.6580 0.6530 0.6709
v -0.058570 0.005907 0.012256 0.6531 0.6498 0.6610
v -0.058127 0.001689 0.010857 0.6573 0.6471 0.6566
v -0.057683 0.003448 0.010444 0.7218 0.7144 0.7017
v -0.057242 0.005197 0.010035 0.6191 0.6192 0.6264
v -0.056789 0.006949 0.009608 0.6742 0.6770 0.6725
v -0.058579 0.002434 0.011695 0.6618 0.6621 0.6503
v -0.058134 0.003947 0.011240 0.6639 0.6635 0.6523
v -0.057705 0.005428 0.010806 0.6881 0.6824 0.6722
v -0.057265 0.006913 0.010355 0.6901 0.6846 0.6741
v -0.059026 0.003177 0.012527 0.7555 0.7458 0.7239
v -0.058568 0.004451 0.012012 0.6687 0.6683 0.6557
v -0.058138 0.005670 0.011533 0.6947 0.6883 0.6766
v -0.057711 0.006879 0.011056 0.6851 0.6797 0.6716
v -0.063624 -0.001425 0.017053 0.7234 0.7200 0.7224
v -0.060024 -0.001173 0.012697 0.6237 0.6145 0.6217
v -0.060358 -0.000252 0.013422 0.7341 0.7221 0.7159
v -0.060694 0.000660 0.014146 0.7209 0.7092 0.7038
v -0.061007 0.001601 0.014851 0.6905 0.6828 0.6945
v -0.061437 -0.002216 0.014086 0.7872 0.7666 0.7747
v -0.061600 -0.001283 0.014604 0.7690 0.7597 0.7626
v -0.061773 -0.000385 0.015122 0.7287 0.7257 0.7285
v -0.061927 0.000537 0.015625 0.7078 0.7073 0.7078
v -0.062841 -0.003250 0.015468 0.7461 0.7404 0.7319
v -0.062812 -0.002278 0.015762 0.6817 0.6821 0.6975
v -0.062802 -0.001368 0.016059 0.7174 0.7162 0.7149
v -0.062791 -0.000461 0.016352 0.7283 0.7254 0.7283
v -0.062486 0.003800 0.017423 0.6677 0.6592 0.6772
v -0.063527 0.002007 0.018098 0.7038 0.6911 0.6872
v -0.064560 0.000223 0.018768 0.7379 0.7245 0.7320
v -0.065613 -0.001565 0.019460 0.7317 0.7249 0.7237
v -0.061997 0.003058 0.016567 0.7035 0.6908 0.7007
v -0.062984 0.001513 0.017261 0.7268 0.7083 0.7045
v -0.063941 0.000001 0.017928 0.7436 0.7328 0.7319
v -0.064914 -0.001516 0.018613 0.7125 0.7009 0.7133
v -0.061514 0.002316 0.015720 0.7031 0.6920 0.7037
v -0.062466 0.001014 0.016452 0.6949 0.6961 0.6949
v -0.063365 -0.000233 0.017138 0.7023 0.7010 0.7017
v -0.064258 -0.001470 0.017820 0.7023 0.7002 0.7088
v -0.068362 -0.006903 0.021040 0.8143 0.7919 0.7914
v -0.066987 -0.006030 0.019639 0.8142 0.7877 0.7904
v -0.065618 -0.005159 0.018246 0.8243 0.8124 0.7987
v -0.064253 -0.004312 0.016849 0.8137 0.8034 0.7876
v -0.067439 -0.005118 0.020507 0.7399 0.7144 0.7269
v -0.066289 -0.004506 0.019295 0.7625 0.7483 0.7451
v -0.065159 -0.003891 0.018110 0.7254 0.7103 0.7126
v -0.064032 -0.003297 0.016921 0.7619 0.7546 0.7497
v -0.066517 -0.003342 0.019973 0.7124 0.7089 0.7050
v -0.065594 -0.003011 0.018946 0.7002 0.7002 0.6954
v -0.064706 -0.002676 0.017963 0.6517 0.6506 0.6718
v -0.063824 -0.002345 0.016988 0.6393 0.6429 0.6639
v -0.062860 0.013467 0.016479 0.5293 0.5370 0.5602
v -0.057341 0.014480 0.010404 0.5906 0.6017 0.6115
v -0.059303 0.014970 0.012298 0.5877 0.5993 0.6167
v -0.061255 0.015454 0.014183 0.5630 0.5792 0.5942
v -0.063213 0.015961 0.016067 0.5486 0.5563 0.5797
v -0.058056 0.013499 0.011457 0.6280 0.6289 0.6402
v -0.059756 0.014037 0.013062 0.5767 0.5897 0.6079
v -0.061420 0.014550 0.014637 0.5710 0.5848 0.6045
v -0.063089 0.015084 0.016212 0.5479 0.5557 0.5790
v -0.058772 0.012525 0.012508 0.6594 0.6513 0.6632
v -0.060218 0.013133 0.013827 0.6056 0.6127 0.6376
v -0.061600 0.013698 0.015092 0.5440 0.5582 0.5747
v -0.062972 0.014262 0.016347 0.5422 0.5500 0.5733
v -0.069018 0.016969 0.021808 0.7820 0.7738 0.7580
v -0.067972 0.015612 0.021141 0.6588 0.6626 0.6767
v -0.066928 0.014263 0.020473 0.5716 0.5746 0.5956
v -0.065909 0.012908 0.019834 0.5476 0.5553 0.5787
v -0.067076 0.016627 0.019889 0.6452 0.6518 0.6536
v -0.066323 0.015436 0.019476 0.5824 0.5927 0.6131
v -0.065569 0.014274 0.019053 0.5763 0.5819 0.5979
v -0.064837 0.013105 0.018654 0.5637 0.5714 0.5948
v -0.065144 0.016283 0.017981 0.5741 0.5889 0.6053
v -0.064706 0.015251 0.017846 0.5350 0.5480 0.5662
v -0.064266 0.014266 0.017695 0.5365 0.5443 0.5678
v -0.063831 0.013289 0.017547 0.5601 0.5679 0.5913
v -0.062222 0.008953 0.017224 0.6270 0.6248 0.6419
v -0.061305 0.009820 0.015997 0.6328 0.6330 0.6462
v -0.060398 0.010684 0.014779 0.6234 0.6247 0.6442
v -0.059459 0.011533 0.013534 0.6166 0.6158 0.6367
v -0.063448 0.010276 0.018089 0.6168 0.6175 0.6339
v -0.062501 0.010928 0.016898 0.5948 0.5971 0.6183
v -0.061592 0.011578 0.015746 0.5884 0.5923 0.6080
v -0.060655 0.012213 0.014570 0.6179 0.6268 0.6344
v -0.064664 0.011594 0.018946 0.5670 0.5748 0.5982
v -0.063657 0.012018 0.017762 0.5674 0.5751 0.5985
v -0.062714 0.012437 0.016649 0.5807 0.5853 0.6025
v -0.061777 0.012851 0.015541 0.5873 0.5948 0.6089
v -0.068832 -0.002529 0.023147 0.7149 0.7038 0.7123
v -0.064288 0.003418 0.019531 0.7181 0.7081 0.7181
v -0.065563 0.002303 0.020740 0.6868 0.6751 0.6868
v -0.066832 0.001190 0.021942 0.6890 0.6773 0.6890
v -0.068096 0.000098 0.023146 0.6868 0.6866 0.6945
v -0.065218 0.001648 0.020077 0.7167 0.7051 0.7167
v -0.066277 0.000816 0.021113 0.6854 0.6738 0.6854
v -0.067318 -0.000014 0.022129 0.6730 0.6723 0.6730
v -0.068355 -0.000825 0.023146 0.7256 0.7156 0.7256
v -0.066145 -0.000113 0.020622 0.6971 0.6854 0.6971
v -0.066985 -0.000645 0.021490 0.7240 0.7173 0.7240
v -0.067795 -0.001171 0.022321 0.7296 0.7217 0.7296
v -0.068597 -0.001692 0.023147 0.7119 0.7038 0.7104
v -0.072043 -0.003720 0.026761 0.7766 0.7645 0.7584
v -0.071803 -0.004413 0.026216 0.7408 0.7294 0.7408
v -0.071562 -0.005098 0.025672 0.7335 0.7255 0.7335
v -0.071342 -0.005814 0.025144 0.7404 0.7316 0.7404
v -0.070725 -0.002449 0.025552 0.7063 0.6976 0.6958
v -0.070638 -0.003199 0.025179 0.7061 0.6974 0.6956
v -0.070539 -0.003916 0.024803 0.7548 0.7433 0.7435
v -0.070459 -0.004659 0.024442 0.7447 0.7358 0.7433
v -0.069415 -0.001188 0.024350 0.6841 0.6805 0.6825
v -0.069500 -0.002023 0.024164 0.7447 0.7283 0.7260
v -0.069565 -0.002801 0.023972 0.7130 0.7017 0.7011
v -0.069631 -0.003575 0.023783 0.7100 0.7020 0.7043
v -0.070164 -0.007285 0.023149 0.7694 0.7495 0.7440
v -0.069129 -0.005476 0.022485 0.7652 0.7518 0.7615
v -0.068102 -0.003678 0.021827 0.7069 0.6965 0.7069
v -0.067058 -0.001871 0.021150 0.6855 0.6855 0.6855
v -0.070552 -0.006786 0.023811 0.7060 0.6956 0.6902
v -0.069581 -0.005204 0.023148 0.7094 0.6977 0.7014
v -0.068639 -0.003657 0.022508 0.7349 0.7270 0.7349
v -0.067682 -0.002102 0.021852 0.7047 0.7012 0.7047
v -0.070936 -0.006286 0.024469 0.7408 0.7300 0.7366
v -0.070010 -0.004919 0.023787 0.7471 0.7359 0.7356
v -0.069136 -0.003614 0.023147 0.7329 0.7246 0.7329
v -0.068267 -0.002319 0.022511 0.6988 0.6933 0.6988
v -0.051591 0.014658 0.000763 0.5846 0.5904 0.5989
v -0.050402 0.019931 -0.002845 0.6100 0.6120 0.6345
v -0.050921 0.019178 -0.001530 0.5835 0.5902 0.6134
v -0.051437 0.018426 -0.000221 0.6689 0.6640 0.6756
v -0.051957 0.017700 0.001092 0.5912 0.5988 0.6125
v -0.050460 0.018125 -0.002410 0.6099 0.6112 0.6311
v -0.050922 0.017623 -0.001266 0.6459 0.6466 0.6587
v -0.051374 0.017116 -0.000147 0.5632 0.5826 0.5909
v -0.051828 0.016630 0.000976 0.5935 0.5978 0.6125
v -0.050519 0.016329 -0.001975 0.6339 0.6327 0.6519
v -0.050929 0.016101 -0.000996 0.5927 0.5980 0.6202
v -0.051320 0.015862 -0.000061 0.5929 0.5997 0.6193
v -0.051707 0.015627 0.000867 0.6220 0.6251 0.6319
v -0.053442 0.014892 0.004966 0.6351 0.6341 0.6441
v -0.053041 0.013846 0.004223 0.5933 0.6036 0.6131
v -0.052642 0.012810 0.003481 0.6231 0.6189 0.6385
v -0.052248 0.011746 0.002756 0.6521 0.6537 0.6629
v -0.052944 0.015824 0.003670 0.5898 0.6058 0.6102
v -0.052632 0.014790 0.003126 0.6385 0.6373 0.6480
v -0.052322 0.013792 0.002583 0.5734 0.5662 0.5964
v -0.052017 0.012770 0.002055 0.6659 0.6680 0.6729
v -0.052449 0.016748 0.002380 0.5950 0.6025 0.6148
v -0.052229 0.015698 0.002051 0.5911 0.5962 0.6106
v -0.052014 0.014712 0.001722 0.6167 0.6215 0.6296
v -0.051800 0.013731 0.001397 0.6426 0.6491 0.6480
v -0.050929 0.009152 0.000167 0.6700 0.6578 0.6690
v -0.050811 0.010950 -0.000405 0.5900 0.5891 0.6009
v -0.050695 0.012739 -0.000972 0.6057 0.6028 0.6131
v -0.050569 0.014529 -0.001559 0.6546 0.6518 0.6681
v -0.051369 0.010026 0.001028 0.7008 0.6858 0.6906
v -0.051219 0.011562 0.000428 0.6159 0.6152 0.6213
v -0.051078 0.013068 -0.000148 0.6115 0.6226 0.6226
v -0.050928 0.014575 -0.000743 0.5761 0.5815 0.6034
v -0.051805 0.010898 0.001882 0.6534 0.6530 0.6622
v -0.051615 0.012177 0.001233 0.6169 0.6193 0.6297
v -0.051440 0.013402 0.000627 0.5351 0.5435 0.5600
v -0.051265 0.014617 0.000023 0.6457 0.6501 0.6502
v -0.056932 0.022647 0.005385 0.5219 0.5366 0.5539
v -0.052250 0.022695 -0.001246 0.5569 0.5644 0.5853
v -0.054117 0.023595 0.000754 0.5784 0.5862 0.6105
v -0.055973 0.024487 0.002745 0.5421 0.5517 0.5777
v -0.057839 0.025405 0.004733 0.5173 0.5379 0.5569
v -0.052655 0.021772 -0.000029 0.6209 0.6292 0.6346
v -0.054299 0.022674 0.001656 0.6026 0.6104 0.6371
v -0.055905 0.023543 0.003310 0.5604 0.5682 0.5916
v -0.057520 0.024435 0.004962 0.5023 0.5234 0.5357
v -0.053062 0.020857 0.001185 0.6038 0.6068 0.6167
v -0.054496 0.021786 0.002555 0.5651 0.5736 0.5954
v -0.055863 0.022658 0.003871 0.5632 0.5743 0.5977
v -0.057221 0.023526 0.005177 0.5563 0.5667 0.5875
v -0.063256 0.027591 0.010835 0.7499 0.7281 0.7312
v -0.062001 0.025929 0.010230 0.6255 0.6218 0.6394
v -0.060749 0.024276 0.009623 0.5444 0.5523 0.5794
v -0.059518 0.022621 0.009048 0.5186 0.5312 0.5606
v -0.061443 0.026854 0.008796 0.6197 0.6179 0.6365
v -0.060488 0.025427 0.008450 0.5748 0.5856 0.6099
v -0.059540 0.024030 0.008091 0.5273 0.5373 0.5624
v -0.058609 0.022630 0.007760 0.5064 0.5307 0.5606
v -0.059638 0.026117 0.006769 0.5715 0.5769 0.5956
v -0.059002 0.024921 0.006710 0.5437 0.5521 0.5749
v -0.058376 0.023776 0.006629 0.5294 0.5450 0.5606
v -0.057756 0.022639 0.006552 0.5254 0.5437 0.5607
v -0.055289 0.017656 0.006565 0.6384 0.6468 0.6478
v -0.054678 0.018418 0.005170 0.6089 0.6148 0.6245
v -0.054074 0.019179 0.003787 0.5860 0.5945 0.6049
v -0.053438 0.019916 0.002374 0.6158 0.6168 0.6269
v -0.056698 0.019316 0.007387 0.5568 0.5711 0.5881
v -0.056008 0.019840 0.006049 0.5705 0.5883 0.6018
v -0.055351 0.020368 0.004753 0.5268 0.5352 0.5619
v -0.054667 0.020877 0.003433 0.5838 0.5954 0.6173
v -0.058096 0.020968 0.008201 0.5197 0.5431 0.5690
v -0.057298 0.021234 0.006890 0.5558 0.5755 0.5902
v -0.056557 0.021508 0.005654 0.5378 0.5446 0.5729
v -0.055819 0.021777 0.004426 0.5626 0.5739 0.5977
v -0.054373 0.006739 0.005812 0.6915 0.6954 0.6985
v -0.051892 0.006412 0.001914 0.6767 0.6768 0.6910
v -0.052272 0.007455 0.002667 0.6692 0.6692 0.6848
v -0.052652 0.008488 0.003419 0.6180 0.6181 0.6412
v -0.053020 0.009549 0.004156 0.6990 0.6882 0.7007
v -0.052716 0.005528 0.003052 0.7004 0.6949 0.7066
v -0.052978 0.006555 0.003620 0.7610 0.7499 0.7610
v -0.053242 0.007546 0.004185 0.6674 0.6660 0.6828
v -0.053496 0.008560 0.004738 0.6599 0.6564 0.6721
v -0.053535 0.004652 0.004184 0.7044 0.6938 0.7044
v -0.053669 0.005690 0.004555 0.7295 0.7199 0.7295
v -0.053807 0.006664 0.004922 0.6206 0.6242 0.6418
v -0.053942 0.007634 0.005284 0.6811 0.6852 0.6900
v -0.054404 0.012152 0.006713 0.6371 0.6434 0.6550
v -0.054849 0.010402 0.007127 0.5893 0.5957 0.6099
v -0.055290 0.008661 0.007536 0.6537 0.6576 0.6584
v -0.055744 0.006919 0.007965 0.6611 0.6630 0.6704
v -0.053944 0.011275 0.005862 0.6958 0.6866 0.6985
v -0.054391 0.009783 0.006318 0.6506 0.6567 0.6606
v -0.054821 0.008320 0.006754 0.6789 0.6828 0.6871
v -0.055262 0.006856 0.007207 0.6679 0.6690 0.6806
v -0.053488 0.010400 0.005017 0.6080 0.6111 0.6326
v -0.053948 0.009161 0.005535 0.6280 0.6303 0.6480
v -0.054380 0.007974 0.006017 0.6337 0.6376 0.6527
v -0.054810 0.006796 0.006497 0.6626 0.6669 0.6761
v -0.056823 0.001652 0.008808 0.7084 0.7077 0.7084
v -0.055999 0.002359 0.007640 0.7142 0.7053 0.7073
v -0.055178 0.003067 0.006480 0.7186 0.7135 0.7112
v -0.054356 0.003748 0.005314 0.7152 0.7119 0.7076
v -0.056460 0.003413 0.008521 0.6973 0.6956 0.6973
v -0.055751 0.003878 0.007496 0.6373 0.6412 0.6521
v -0.055057 0.004350 0.006495 0.6400 0.6476 0.6531
v -0.054362 0.004800 0.005489 0.6659 0.6604 0.6614
v -0.056096 0.005164 0.008233 0.6783 0.6781 0.6885
v -0.055501 0.005365 0.007344 0.6556 0.6590 0.6698
v -0.054932 0.005578 0.006495 0.6024 0.6154 0.6247
v -0.054368 0.005786 0.005653 0.6437 0.6470 0.6597
v -0.064433 0.021348 0.015179 0.6402 0.6467 0.6533
v -0.069562 0.019696 0.021359 0.8846 0.8680 0.8531
v -0.067587 0.019185 0.019468 0.7650 0.7615 0.7479
v -0.065623 0.018681 0.017586 0.6215 0.6209 0.6363
v -0.063649 0.018147 0.015706 0.5671 0.5749 0.5983
v -0.069049 0.021008 0.020251 0.9100 0.8944 0.8788
v -0.067317 0.020419 0.018654 0.7647 0.7517 0.7512
v -0.065625 0.019858 0.017087 0.6898 0.6843 0.6806
v -0.063925 0.019273 0.015521 0.5982 0.6014 0.6217
v -0.068534 0.022311 0.019146 0.9175 0.9019 0.8845
v -0.067034 0.021615 0.017842 0.7990 0.7861 0.7789
v -0.065603 0.020971 0.016589 0.7251 0.7133 0.7148
v -0.064183 0.020328 0.015347 0.6436 0.6471 0.6553
v -0.057885 0.017206 0.009954 0.5807 0.5885 0.6119
v -0.059133 0.018894 0.010567 0.5482 0.5560 0.5793
v -0.060378 0.020572 0.011181 0.5207 0.5285 0.5520
v -0.061599 0.022260 0.011765 0.5505 0.5583 0.5830
v -0.059814 0.017528 0.011876 0.5466 0.5638 0.5816
v -0.060750 0.019019 0.012241 0.5363 0.5519 0.5766
v -0.061683 0.020475 0.012616 0.5488 0.5571 0.5783
v -0.062596 0.021940 0.012966 0.5691 0.5746 0.5926
v -0.061734 0.017852 0.013788 0.5118 0.5302 0.5611
v -0.062339 0.019158 0.013877 0.5362 0.5480 0.5724
v -0.062938 0.020403 0.013986 0.5928 0.5942 0.6086
v -0.063530 0.021639 0.014091 0.6711 0.6750 0.6774
v -0.065852 0.027142 0.014224 0.9305 0.9150 0.8995
v -0.066579 0.025964 0.015502 0.8621 0.8442 0.8309
v -0.067298 0.024790 0.016770 0.9052 0.8868 0.8710
v -0.068050 0.023636 0.018065 0.9010 0.8854 0.8661
v -0.064436 0.025508 0.013409 0.7303 0.7269 0.7230
v -0.065231 0.024606 0.014642 0.7395 0.7356 0.7309
v -0.065990 0.023711 0.015834 0.7886 0.7855 0.7677
v -0.066778 0.022831 0.017050 0.8562 0.8442 0.8266
v -0.063031 0.023881 0.012603 0.6504 0.6643 0.6658
v -0.063925 0.023270 0.013817 0.6490 0.6563 0.6608
v -0.064757 0.022670 0.014961 0.7047 0.7081 0.7031
v -0.065585 0.022077 0.016098 0.7029 0.6996 0.6993
v -0.059710 0.030385 0.003180 0.6333 0.6384 0.6380
v -0.064217 0.030268 0.010073 0.7621 0.7504 0.7582
v -0.062345 0.029366 0.008081 0.7544 0.7277 0.7266
v -0.060483 0.028472 0.006098 0.6348 0.6404 0.6551
v -0.058610 0.027551 0.004121 0.5804 0.5960 0.6033
v -0.063903 0.031227 0.008720 0.8814 0.8742 0.8589
v -0.062245 0.030320 0.007056 0.7017 0.6888 0.6977
v -0.060626 0.029445 0.005421 0.6678 0.6680 0.6771
v -0.058997 0.028548 0.003790 0.6080 0.6187 0.6207
v -0.063585 0.032178 0.007372 0.8573 0.8471 0.8375
v -0.062127 0.031239 0.006038 0.7419 0.7358 0.7253
v -0.060738 0.030358 0.004754 0.6873 0.6855 0.6883
v -0.059359 0.029483 0.003480 0.5915 0.6009 0.6117
v -0.053211 0.025372 -0.002009 0.5732 0.5844 0.6078
v -0.054557 0.027070 -0.001538 0.5132 0.5351 0.5706
v -0.055898 0.028758 -0.001066 0.5501 0.5579 0.5812
v -0.057219 0.030450 -0.000627 0.5918 0.5966 0.6148
v -0.055019 0.026107 0.000039 0.5798 0.5876 0.6123
v -0.056055 0.027566 0.000262 0.5646 0.5724 0.5958
v -0.057084 0.028995 0.000501 0.5243 0.5321 0.5555
v -0.058095 0.030427 0.000712 0.5610 0.5771 0.5849
v -0.056818 0.026841 0.002074 0.5409 0.5525 0.5788
v -0.057529 0.028067 0.002021 0.5973 0.6063 0.6320
v -0.058226 0.029241 0.001996 0.5790 0.5967 0.5985
v -0.058916 0.030406 0.001968 0.6190 0.6343 0.6308
v -0.061700 0.035515 0.001478 0.9105 0.8941 0.8802
v -0.062227 0.034720 0.002999 0.8503 0.8270 0.8173
v -0.062747 0.033925 0.004509 0.8907 0.8751 0.8596
v -0.063299 0.033154 0.006047 0.8504 0.8287 0.8192
v -0.060207 0.033821 0.000782 0.7296 0.7171 0.7176
v -0.060829 0.033270 0.002223 0.7436 0.7374 0.7297
v -0.061419 0.032715 0.003619 0.7685 0.7616 0.7425
v -0.062037 0.032181 0.005039 0.7699 0.7583 0.7466
v -0.058726 0.032136 0.000095 0.5887 0.5932 0.6070
v -0.059473 0.031849 0.001482 0.6927 0.6912 0.6887
v -0.060164 0.031556 0.002792 0.7080 0.7001 0.7015
v -0.060853 0.031267 0.004093 0.6828 0.6822 0.6857
v -0.070589 0.031601 0.007032 0.7341 0.7414 0.7341
v -0.065464 0.035936 0.002810 0.9091 0.9016 0.8902
v -0.067656 0.034654 0.003419 0.8389 0.8229 0.8164
v -0.069835 0.033378 0.004028 0.7285 0.7247 0.7167
v -0.072030 0.032105 0.004617 0.6561 0.6460 0.6561
v -0.065759 0.035114 0.004250 0.9272 0.9130 0.8981
v -0.067707 0.034039 0.004658 0.8971 0.8839 0.8659
v -0.069608 0.032982 0.005071 0.7761 0.7670 0.7477
v -0.071523 0.031928 0.005466 0.6749 0.6740 0.6749
v -0.066057 0.034295 0.005681 0.9199 0.9048 0.8887
v -0.067780 0.033426 0.005871 0.9034 0.8898 0.8723
v -0.069420 0.032590 0.006069 0.8278 0.8084 0.7966
v -0.071048 0.031762 0.006263 0.7280 0.7358 0.7280
v -0.078322 0.028179 0.006881 0.6313 0.6425 0.6370
v -0.076677 0.028527 0.007706 0.5894 0.5858 0.6143
v -0.075037 0.028878 0.008524 0.5782 0.5859 0.6087
v -0.073420 0.029207 0.009364 0.6540 0.6523 0.6540
v -0.076215 0.029490 0.006129 0.5980 0.6107 0.6186
v -0.074938 0.029676 0.006947 0.6099 0.6081 0.6257
v -0.073672 0.029871 0.007736 0.6196 0.6177 0.6313
v -0.072425 0.030049 0.008544 0.6727 0.6640 0.6727
v -0.074117 0.030795 0.005384 0.6046 0.6044 0.6229
v -0.073226 0.030799 0.006216 0.6407 0.6308 0.6418
v -0.072354 0.030820 0.006998 0.6667 0.6684 0.6667
v -0.071491 0.030838 0.007775 0.7115 0.7178 0.7115
v -0.067981 0.030689 0.011405 0.9311 0.9187 0.9063
v -0.067434 0.031622 0.009971 0.9302 0.9251 0.9193
v -0.066896 0.032548 0.008544 0.9273 0.9123 0.8961
v -0.066318 0.033492 0.007116 0.9147 0.9016 0.8835
v -0.069794 0.030199 0.010718 0.8882 0.8679 0.8571
v -0.069123 0.031088 0.009491 0.8988 0.8847 0.8703
v -0.068488 0.031950 0.008289 0.9262 0.9397 0.9247
v -0.067820 0.032827 0.007086 0.9027 0.9077 0.8921
v -0.071593 0.029714 0.010031 0.7508 0.7312 0.7356
v -0.070762 0.030578 0.009009 0.8184 0.7978 0.7940
v -0.069994 0.031393 0.008030 0.8246 0.8018 0.7980
v -0.069229 0.032203 0.007059 0.8337 0.8064 0.8025
v -0.073763 0.025132 0.015049 0.7623 0.7503 0.7483
v -0.079420 0.025940 0.009655 0.6227 0.6319 0.6416
v -0.078388 0.025061 0.011618 0.5905 0.6029 0.6218
v -0.077359 0.024189 0.013571 0.5965 0.6043 0.6228
v -0.076351 0.023299 0.015530 0.6382 0.6380 0.6467
v -0.077707 0.026427 0.010309 0.5962 0.6106 0.6275
v -0.076944 0.025587 0.012016 0.5885 0.5964 0.6181
v -0.076183 0.024773 0.013685 0.6023 0.6094 0.6259
v -0.075441 0.023943 0.015361 0.6683 0.6722 0.6697
v -0.076003 0.026909 0.010964 0.5969 0.5996 0.6231
v -0.075527 0.026089 0.012424 0.6194 0.6181 0.6377
v -0.075055 0.025317 0.013818 0.6644 0.6683 0.6668
v -0.074587 0.024548 0.015202 0.7368 0.7241 0.7269
v -0.072790 0.021005 0.021314 0.9415 0.9259 0.9089
v -0.072078 0.022237 0.020209 0.9385 0.9229 0.9049
v -0.071373 0.023462 0.019106 0.9374 0.9218 0.9032
v -0.070639 0.024686 0.018029 0.9425 0.9269 0.9075
v -0.073975 0.021776 0.019379 0.8524 0.8460 0.8213
v -0.073216 0.022811 0.018572 0.9228 0.9064 0.8916
v -0.072489 0.023828 0.017766 0.9126 0.8970 0.8794
v -0.071738 0.024843 0.016981 0.9337 0.9202 0.9002
v -0.075150 0.022545 0.017453 0.7716 0.7412 0.7377
v -0.074318 0.023384 0.016966 0.8163 0.7886 0.7847
v -0.073541 0.024190 0.016479 0.8212 0.8021 0.7918
v -0.072768 0.024990 0.015998 0.8336 0.8219 0.8025
v -0.069080 0.028451 0.014179 0.9154 0.9134 0.9094
v -0.070824 0.028098 0.013320 0.8623 0.8542 0.8418
v -0.072559 0.027745 0.012471 0.7461 0.7314 0.7352
v -0.074301 0.027412 0.011589 0.6429 0.6369 0.6536
v -0.069608 0.027193 0.015460 0.9418 0.9317 0.9102
v -0.071130 0.026998 0.014560 0.8986 0.8932 0.8717
v -0.072617 0.026796 0.013697 0.8120 0.7995 0.7858
v -0.074112 0.026610 0.012806 0.6896 0.6779 0.6896
v -0.070137 0.025942 0.016730 0.9416 0.9303 0.9067
v -0.071445 0.025923 0.015758 0.9111 0.9085 0.8777
v -0.072694 0.025889 0.014851 0.8059 0.7967 0.7823
v -0.073935 0.025858 0.013947 0.7198 0.7087 0.7165
v -0.065421 0.040560 -0.014097 0.7635 0.7515 0.7510
v -0.071291 0.040067 -0.017917 0.6799 0.6772 0.6799
v -0.070086 0.039862 -0.015580 0.6905 0.6863 0.6905
v -0.068883 0.039659 -0.013259 0.6693 0.6598 0.6693
v -0.067700 0.039445 -0.010906 0.6925 0.6907 0.6925
v -0.069649 0.040512 -0.018401 0.6585 0.6503 0.6585
v -0.068722 0.040283 -0.016245 0.6995 0.7017 0.6995
v -0.067802 0.040065 -0.014150 0.7004 0.6888 0.7004
v -0.066899 0.039838 -0.012028 0.7329 0.7254 0.7329
v -0.068014 0.040953 -0.018875 0.6715 0.6667 0.6715
v -0.067382 0.040691 -0.016869 0.7009 0.7038 0.7009
v -0.066761 0.040448 -0.014969 0.6937 0.6820 0.6937
v -0.066147 0.040205 -0.013080 0.7126 0.7023 0.7074
v -0.063676 0.039036 -0.004500 0.8896 0.8811 0.8747
v -0.063182 0.039636 -0.007008 0.9124 0.8993 0.8840
v -0.062695 0.040233 -0.009505 0.9138 0.9011 0.8826
v -0.062178 0.040833 -0.011986 0.9232 0.9090 0.8920
v -0.065017 0.039175 -0.006649 0.8446 0.8263 0.8234
v -0.064440 0.039703 -0.008700 0.8948 0.8786 0.8598
v -0.063892 0.040219 -0.010721 0.8868 0.8883 0.8548
v -0.063319 0.040737 -0.012728 0.8940 0.8876 0.8610
v -0.066347 0.039315 -0.008790 0.7730 0.7540 0.7565
v -0.065660 0.039774 -0.010375 0.7711 0.7668 0.7590
v -0.065023 0.040212 -0.011906 0.7714 0.7675 0.7597
v -0.064388 0.040647 -0.013424 0.7670 0.7520 0.7538
v -0.061296 0.042579 -0.019873 0.8959 0.8868 0.8712
v -0.062995 0.042184 -0.019702 0.8257 0.8133 0.8018
v -0.064685 0.041790 -0.019526 0.7813 0.7599 0.7540
v -0.066385 0.041403 -0.019398 0.7093 0.7011 0.7086
v -0.061598 0.041994 -0.017240 0.8965 0.8825 0.8653
v -0.063101 0.041695 -0.017345 0.8575 0.8435 0.8263
v -0.064569 0.041398 -0.017419 0.7659 0.7432 0.7343
v -0.066046 0.041106 -0.017534 0.7214 0.7079 0.7042
v -0.061902 0.041413 -0.014624 0.9120 0.8996 0.8808
v -0.063222 0.041216 -0.015046 0.8754 0.8631 0.8443
v -0.064479 0.041021 -0.015415 0.7628 0.7473 0.7499
v -0.065728 0.040829 -0.015785 0.7376 0.7190 0.7212
v -0.072112 0.037283 -0.008039 0.6517 0.6508 0.6628
v -0.076739 0.035015 -0.005892 0.6984 0.6934 0.6984
v -0.074918 0.035471 -0.005182 0.6669 0.6618 0.6676
v -0.073107 0.035925 -0.004481 0.6415 0.6420 0.6500
v -0.071287 0.036372 -0.003740 0.6132 0.6232 0.6343
v -0.076315 0.035660 -0.007644 0.7020 0.6992 0.7020
v -0.074714 0.036008 -0.006831 0.6642 0.6697 0.6692
v -0.073150 0.036354 -0.006059 0.6227 0.6305 0.6497
v -0.071577 0.036693 -0.005252 0.6430 0.6420 0.6473
v -0.075889 0.036302 -0.009383 0.7230 0.7114 0.7075
v -0.074497 0.036536 -0.008431 0.6923 0.6847 0.6925
v -0.073168 0.036766 -0.007549 0.6705 0.6747 0.6725
v -0.071849 0.036993 -0.006670 0.6599 0.6523 0.6650
v -0.065991 0.037902 -0.002404 0.8018 0.7932 0.7954
v -0.067189 0.038111 -0.004682 0.7304 0.7137 0.7167
v -0.068383 0.038318 -0.006947 0.7293 0.7136 0.7151
v -0.069556 0.038536 -0.009225 0.6316 0.6379 0.6517
v -0.067764 0.037392 -0.002860 0.7618 0.7488 0.7398
v -0.068670 0.037631 -0.004870 0.6864 0.6727 0.6831
v -0.069572 0.037859 -0.006833 0.6417 0.6394 0.6417
v -0.070455 0.038096 -0.008808 0.6351 0.6403 0.6534
v -0.069528 0.036887 -0.003319 0.6656 0.6579 0.6677
v -0.070126 0.037166 -0.005077 0.6279 0.6296 0.6290
v -0.070715 0.037425 -0.006753 0.6384 0.6377 0.6384
v -0.071298 0.037683 -0.008417 0.6337 0.6386 0.6535
v -0.073607 0.038933 -0.015821 0.7457 0.7226 0.7190
v -0.074230 0.038268 -0.014253 0.7137 0.6983 0.6944
v -0.074846 0.037607 -0.012690 0.7143 0.7065 0.7009
v -0.075493 0.036942 -0.011152 0.7154 0.7026 0.7089
v -0.072258 0.038798 -0.013613 0.6874 0.6812 0.6804
v -0.072952 0.038211 -0.012415 0.6710 0.6712 0.6831
v -0.073615 0.037638 -0.011225 0.6953 0.6905 0.6916
v -0.074304 0.037062 -0.010057 0.6927 0.6836 0.6927
v -0.070919 0.038662 -0.011415 0.6584 0.6498 0.6584
v -0.071715 0.038149 -0.010609 0.6527 0.6479 0.6581
v -0.072453 0.037660 -0.009815 0.6438 0.6476 0.6445
v -0.073189 0.037175 -0.009031 0.6648 0.6640 0.6648
v -0.053595 0.030400 -0.008038 0.5671 0.5838 0.5983
v -0.050104 0.030304 -0.015820 0.5806 0.5884 0.6025
v -0.051730 0.031258 -0.013612 0.5673 0.5758 0.6031
v -0.053345 0.032203 -0.011415 0.5486 0.5539 0.5770
v -0.054975 0.033175 -0.009225 0.5662 0.5709 0.5832
v -0.050172 0.029396 -0.014252 0.6249 0.6192 0.6398
v -0.051632 0.030346 -0.012414 0.6222 0.6242 0.6457
v -0.053054 0.031261 -0.010608 0.6062 0.6128 0.6375
v -0.054490 0.032199 -0.008807 0.5621 0.5669 0.5845
v -0.050244 0.028498 -0.012688 0.6231 0.6194 0.6355
v -0.051553 0.029468 -0.011224 0.6195 0.6144 0.6247
v -0.052798 0.030378 -0.009814 0.5949 0.5988 0.6262
v -0.054034 0.031284 -0.008416 0.5691 0.5844 0.6003
v -0.059584 0.035520 -0.002404 0.7279 0.7128 0.7211
v -0.058222 0.033826 -0.002860 0.6161 0.6192 0.6319
v -0.056865 0.032141 -0.003319 0.5776 0.5845 0.6054
v -0.055523 0.030454 -0.003739 0.5425 0.5524 0.5819
v -0.058040 0.034730 -0.004682 0.6263 0.6280 0.6385
v -0.056963 0.033280 -0.004870 0.5923 0.5981 0.6175
v -0.055897 0.031858 -0.005077 0.5326 0.5482 0.5761
v -0.054845 0.030435 -0.005251 0.5363 0.5475 0.5778
v -0.056503 0.033941 -0.006947 0.6557 0.6531 0.6666
v -0.055722 0.032729 -0.006833 0.5562 0.5639 0.5873
v -0.054962 0.031569 -0.006752 0.5508 0.5586 0.5820
v -0.054209 0.030417 -0.006669 0.5995 0.6084 0.6339
v -0.051096 0.025377 -0.005890 0.6259 0.6303 0.6371
v -0.050832 0.026117 -0.007642 0.6035 0.6098 0.6203
v -0.050574 0.026857 -0.009381 0.6188 0.6222 0.6328
v -0.050286 0.027572 -0.011151 0.6113 0.6067 0.6198
v -0.052572 0.027075 -0.005181 0.6062 0.6134 0.6260
v -0.052189 0.027576 -0.006830 0.5591 0.5678 0.5868
v -0.051832 0.028081 -0.008430 0.5946 0.6046 0.6133
v -0.051449 0.028567 -0.010056 0.5691 0.5705 0.5952
v -0.054038 0.028763 -0.004480 0.5571 0.5649 0.5902
v -0.053509 0.029004 -0.006058 0.5717 0.5795 0.6046
v -0.053024 0.029254 -0.007548 0.6008 0.6104 0.6351
v -0.052541 0.029500 -0.009030 0.5958 0.6056 0.6296
v -0.074784 0.032804 0.000874 0.6101 0.6158 0.6257
v -0.079773 0.028595 0.004751 0.6840 0.6768 0.6840
v -0.077577 0.029881 0.004130 0.6299 0.6202 0.6299
v -0.075393 0.031161 0.003510 0.5891 0.5914 0.6092
v -0.073193 0.032439 0.002908 0.5961 0.6007 0.6177
v -0.079549 0.029351 0.003490 0.6628 0.6626 0.6628
v -0.077590 0.030437 0.003054 0.6420 0.6324 0.6420
v -0.075679 0.031503 0.002616 0.6243 0.6155 0.6285
v -0.073753 0.032567 0.002193 0.6100 0.6118 0.6258
v -0.079320 0.030106 0.002236 0.6821 0.6755 0.6821
v -0.077579 0.030992 0.001999 0.6615 0.6521 0.6618
v -0.075923 0.031843 0.001759 0.6181 0.6206 0.6420
v -0.074277 0.032688 0.001522 0.5954 0.6086 0.6181
v -0.066916 0.036352 0.000680 0.8329 0.8101 0.8057
v -0.068631 0.035938 0.000033 0.7316 0.7166 0.7251
v -0.070341 0.035524 -0.000607 0.6471 0.6430 0.6471
v -0.072028 0.035129 -0.001267 0.6157 0.6199 0.6216
v -0.069018 0.035044 0.001420 0.7416 0.7293 0.7406
v -0.070359 0.034799 0.000765 0.6581 0.6575 0.6581
v -0.071688 0.034547 0.000134 0.6294 0.6315 0.6294
v -0.072997 0.034312 -0.000514 0.6183 0.6229 0.6298
v -0.071111 0.033744 0.002155 0.6489 0.6500 0.6489
v -0.072061 0.033686 0.001471 0.6366 0.6398 0.6386
v -0.072988 0.033614 0.000830 0.6073 0.6146 0.6240
v -0.073906 0.033545 0.000192 0.6074 0.6151 0.6237
v -0.077663 0.033466 -0.002808 0.6796 0.6823 0.6796
v -0.078144 0.032593 -0.001541 0.6711 0.6756 0.6711
v -0.078618 0.031728 -0.000281 0.6650 0.6594 0.6650
v -0.079131 0.030844 0.000982 0.6614 0.6548 0.6614
v -0.075785 0.034017 -0.002288 0.6505 0.6564 0.6505
v -0.076403 0.033176 -0.001196 0.6579 0.6645 0.6579
v -0.076986 0.032363 -0.000127 0.6400 0.6457 0.6560
v -0.077602 0.031534 0.000944 0.6542 0.6590 0.6636
v -0.073920 0.034562 -0.001768 0.6207 0.6284 0.6319
v -0.074712 0.033735 -0.000847 0.6133 0.6174 0.6267
v -0.075441 0.032955 0.000034 0.6222 0.6272 0.6453
v -0.076169 0.032180 0.000908 0.6244 0.6295 0.6485
v -0.056708 0.037376 -0.014096 0.6639 0.6613 0.6651
v -0.058281 0.041477 -0.019873 0.7605 0.7571 0.7589
v -0.058769 0.040961 -0.017240 0.7741 0.7556 0.7562
v -0.059251 0.040444 -0.014624 0.8438 0.8434 0.8200
v -0.059761 0.039949 -0.011986 0.7452 0.7333 0.7269
v -0.057030 0.040003 -0.019702 0.6034 0.6059 0.6327
v -0.057593 0.039682 -0.017345 0.6214 0.6153 0.6353
v -0.058128 0.039354 -0.015046 0.6837 0.6813 0.6907
v -0.058687 0.039044 -0.012728 0.7488 0.7387 0.7324
v -0.055787 0.038538 -0.019526 0.6350 0.6381 0.6529
v -0.056451 0.038431 -0.017419 0.6088 0.6056 0.6271
v -0.057067 0.038312 -0.015415 0.6449 0.6447 0.6521
v -0.057680 0.038196 -0.013424 0.6634 0.6653 0.6663
v -0.060662 0.037934 -0.004500 0.8580 0.8465 0.8289
v -0.059051 0.036995 -0.006649 0.7132 0.6994 0.7026
v -0.057450 0.036063 -0.008790 0.5455 0.5619 0.5678
v -0.055839 0.035111 -0.010905 0.6303 0.6349 0.6338
v -0.060354 0.038602 -0.007008 0.8524 0.8414 0.8232
v -0.058931 0.037690 -0.008700 0.7128 0.7023 0.7034
v -0.057542 0.036808 -0.010374 0.6933 0.6816 0.6777
v -0.056145 0.035907 -0.012028 0.6294 0.6383 0.6457
v -0.060044 0.039264 -0.009505 0.8284 0.8164 0.8023
v -0.058798 0.038357 -0.010720 0.8104 0.7936 0.7852
v -0.057610 0.037503 -0.011906 0.7030 0.6970 0.6996
v -0.056431 0.036654 -0.013080 0.6045 0.6206 0.6284
v -0.051181 0.032717 -0.017916 0.5944 0.5953 0.6088
v -0.052303 0.034172 -0.018400 0.6067 0.6054 0.6197
v -0.053423 0.035620 -0.018875 0.5280 0.5472 0.5733
v -0.054524 0.037068 -0.019397 0.5255 0.5435 0.5722
v -0.052740 0.033522 -0.015579 0.5836 0.5914 0.6029
v -0.053600 0.034756 -0.016245 0.5581 0.5665 0.5896
v -0.054453 0.035966 -0.016868 0.5977 0.6076 0.6143
v -0.055292 0.037176 -0.017533 0.6382 0.6427 0.6406
v -0.054293 0.034326 -0.013258 0.5808 0.5886 0.6027
v -0.054875 0.035340 -0.014150 0.6310 0.6231 0.6354
v -0.055446 0.036312 -0.014968 0.6231 0.6171 0.6306
v -0.056012 0.037278 -0.015785 0.6142 0.6252 0.6324
v -0.050787 0.032977 -0.026749 0.4967 0.5114 0.5465
v -0.046997 0.027781 -0.033703 0.5113 0.5269 0.5504
v -0.048568 0.029845 -0.032195 0.4327 0.4513 0.4855
v -0.050129 0.031897 -0.030693 0.4703 0.4971 0.5175
v -0.051701 0.033961 -0.029210 0.4863 0.5090 0.5341
v -0.047265 0.028238 -0.031836 0.5511 0.5506 0.5708
v -0.048656 0.030055 -0.030660 0.4463 0.4711 0.4981
v -0.050013 0.031830 -0.029494 0.5153 0.5395 0.5538
v -0.051380 0.033615 -0.028345 0.4675 0.4863 0.5269
v -0.047535 0.028697 -0.029978 0.5395 0.5402 0.5616
v -0.048758 0.030281 -0.029148 0.4976 0.5153 0.5461
v -0.049922 0.031791 -0.028336 0.5101 0.5238 0.5546
v -0.051078 0.033290 -0.027533 0.4835 0.4986 0.5373
v -0.056232 0.039955 -0.024250 0.6110 0.6170 0.6264
v -0.055107 0.038575 -0.023810 0.5427 0.5495 0.5739
v -0.053986 0.037199 -0.023376 0.4994 0.5056 0.5306
v -0.052881 0.035847 -0.022908 0.5202 0.5249 0.5522
v -0.054715 0.037949 -0.025903 0.4991 0.5092 0.5346
v -0.053850 0.036901 -0.025344 0.4800 0.4893 0.5145
v -0.052990 0.035859 -0.024816 0.5440 0.5500 0.5752
v -0.052145 0.034838 -0.024259 0.5096 0.5158 0.5422
v -0.053205 0.035952 -0.027545 0.4492 0.4569 0.4804
v -0.052612 0.035255 -0.026834 0.4877 0.4923 0.5189
v -0.052030 0.034569 -0.026179 0.4919 0.4957 0.5225
v -0.051454 0.033891 -0.025526 0.4905 0.4973 0.5239
v -0.049133 0.031195 -0.022294 0.6346 0.6272 0.6389
v -0.048687 0.030510 -0.024242 0.5294 0.5372 0.5622
v -0.048247 0.029834 -0.026178 0.4603 0.4795 0.5121
v -0.047779 0.029122 -0.028129 0.5366 0.5446 0.5639
v -0.050382 0.032744 -0.022508 0.5419 0.5453 0.5656
v -0.049857 0.031975 -0.024244 0.5008 0.5086 0.5359
v -0.049359 0.031241 -0.025937 0.5587 0.5665 0.5838
v -0.048837 0.030478 -0.027644 0.5247 0.5380 0.5722
v -0.051621 0.034282 -0.022725 0.5554 0.5657 0.5896
v -0.050992 0.033394 -0.024266 0.5617 0.5727 0.5967
v -0.050410 0.032570 -0.025732 0.4880 0.4954 0.5226
v -0.049829 0.031749 -0.027189 0.4999 0.5129 0.5424
v -0.046453 0.022875 -0.023081 0.5018 0.5126 0.5491
v -0.045497 0.024286 -0.032434 0.4705 0.4903 0.5134
v -0.045858 0.024958 -0.030646 0.5127 0.5244 0.5435
v -0.046217 0.025623 -0.028862 0.5068 0.5107 0.5380
v -0.046577 0.026319 -0.027112 0.4803 0.4998 0.5350
v -0.045600 0.022929 -0.029684 0.5372 0.5460 0.5555
v -0.045915 0.023668 -0.028341 0.4393 0.4487 0.4753
v -0.046224 0.024375 -0.027003 0.4819 0.4975 0.5360
v -0.046533 0.025108 -0.025694 0.5364 0.5519 0.5806
v -0.045704 0.021582 -0.026947 0.5217 0.5391 0.5632
v -0.045976 0.022419 -0.026077 0.5021 0.5159 0.5521
v -0.046235 0.023197 -0.025216 0.5235 0.5313 0.5654
v -0.046493 0.023972 -0.024365 0.4931 0.5091 0.5443
v -0.047633 0.027700 -0.021025 0.5199 0.5394 0.5735
v -0.047414 0.025828 -0.019996 0.6036 0.6021 0.6182
v -0.047196 0.023966 -0.018979 0.5335 0.5527 0.5776
v -0.046982 0.022096 -0.017915 0.5079 0.5228 0.5578
v -0.047280 0.027231 -0.023051 0.5458 0.5487 0.5778
v -0.047117 0.025588 -0.021925 0.5760 0.5812 0.6000
v -0.046955 0.023983 -0.020849 0.5812 0.5921 0.6032
v -0.046796 0.022370 -0.019732 0.4666 0.4857 0.5218
v -0.046928 0.026760 -0.025062 0.5630 0.5620 0.5812
v -0.046825 0.025335 -0.023793 0.5758 0.5804 0.5987
v -0.046723 0.023976 -0.022612 0.5207 0.5360 0.5621
v -0.046622 0.022627 -0.021436 0.5811 0.5895 0.6019
v -0.046230 0.016639 -0.015785 0.6148 0.6136 0.6375
v -0.046088 0.017839 -0.018602 0.5775 0.5875 0.5963
v -0.045948 0.019035 -0.021402 0.5378 0.5431 0.5734
v -0.045802 0.020210 -0.024217 0.5430 0.5557 0.5857
v -0.046480 0.018465 -0.016508 0.5337 0.5487 0.5653
v -0.046328 0.019368 -0.018978 0.5191 0.5223 0.5435
v -0.046182 0.020267 -0.021392 0.5771 0.5819 0.6077
v -0.046031 0.021147 -0.023818 0.5144 0.5311 0.5631
v -0.046728 0.020283 -0.017234 0.5022 0.5334 0.5501
v -0.046560 0.020871 -0.019374 0.5670 0.5780 0.6080
v -0.046402 0.021452 -0.021416 0.5544 0.5686 0.5847
v -0.046246 0.022026 -0.023443 0.4834 0.4988 0.5372
v -0.048047 0.022104 -0.012205 0.5528 0.5600 0.5766
v -0.048185 0.027433 -0.017262 0.6065 0.6040 0.6219
v -0.048371 0.026703 -0.015605 0.6094 0.6077 0.6249
v -0.048556 0.025973 -0.013956 0.5938 0.5939 0.6113
v -0.048747 0.025270 -0.012307 0.5871 0.5865 0.6081
v -0.047932 0.025578 -0.016466 0.5998 0.6108 0.6278
v -0.048125 0.025101 -0.015049 0.5494 0.5571 0.5803
v -0.048310 0.024617 -0.013661 0.6273 0.6311 0.6392
v -0.048501 0.024157 -0.012271 0.6004 0.6048 0.6166
v -0.047681 0.023732 -0.015670 0.5203 0.5280 0.5515
v -0.047886 0.023533 -0.014490 0.5799 0.5865 0.6109
v -0.048079 0.023321 -0.013359 0.5494 0.5572 0.5751
v -0.048270 0.023113 -0.012238 0.5818 0.5896 0.6016
v -0.049176 0.022507 -0.007332 0.5841 0.5862 0.6071
v -0.048774 0.021395 -0.008034 0.6218 0.6151 0.6304
v -0.048373 0.020292 -0.008735 0.5982 0.5993 0.6142
v -0.047972 0.019161 -0.009412 0.6245 0.6176 0.6314
v -0.049031 0.023424 -0.008995 0.6274 0.6285 0.6400
v -0.048682 0.022331 -0.009465 0.6020 0.5983 0.6138
v -0.048341 0.021275 -0.009940 0.6256 0.6225 0.6342
v -0.047998 0.020196 -0.010394 0.5932 0.5958 0.6109
v -0.048886 0.024333 -0.010649 0.5615 0.5781 0.5884
v -0.048589 0.023231 -0.010867 0.6546 0.6452 0.6578
v -0.048305 0.022196 -0.011093 0.5449 0.5487 0.5680
v -0.048023 0.021167 -0.011316 0.6151 0.6113 0.6257
v -0.046781 0.016373 -0.012022 0.5233 0.5298 0.5632
v -0.046998 0.018215 -0.012977 0.5094 0.5303 0.5627
v -0.047214 0.020048 -0.013925 0.5759 0.5964 0.6110
v -0.047424 0.021882 -0.014897 0.5903 0.6103 0.6249
v -0.047180 0.017311 -0.011155 0.5838 0.5861 0.6071
v -0.047336 0.018881 -0.012102 0.6067 0.6049 0.6201
v -0.047492 0.020420 -0.013015 0.5559 0.5738 0.5910
v -0.047643 0.021960 -0.013951 0.5714 0.5822 0.5954
v -0.047576 0.018249 -0.010297 0.5884 0.5923 0.6079
v -0.047667 0.019549 -0.011259 0.4889 0.5141 0.5510
v -0.047759 0.020796 -0.012163 0.5696 0.5768 0.5976
v -0.047849 0.022034 -0.013063 0.5575 0.5653 0.5807
v -0.048821 0.014100 -0.005609 0.6069 0.6101 0.6348
v -0.047049 0.013603 -0.009740 0.5704 0.5758 0.5860
v -0.047431 0.014713 -0.009014 0.6133 0.6165 0.6201
v -0.047811 0.015813 -0.008289 0.5903 0.5884 0.6061
v -0.048186 0.016940 -0.007582 0.5898 0.5910 0.6086
v -0.047527 0.012735 -0.008461 0.5955 0.5950 0.6094
v -0.047825 0.013821 -0.007932 0.6025 0.6021 0.6149
v -0.048119 0.014869 -0.007403 0.5643 0.5673 0.5890
v -0.048410 0.015941 -0.006888 0.6228 0.6166 0.6298
v -0.048004 0.011875 -0.007189 0.5644 0.5740 0.6029
v -0.048213 0.012963 -0.006870 0.6191 0.6204 0.6409
v -0.048417 0.013987 -0.006552 0.6073 0.6072 0.6271
v -0.048619 0.015005 -0.006237 0.5731 0.5748 0.5995
v -0.049444 0.019738 -0.005050 0.5981 0.5980 0.6143
v -0.049561 0.017944 -0.004479 0.6047 0.6048 0.6282
v -0.049676 0.016159 -0.003914 0.6021 0.6030 0.6275
v -0.049800 0.014374 -0.003327 0.5681 0.5792 0.6048
v -0.049025 0.018796 -0.005892 0.5915 0.5927 0.6087
v -0.049172 0.017270 -0.005295 0.5691 0.5702 0.5921
v -0.049310 0.015774 -0.004721 0.6255 0.6297 0.6468
v -0.049456 0.014278 -0.004130 0.5625 0.5703 0.6037
v -0.048609 0.017856 -0.006728 0.5435 0.5508 0.5741
v -0.048793 0.016596 -0.006083 0.6048 0.6026 0.6179
v -0.048963 0.015387 -0.005481 0.6218 0.6259 0.6439
v -0.049133 0.014187 -0.004882 0.5325 0.5507 0.5824
v -0.049971 0.008959 -0.002037 0.6850 0.6753 0.6863
v -0.049472 0.009644 -0.003334 0.6887 0.6940 0.6926
v -0.048977 0.010328 -0.004624 0.6207 0.6322 0.6405
v -0.048477 0.010986 -0.005918 0.5430 0.5591 0.5956
v -0.049912 0.010769 -0.002474 0.6370 0.6308 0.6413
v -0.049468 0.011209 -0.003600 0.6485 0.6531 0.6605
v -0.049035 0.011657 -0.004703 0.6208 0.6320 0.6475
v -0.048598 0.012081 -0.005809 0.6006 0.6136 0.6410
v -0.049852 0.012569 -0.002910 0.6257 0.6228 0.6418
v -0.049458 0.012741 -0.003873 0.6357 0.6323 0.6490
v -0.049084 0.012927 -0.004794 0.6285 0.6329 0.6491
v -0.048712 0.013108 -0.005707 0.5780 0.5896 0.6195
v -0.054663 0.035650 -0.033050 0.4430 0.4646 0.4920
v -0.057573 0.040880 -0.026430 0.6200 0.6201 0.6411
v -0.055974 0.038817 -0.027949 0.5150 0.5259 0.5500
v -0.054385 0.036765 -0.029462 0.4794 0.4937 0.5179
v -0.052777 0.034703 -0.030958 0.4246 0.4335 0.4585
v -0.057761 0.040406 -0.028124 0.5225 0.5374 0.5702
v -0.056300 0.038591 -0.029327 0.5390 0.5489 0.5697
v -0.054878 0.036819 -0.030518 0.4600 0.4786 0.5086
v -0.053440 0.035036 -0.031694 0.4811 0.5011 0.5207
v -0.057943 0.039929 -0.029810 0.5702 0.5761 0.5978
v -0.056600 0.038350 -0.030686 0.4908 0.5111 0.5412
v -0.055327 0.036844 -0.031539 0.3950 0.4186 0.4558
v -0.054062 0.035349 -0.032384 0.4357 0.4499 0.4862
v -0.048337 0.028706 -0.035883 0.4052 0.4331 0.4695
v -0.049918 0.030068 -0.036150 0.5272 0.5390 0.5694
v -0.051493 0.031427 -0.036412 0.4128 0.4206 0.4641
v -0.053055 0.032762 -0.036707 0.4682 0.4768 0.5062
v -0.049826 0.030713 -0.034241 0.4878 0.5134 0.5350
v -0.051106 0.031745 -0.034643 0.5302 0.5366 0.5676
v -0.052368 0.032771 -0.035018 0.4975 0.5054 0.5285
v -0.053620 0.033778 -0.035421 0.4838 0.4974 0.5150
v -0.051309 0.032711 -0.032610 0.5562 0.5668 0.5980
v -0.052279 0.033393 -0.033178 0.4681 0.4840 0.5212
v -0.053219 0.034065 -0.033697 0.5106 0.5337 0.5428
v -0.054151 0.034730 -0.034215 0.4891 0.5042 0.5236
v -0.058077 0.037366 -0.036837 0.4835 0.4905 0.5185
v -0.058096 0.038067 -0.035051 0.5072 0.5155 0.5423
v -0.058111 0.038759 -0.033276 0.5109 0.5213 0.5449
v -0.058157 0.039487 -0.031485 0.5760 0.5867 0.5888
v -0.056401 0.035833 -0.036785 0.5125 0.5357 0.5441
v -0.056583 0.036615 -0.035179 0.4945 0.5046 0.5408
v -0.056742 0.037361 -0.033614 0.4928 0.5048 0.5344
v -0.056928 0.038138 -0.032035 0.5175 0.5323 0.5540
v -0.054736 0.034311 -0.036730 0.5043 0.5241 0.5407
v -0.055109 0.035208 -0.035286 0.5352 0.5411 0.5631
v -0.055442 0.036042 -0.033914 0.4506 0.4724 0.5117
v -0.055776 0.036872 -0.032551 0.4601 0.4837 0.5095
v -0.064465 0.040575 -0.027235 0.7658 0.7493 0.7374
v -0.070961 0.040072 -0.022463 0.6931 0.6918 0.6917
v -0.069338 0.040517 -0.022666 0.6730 0.6695 0.6794
v -0.067723 0.040958 -0.022873 0.7053 0.6937 0.7053
v -0.066120 0.041407 -0.023043 0.7214 0.7103 0.7165
v -0.069431 0.039872 -0.024576 0.6954 0.6847 0.6941
v -0.068117 0.040292 -0.024552 0.6926 0.6847 0.6926
v -0.066822 0.040700 -0.024550 0.6988 0.6870 0.6986
v -0.065538 0.041114 -0.024517 0.7379 0.7211 0.7236
v -0.067907 0.039674 -0.026675 0.6820 0.6704 0.6820
v -0.066911 0.040078 -0.026391 0.7104 0.6987 0.7104
v -0.065947 0.040460 -0.026146 0.7113 0.6962 0.7012
v -0.064992 0.040840 -0.025900 0.7306 0.7123 0.7152
v -0.060965 0.042584 -0.024419 0.9127 0.9064 0.8792
v -0.060943 0.042004 -0.026236 0.9001 0.9001 0.8650
v -0.060926 0.041428 -0.028041 0.9108 0.8969 0.8816
v -0.060876 0.040853 -0.029872 0.8708 0.8568 0.8421
v -0.062685 0.042188 -0.023968 0.8451 0.8327 0.8133
v -0.062496 0.041705 -0.025651 0.8448 0.8308 0.8097
v -0.062331 0.041229 -0.027287 0.8360 0.8233 0.8145
v -0.062138 0.040755 -0.028945 0.7538 0.7401 0.7507
v -0.064394 0.041794 -0.023525 0.7475 0.7358 0.7348
v -0.064010 0.041407 -0.025101 0.7962 0.7701 0.7662
v -0.063666 0.041034 -0.026593 0.7803 0.7531 0.7492
v -0.063322 0.040664 -0.028075 0.7553 0.7414 0.7519
v -0.061469 0.039070 -0.034825 0.8120 0.8105 0.7940
v -0.063112 0.039204 -0.032804 0.7301 0.7180 0.7205
v -0.064745 0.039340 -0.030792 0.6238 0.6281 0.6456
v -0.066398 0.039466 -0.028792 0.6670 0.6532 0.6605
v -0.061278 0.039665 -0.033163 0.7515 0.7516 0.7448
v -0.062780 0.039729 -0.031503 0.7583 0.7402 0.7462
v -0.064240 0.039796 -0.029869 0.7133 0.7059 0.7032
v -0.065718 0.039856 -0.028244 0.6943 0.6802 0.6803
v -0.061094 0.040258 -0.031507 0.8107 0.7967 0.7958
v -0.062473 0.040240 -0.030215 0.7873 0.7686 0.7734
v -0.063781 0.040232 -0.028968 0.7322 0.7217 0.7253
v -0.065080 0.040222 -0.027731 0.7274 0.7194 0.7044
v -0.076636 -0.011117 0.028621 0.8298 0.8137 0.7882
v -0.074744 -0.006691 0.028655 0.7622 0.7444 0.7405
v -0.076068 -0.008329 0.029300 0.7818 0.7721 0.7639
v -0.077384 -0.009957 0.029940 0.7589 0.7498 0.7488
v -0.078719 -0.011592 0.030598 0.7597 0.7551 0.7504
v -0.074337 -0.007201 0.027993 0.7986 0.8001 0.7962
v -0.075572 -0.008628 0.028640 0.7396 0.7264 0.7255
v -0.076770 -0.010024 0.029263 0.7176 0.7017 0.7054
v -0.077987 -0.011425 0.029903 0.7411 0.7391 0.7344
v -0.073936 -0.007712 0.027337 0.7623 0.7490 0.7453
v -0.075102 -0.008937 0.028004 0.7865 0.7784 0.7675
v -0.076204 -0.010107 0.028629 0.7598 0.7489 0.7437
v -0.077300 -0.011268 0.029251 0.7867 0.7685 0.7504
v -0.082300 -0.016403 0.032165 0.8495 0.8378 0.8183
v -0.080753 -0.015448 0.030974 0.8362 0.8349 0.8266
v -0.079214 -0.014494 0.029789 0.8102 0.8068 0.7946
v -0.077681 -0.013562 0.028602 0.8136 0.7916 0.7715
v -0.081098 -0.014794 0.031637 0.7973 0.7861 0.7825
v -0.079821 -0.014090 0.030614 0.8438 0.8435 0.8398
v -0.078564 -0.013387 0.029612 0.8452 0.8391 0.8169
v -0.077314 -0.012702 0.028609 0.8486 0.8293 0.8001
v -0.079900 -0.013192 0.031109 0.8054 0.7967 0.7929
v -0.078897 -0.012757 0.030251 0.7644 0.7584 0.7553
v -0.077929 -0.012323 0.029430 0.8162 0.8015 0.7771
v -0.076969 -0.011896 0.028615 0.8286 0.8121 0.7844
v -0.072864 -0.010256 0.025042 0.8436 0.8273 0.8155
v -0.073086 -0.009574 0.025589 0.7742 0.7593 0.7571
v -0.073310 -0.008899 0.026134 0.7585 0.7481 0.7460
v -0.073507 -0.008197 0.026663 0.7557 0.7436 0.7433
v -0.074472 -0.011356 0.026233 0.8782 0.8517 0.8509
v -0.074515 -0.010633 0.026609 0.8020 0.7804 0.7815
v -0.074573 -0.009940 0.026987 0.7161 0.6971 0.7053
v -0.074607 -0.009224 0.027352 0.6852 0.6712 0.6790
v -0.076071 -0.012447 0.027417 0.7448 0.7289 0.7192
v -0.075909 -0.011658 0.027608 0.7934 0.7754 0.7652
v -0.075775 -0.010921 0.027804 0.8191 0.8088 0.7949
v -0.075639 -0.010187 0.027997 0.6869 0.6755 0.6808
v -0.080089 0.020617 0.016231 0.6057 0.6258 0.6364
v -0.074979 0.019443 0.021723 0.9133 0.9093 0.8821
v -0.076029 0.020310 0.019763 0.7571 0.7480 0.7337
v -0.077076 0.021171 0.017813 0.6731 0.6658 0.6731
v -0.078106 0.022046 0.015858 0.6140 0.6088 0.6201
v -0.076409 0.019145 0.021018 0.8040 0.7774 0.7732
v -0.077216 0.019957 0.019319 0.7118 0.7088 0.7118
v -0.078016 0.020744 0.017657 0.6455 0.6443 0.6455
v -0.078803 0.021544 0.015989 0.5970 0.6056 0.6145
v -0.077832 0.018852 0.020314 0.6788 0.6772 0.6940
v -0.078383 0.019621 0.018867 0.6432 0.6470 0.6432
v -0.078923 0.020349 0.017485 0.5795 0.6008 0.6090
v -0.079458 0.021072 0.016112 0.5975 0.6075 0.6155
v -0.081609 0.024378 0.010064 0.6573 0.6612 0.6616
v -0.082038 0.023336 0.011118 0.6749 0.6658 0.6757
v -0.082462 0.022299 0.012171 0.6694 0.6577 0.6694
v -0.082912 0.021266 0.013198 0.6591 0.6643 0.6686
v -0.080442 0.023595 0.012002 0.6441 0.6327 0.6446
v -0.080944 0.022732 0.012763 0.6431 0.6314 0.6431
v -0.081421 0.021883 0.013525 0.6237 0.6211 0.6285
v -0.081920 0.021038 0.014265 0.6394 0.6448 0.6556
v -0.079283 0.022815 0.013930 0.5877 0.5918 0.6134
v -0.079882 0.022133 0.014376 0.6025 0.6137 0.6270
v -0.080436 0.021475 0.014824 0.5947 0.6002 0.6140
v -0.080989 0.020824 0.015265 0.6210 0.6271 0.6413
v -0.083681 0.018030 0.016908 0.6899 0.6818 0.6897
v -0.082201 0.018205 0.017813 0.6463 0.6469 0.6463
v -0.080730 0.018381 0.018710 0.6179 0.6206 0.6303
v -0.079250 0.018539 0.019638 0.6059 0.6109 0.6263
v -0.083417 0.019111 0.015674 0.6841 0.6775 0.6841
v -0.082109 0.019162 0.016612 0.6431 0.6392 0.6431
v -0.080831 0.019224 0.017512 0.5934 0.6082 0.6165
v -0.079545 0.019270 0.018440 0.6010 0.6121 0.6202
v -0.083152 0.020185 0.014450 0.6528 0.6598 0.6639
v -0.082004 0.020097 0.015451 0.6343 0.6386 0.6523
v -0.080909 0.020027 0.016386 0.6097 0.6182 0.6260
v -0.079822 0.019955 0.017317 0.5842 0.6035 0.6120
v -0.082042 -0.013344 0.033347 0.8761 0.8743 0.8709
v -0.084170 -0.017174 0.033800 0.8088 0.8022 0.7853
v -0.082853 -0.015517 0.033171 0.7979 0.7807 0.7667
v -0.081545 -0.013870 0.032547 0.8350 0.8288 0.8213
v -0.080219 -0.012210 0.031909 0.8349 0.8276 0.8269
v -0.084455 -0.016973 0.034210 0.8628 0.8512 0.8319
v -0.083239 -0.015498 0.033602 0.8621 0.8502 0.8309
v -0.082057 -0.014059 0.033014 0.8455 0.8377 0.8269
v -0.080860 -0.012609 0.032415 0.8022 0.7837 0.7841
v -0.084734 -0.016769 0.034615 0.8511 0.8366 0.8200
v -0.083601 -0.015462 0.034015 0.8165 0.8017 0.7853
v -0.082528 -0.014218 0.033451 0.7113 0.6880 0.6831
v -0.081461 -0.012983 0.032889 0.8453 0.8413 0.8335
v -0.076614 -0.007462 0.030290 0.7485 0.7329 0.7367
v -0.078038 -0.008726 0.031229 0.7704 0.7587 0.7551
v -0.079457 -0.009986 0.032164 0.7913 0.7874 0.7718
v -0.080866 -0.011228 0.033097 0.7994 0.7878 0.7831
v -0.077823 -0.009052 0.030835 0.7915 0.7833 0.7725
v -0.078989 -0.010036 0.031628 0.8234 0.8192 0.8045
v -0.080138 -0.011011 0.032407 0.7978 0.7897 0.7750
v -0.081280 -0.011972 0.033185 0.8358 0.8283 0.8227
v -0.079029 -0.010635 0.031378 0.7825 0.7754 0.7694
v -0.079931 -0.011326 0.032027 0.8318 0.8218 0.8053
v -0.080803 -0.012001 0.032650 0.8317 0.8228 0.8180
v -0.081667 -0.012670 0.033268 0.8457 0.8418 0.8340
v -0.085341 -0.015396 0.035951 0.8820 0.8718 0.8657
v -0.085234 -0.015790 0.035641 0.8824 0.8745 0.8641
v -0.085124 -0.016177 0.035331 0.8335 0.8241 0.8088
v -0.085040 -0.016593 0.035036 0.8349 0.8208 0.8037
v -0.083847 -0.014007 0.034997 0.8791 0.8687 0.8648
v -0.083897 -0.014498 0.034812 0.8805 0.8705 0.8666
v -0.083930 -0.014962 0.034621 0.8554 0.8397 0.8344
v -0.083986 -0.015451 0.034442 0.8129 0.7941 0.7859
v -0.082363 -0.012628 0.034049 0.8066 0.7860 0.7872
v -0.082594 -0.013244 0.034000 0.8452 0.8400 0.8328
v -0.082795 -0.013812 0.033942 0.8389 0.8278 0.8142
v -0.082997 -0.014379 0.033885 0.8259 0.8110 0.7947
v -0.075410 0.012671 -0.050767 0.0504 0.0543 0.0932
v -0.076095 0.014238 -0.030982 0.0504 0.0582 0.0932
v -0.076118 0.014290 -0.035782 0.0621 0.0543 0.0932
v -0.076139 0.014338 -0.040564 0.0621 0.0621 0.0932
v -0.076166 0.014403 -0.045302 0.0621 0.0543 0.0932
v -0.075741 0.013427 -0.035782 0.0621 0.0597 0.0932
v -0.075796 0.013552 -0.039641 0.0621 0.0621 0.0932
v -0.075845 0.013666 -0.043450 0.0621 0.0560 0.0932
v -0.075901 0.013794 -0.047224 0.0621 0.0551 0.0932
v -0.075389 0.012620 -0.040564 0.0621 0.0621 0.0932
v -0.075482 0.012835 -0.043450 0.0621 0.0621 0.0932
v -0.075567 0.013029 -0.046251 0.0621 0.0621 0.0932
v -0.075651 0.013223 -0.049026 0.0504 0.0543 0.0932
v -0.076094 0.014238 -0.060659 0.0621 0.0621 0.0859
v -0.075740 0.013427 -0.060982 0.0621 0.0621 0.0926
v -0.075388 0.012620 -0.061289 0.0621 0.0621 0.0932
v -0.075032 0.011805 -0.061695 0.0621 0.0621 0.0932
v -0.076117 0.014290 -0.055536 0.0621 0.0621 0.0932
v -0.075795 0.013552 -0.056330 0.0621 0.0621 0.0932
v -0.075482 0.012835 -0.057049 0.0621 0.0621 0.0932
v -0.075165 0.012110 -0.057852 0.0621 0.0621 0.0932
v -0.076138 0.014338 -0.050447 0.0621 0.0621 0.0932
v -0.075845 0.013666 -0.051801 0.0591 0.0601 0.0932
v -0.075567 0.013029 -0.053024 0.0572 0.0588 0.0932
v -0.075290 0.012395 -0.054248 0.0621 0.0621 0.0932
v -0.074042 0.009537 -0.060659 0.0621 0.0621 0.0932
v -0.074374 0.010297 -0.055536 0.0621 0.0621 0.0932
v -0.074705 0.011055 -0.050447 0.0621 0.0621 0.0932
v -0.075033 0.011805 -0.045302 0.0621 0.0621 0.0932
v -0.074374 0.010297 -0.060982 0.0621 0.0621 0.0932
v -0.074641 0.010908 -0.056330 0.0621 0.0621 0.0932
v -0.074904 0.011512 -0.051801 0.0555 0.0577 0.0932
v -0.075166 0.012110 -0.047224 0.0609 0.0613 0.0932
v -0.074704 0.011055 -0.061289 0.0621 0.0621 0.0932
v -0.074904 0.011512 -0.057049 0.0621 0.0621 0.0932
v -0.075098 0.011956 -0.053024 0.0570 0.0587 0.0932
v -0.075290 0.012395 -0.049026 0.0504 0.0543 0.0932
v -0.074365 0.010275 -0.035641 0.0504 0.0543 0.0932
v -0.075734 0.013409 -0.025749 0.0537 0.0571 0.0933
v -0.075402 0.012649 -0.030872 0.0504 0.0582 0.0932
v -0.075071 0.011891 -0.035961 0.0621 0.0621 0.0932
v -0.074743 0.011140 -0.041106 0.0504 0.0543 0.0932
v -0.075402 0.012649 -0.025426 0.0504 0.0582 0.0932
v -0.075135 0.012037 -0.030078 0.0504 0.0582 0.0932
v -0.074871 0.011434 -0.034607 0.0555 0.0577 0.0932
v -0.074610 0.010836 -0.039184 0.0504 0.0543 0.0932
v -0.075071 0.011891 -0.025118 0.0504 0.0582 0.0932
v -0.074871 0.011434 -0.029359 0.0569 0.0604 0.0932
v -0.074677 0.010990 -0.033383 0.0504 0.0543 0.0932
v -0.074485 0.010551 -0.037382 0.0504 0.0543 0.0932
v -0.073680 0.008707 -0.055426 0.0621 0.0621 0.0932
v -0.073658 0.008656 -0.050626 0.0621 0.0621 0.0932
v -0.073637 0.008608 -0.045844 0.0621 0.0621 0.0932
v -0.073609 0.008543 -0.041106 0.0504 0.0582 0.0932
v -0.074034 0.009519 -0.050626 0.0621 0.0621 0.0932
v -0.073980 0.009393 -0.046767 0.0621 0.0621 0.0932
v -0.073930 0.009279 -0.042958 0.0599 0.0612 0.0932
v -0.073875 0.009152 -0.039184 0.0504 0.0581 0.0932
v -0.074387 0.010325 -0.045844 0.0621 0.0621 0.0932
v -0.074293 0.010111 -0.042958 0.0599 0.0606 0.0932
v -0.074209 0.009917 -0.040157 0.0504 0.0543 0.0932
v -0.074124 0.009723 -0.037382 0.0504 0.0543 0.0932
v -0.073681 0.008707 -0.025749 0.0621 0.0543 0.0933
v -0.074036 0.009519 -0.025426 0.0621 0.0598 0.0933
v -0.074388 0.010325 -0.025118 0.0621 0.0621 0.0933
v -0.074743 0.011140 -0.024712 0.0621 0.0621 0.0932
v -0.073659 0.008656 -0.030872 0.0504 0.0582 0.0932
v -0.073980 0.009393 -0.030078 0.0558 0.0600 0.0932
v -0.074294 0.010111 -0.029359 0.0621 0.0621 0.0932
v -0.074610 0.010836 -0.028556 0.0621 0.0621 0.0932
v -0.073637 0.008608 -0.035961 0.0504 0.0543 0.0932
v -0.073931 0.009279 -0.034607 0.0504 0.0543 0.0932
v -0.074209 0.009917 -0.033383 0.0504 0.0543 0.0932
v -0.074486 0.010551 -0.032160 0.0564 0.0583 0.0932
v -0.071226 0.006680 -0.050766 0.0621 0.0613 0.0916
v -0.072595 0.007464 -0.030982 0.0619 0.0543 0.0855
v -0.072640 0.007489 -0.035782 0.0617 0.0543 0.0932
v -0.072682 0.007514 -0.040563 0.0611 0.0546 0.0861
v -0.072738 0.007546 -0.045302 0.0527 0.0558 0.0870
v -0.071887 0.007058 -0.035782 0.0621 0.0543 0.0933
v -0.071996 0.007121 -0.039641 0.0621 0.0543 0.0855
v -0.072095 0.007178 -0.043450 0.0504 0.0543 0.0855
v -0.072206 0.007241 -0.047224 0.0516 0.0551 0.0862
v -0.071182 0.006655 -0.040563 0.0590 0.0553 0.0855
v -0.071370 0.006762 -0.043450 0.0504 0.0543 0.0855
v -0.071539 0.006859 -0.046251 0.0504 0.0543 0.0855
v -0.071708 0.006956 -0.049026 0.0621 0.0621 0.0933
v -0.072594 0.007464 -0.060659 0.0621 0.0621 0.0932
v -0.071885 0.007058 -0.060982 0.0621 0.0621 0.0932
v -0.071182 0.006655 -0.061289 0.0621 0.0610 0.0911
v -0.070470 0.006247 -0.061695 0.0621 0.0582 0.0855
v -0.072639 0.007489 -0.055536 0.0621 0.0621 0.0932
v -0.071995 0.007121 -0.056329 0.0621 0.0621 0.0932
v -0.071369 0.006762 -0.057049 0.0621 0.0621 0.0933
v -0.070736 0.006399 -0.057852 0.0538 0.0582 0.0855
v -0.072682 0.007514 -0.050447 0.0621 0.0621 0.0932
v -0.072095 0.007178 -0.051801 0.0621 0.0621 0.0933
v -0.071538 0.006859 -0.053024 0.0621 0.0621 0.0933
v -0.070985 0.006542 -0.054248 0.0536 0.0592 0.0876
v -0.068489 0.005113 -0.060659 0.0621 0.0543 0.0855
v -0.069153 0.005493 -0.055536 0.0504 0.0550 0.0855
v -0.069815 0.005872 -0.050447 0.0621 0.0582 0.0855
v -0.070471 0.006247 -0.045302 0.0621 0.0582 0.0855
v -0.069153 0.005493 -0.060981 0.0621 0.0550 0.0855
v -0.069687 0.005799 -0.056329 0.0504 0.0582 0.0855
v -0.070214 0.006101 -0.051801 0.0621 0.0582 0.0855
v -0.070736 0.006399 -0.047224 0.0621 0.0582 0.0855
v -0.069814 0.005872 -0.061289 0.0621 0.0582 0.0855
v -0.070214 0.006101 -0.057049 0.0504 0.0582 0.0855
v -0.070602 0.006322 -0.053024 0.0554 0.0582 0.0855
v -0.070986 0.006542 -0.049026 0.0621 0.0593 0.0878
v -0.069135 0.005482 -0.035641 0.0528 0.0574 0.0916
v -0.071872 0.007049 -0.025749 0.0621 0.0543 0.0855
v -0.071208 0.006669 -0.030872 0.0621 0.0550 0.0855
v -0.070546 0.006290 -0.035961 0.0621 0.0543 0.0855
v -0.069890 0.005915 -0.041105 0.0504 0.0582 0.0855
v -0.071208 0.006669 -0.025426 0.0621 0.0543 0.0870
v -0.070674 0.006363 -0.030078 0.0621 0.0582 0.0855
v -0.070147 0.006062 -0.034607 0.0621 0.0543 0.0855
v -0.069625 0.005763 -0.039184 0.0504 0.0582 0.0855
v -0.070547 0.006290 -0.025118 0.0621 0.0592 0.0933
v -0.070147 0.006062 -0.029359 0.0621 0.0582 0.0855
v -0.069759 0.005840 -0.033383 0.0621 0.0543 0.0855
v -0.069376 0.005620 -0.037382 0.0544 0.0568 0.0866
v -0.067766 0.004698 -0.055425 0.0505 0.0543 0.0854
v -0.067721 0.004673 -0.050625 0.0621 0.0564 0.0819
v -0.067679 0.004648 -0.045844 0.0488 0.0554 0.0799
v -0.067623 0.004616 -0.041105 0.0527 0.0582 0.0855
v -0.068474 0.005104 -0.050625 0.0621 0.0597 0.0885
v -0.068365 0.005041 -0.046767 0.0582 0.0601 0.0894
v -0.068265 0.004984 -0.042958 0.0472 0.0550 0.0791
v -0.068155 0.004921 -0.039184 0.0504 0.0582 0.0855
v -0.069179 0.005507 -0.045844 0.0614 0.0607 0.0906
v -0.068991 0.005400 -0.042958 0.0579 0.0603 0.0898
v -0.068822 0.005303 -0.040157 0.0504 0.0582 0.0855
v -0.068653 0.005206 -0.037382 0.0504 0.0582 0.0893
v -0.067767 0.004698 -0.025749 0.0504 0.0543 0.0932
v -0.068476 0.005104 -0.025426 0.0504 0.0543 0.0932
v -0.069180 0.005507 -0.025118 0.0537 0.0543 0.0933
v -0.069891 0.005915 -0.024712 0.0621 0.0543 0.0933
v -0.067722 0.004673 -0.030871 0.0504 0.0582 0.0932
v -0.068366 0.005041 -0.030078 0.0504 0.0582 0.0932
v -0.068992 0.005400 -0.029359 0.0504 0.0582 0.0933
v -0.069625 0.005763 -0.028555 0.0621 0.0582 0.0855
v -0.067679 0.004648 -0.035961 0.0511 0.0581 0.0932
v -0.068266 0.004984 -0.034607 0.0504 0.0582 0.0932
v -0.068823 0.005303 -0.033383 0.0504 0.0582 0.0933
v -0.069376 0.005620 -0.032160 0.0588 0.0568 0.0876
v -0.064951 0.005482 -0.035641 0.0621 0.0543 0.0932
v -0.066319 0.004698 -0.025749 0.0621 0.0579 0.0932
v -0.066364 0.004673 -0.030871 0.0621 0.0543 0.0932
v -0.066406 0.004648 -0.035961 0.0621 0.0543 0.0932
v -0.066462 0.004616 -0.041105 0.0621 0.0582 0.0855
v -0.065611 0.005104 -0.025426 0.0541 0.0587 0.0932
v -0.065720 0.005041 -0.030078 0.0570 0.0548 0.0932
v -0.065820 0.004984 -0.034607 0.0621 0.0543 0.0932
v -0.065930 0.004921 -0.039184 0.0621 0.0581 0.0855
v -0.064907 0.005507 -0.025118 0.0504 0.0582 0.0932
v -0.065094 0.005400 -0.029359 0.0504 0.0543 0.0932
v -0.065263 0.005303 -0.033383 0.0621 0.0543 0.0932
v -0.065432 0.005206 -0.037381 0.0621 0.0543 0.0932
v -0.066318 0.004698 -0.055425 0.0621 0.0592 0.0874
v -0.065610 0.005104 -0.050625 0.0621 0.0554 0.0909
v -0.064906 0.005507 -0.045844 0.0621 0.0543 0.0932
v -0.064195 0.005915 -0.041105 0.0621 0.0568 0.0932
v -0.066363 0.004673 -0.050625 0.0621 0.0582 0.0855
v -0.065719 0.005041 -0.046767 0.0621 0.0585 0.0932
v -0.065093 0.005400 -0.042957 0.0621 0.0543 0.0932
v -0.064460 0.005763 -0.039184 0.0621 0.0525 0.0932
v -0.066406 0.004648 -0.045844 0.0621 0.0616 0.0923
v -0.065819 0.004984 -0.042957 0.0621 0.0597 0.0921
v -0.065263 0.005303 -0.040156 0.0621 0.0543 0.0932
v -0.064710 0.005620 -0.037381 0.0621 0.0543 0.0932
v -0.062215 0.007049 -0.025748 0.0493 0.0543 0.0834
v -0.062878 0.006669 -0.025426 0.0504 0.0543 0.0854
v -0.063540 0.006290 -0.025118 0.0504 0.0543 0.0854
v -0.064195 0.005915 -0.024712 0.0504 0.0582 0.0932
v -0.062878 0.006669 -0.030871 0.0621 0.0543 0.0855
v -0.063412 0.006363 -0.030078 0.0621 0.0543 0.0854
v -0.063939 0.006062 -0.029358 0.0551 0.0543 0.0901
v -0.064461 0.005763 -0.028555 0.0504 0.0543 0.0932
v -0.063539 0.006290 -0.035961 0.0621 0.0543 0.0855
v -0.063939 0.006062 -0.034607 0.0621 0.0496 0.0901
v -0.064326 0.005840 -0.033383 0.0621 0.0546 0.0932
v -0.064710 0.005620 -0.032160 0.0560 0.0568 0.0932
v -0.062858 0.006680 -0.050766 0.0621 0.0543 0.0855
v -0.061489 0.007464 -0.060658 0.0504 0.0543 0.0855
v -0.061445 0.007489 -0.055535 0.0504 0.0543 0.0855
v -0.061402 0.007514 -0.050446 0.0504 0.0582 0.0855
v -0.061346 0.007546 -0.045302 0.0504 0.0582 0.0855
v -0.062198 0.007058 -0.060981 0.0584 0.0543 0.0855
v -0.062088 0.007121 -0.056329 0.0555 0.0543 0.0855
v -0.061989 0.007178 -0.051800 0.0528 0.0573 0.0855
v -0.061878 0.007241 -0.047223 0.0504 0.0581 0.0855
v -0.062901 0.006655 -0.061289 0.0621 0.0543 0.0855
v -0.062715 0.006762 -0.057048 0.0621 0.0543 0.0855
v -0.062545 0.006859 -0.053024 0.0621 0.0543 0.0855
v -0.062376 0.006956 -0.049025 0.0620 0.0543 0.0855
v -0.061490 0.007464 -0.030982 0.0504 0.0582 0.0855
v -0.062199 0.007058 -0.035782 0.0621 0.0566 0.0878
v -0.062902 0.006655 -0.040563 0.0504 0.0543 0.0855
v -0.063614 0.006247 -0.045302 0.0504 0.0543 0.0854
v -0.061445 0.007489 -0.035782 0.0581 0.0601 0.0893
v -0.062089 0.007121 -0.039640 0.0504 0.0564 0.0855
v -0.062715 0.006762 -0.043450 0.0504 0.0543 0.0855
v -0.063348 0.006399 -0.047223 0.0516 0.0543 0.0855
v -0.061403 0.007514 -0.040563 0.0504 0.0582 0.0855
v -0.061989 0.007178 -0.043449 0.0504 0.0573 0.0855
v -0.062546 0.006859 -0.046250 0.0504 0.0543 0.0855
v -0.063099 0.006542 -0.049026 0.0621 0.0543 0.0855
v -0.065594 0.005113 -0.060658 0.0621 0.0569 0.0850
v -0.064930 0.005493 -0.060981 0.0621 0.0621 0.0932
v -0.064269 0.005872 -0.061289 0.0621 0.0617 0.0925
v -0.063613 0.006247 -0.061695 0.0621 0.0543 0.0855
v -0.064930 0.005493 -0.055536 0.0621 0.0603 0.0898
v -0.064396 0.005799 -0.056329 0.0621 0.0549 0.0789
v -0.063869 0.006101 -0.057048 0.0621 0.0543 0.0823
v -0.063348 0.006399 -0.057852 0.0621 0.0543 0.0855
v -0.064269 0.005872 -0.050446 0.0621 0.0520 0.0932
v -0.063870 0.006101 -0.051800 0.0621 0.0563 0.0886
v -0.063482 0.006322 -0.053024 0.0621 0.0543 0.0855
v -0.063098 0.006542 -0.054247 0.0621 0.0543 0.0855
v -0.059720 0.010275 -0.035641 0.0519 0.0577 0.0922
v -0.060405 0.008707 -0.025748 0.0504 0.0582 0.0855
v -0.060427 0.008656 -0.030871 0.0504 0.0582 0.0855
v -0.060448 0.008608 -0.035960 0.0500 0.0578 0.0917
v -0.060476 0.008543 -0.041105 0.0504 0.0582 0.0915
v -0.060051 0.009519 -0.025426 0.0504 0.0582 0.0855
v -0.060105 0.009393 -0.030078 0.0504 0.0582 0.0855
v -0.060155 0.009279 -0.034606 0.0504 0.0582 0.0933
v -0.060210 0.009152 -0.039183 0.0504 0.0582 0.0932
v -0.059699 0.010325 -0.025118 0.0497 0.0573 0.0838
v -0.059792 0.010111 -0.029358 0.0504 0.0582 0.0855
v -0.059877 0.009917 -0.033383 0.0504 0.0582 0.0933
v -0.059961 0.009723 -0.037381 0.0504 0.0582 0.0933
v -0.060404 0.008707 -0.055425 0.0504 0.0543 0.0932
v -0.060049 0.009519 -0.050625 0.0504 0.0543 0.0933
v -0.059698 0.010325 -0.045844 0.0504 0.0543 0.0933
v -0.059342 0.011140 -0.041105 0.0621 0.0543 0.0933
v -0.060426 0.008656 -0.050625 0.0504 0.0544 0.0931
v -0.060104 0.009393 -0.046766 0.0504 0.0543 0.0932
v -0.059792 0.010111 -0.042957 0.0504 0.0550 0.0933
v -0.059475 0.010836 -0.039183 0.0621 0.0543 0.0933
v -0.060448 0.008608 -0.045844 0.0504 0.0546 0.0926
v -0.060154 0.009279 -0.042957 0.0504 0.0550 0.0932
v -0.059876 0.009917 -0.040156 0.0504 0.0582 0.0933
v -0.059600 0.010550 -0.037381 0.0584 0.0555 0.0906
v -0.058352 0.013409 -0.025748 0.0505 0.0563 0.0817
v -0.058684 0.012649 -0.025426 0.0534 0.0577 0.0846
v -0.059015 0.011891 -0.025118 0.0621 0.0621 0.0932
v -0.059343 0.011140 -0.024712 0.0602 0.0611 0.0914
v -0.058684 0.012649 -0.030871 0.0558 0.0572 0.0870
v -0.058951 0.012037 -0.030078 0.0621 0.0543 0.0932
v -0.059215 0.011434 -0.029358 0.0621 0.0543 0.0933
v -0.059476 0.010836 -0.028555 0.0621 0.0543 0.0932
v -0.059015 0.011891 -0.035960 0.0621 0.0543 0.0855
v -0.059214 0.011434 -0.034606 0.0621 0.0543 0.0855
v -0.059408 0.010990 -0.033383 0.0621 0.0543 0.0855
v -0.059600 0.010550 -0.032159 0.0583 0.0555 0.0894
v -0.058674 0.012671 -0.050766 0.0519 0.0587 0.0865
v -0.057989 0.014238 -0.060658 0.0504 0.0543 0.0855
v -0.057967 0.014290 -0.055535 0.0618 0.0619 0.0930
v -0.057946 0.014338 -0.050446 0.0504 0.0582 0.0862
v -0.057918 0.014403 -0.045301 0.0530 0.0590 0.0872
v -0.058343 0.013427 -0.060981 0.0504 0.0543 0.0855
v -0.058289 0.013552 -0.056329 0.0533 0.0577 0.0845
v -0.058239 0.013666 -0.051800 0.0504 0.0582 0.0855
v -0.058184 0.013794 -0.047223 0.0504 0.0582 0.0855
v -0.058695 0.012620 -0.061289 0.0533 0.0552 0.0855
v -0.058602 0.012835 -0.057048 0.0533 0.0577 0.0845
v -0.058517 0.013029 -0.053024 0.0522 0.0579 0.0850
v -0.058433 0.013223 -0.049025 0.0504 0.0582 0.0855
v -0.057990 0.014238 -0.030981 0.0609 0.0615 0.0921
v -0.058344 0.013427 -0.035781 0.0504 0.0582 0.0855
v -0.058696 0.012620 -0.040563 0.0535 0.0571 0.0876
v -0.059052 0.011805 -0.045301 0.0504 0.0543 0.0933
v -0.057968 0.014290 -0.035781 0.0507 0.0583 0.0856
v -0.058289 0.013552 -0.039640 0.0504 0.0582 0.0855
v -0.058602 0.012835 -0.043449 0.0504 0.0582 0.0855
v -0.058919 0.012110 -0.047223 0.0516 0.0551 0.0933
v -0.057946 0.014338 -0.040563 0.0513 0.0585 0.0861
v -0.058240 0.013666 -0.043449 0.0504 0.0582 0.0855
v -0.058518 0.013029 -0.046250 0.0504 0.0582 0.0855
v -0.058794 0.012395 -0.049025 0.0584 0.0608 0.0908
v -0.060041 0.009537 -0.060658 0.0504 0.0582 0.0933
v -0.059709 0.010297 -0.060981 0.0530 0.0582 0.0915
v -0.059379 0.011055 -0.061289 0.0621 0.0582 0.0855
v -0.059051 0.011805 -0.061695 0.0621 0.0582 0.0855
v -0.059710 0.010297 -0.055535 0.0504 0.0543 0.0933
v -0.059443 0.010908 -0.056329 0.0504 0.0543 0.0933
v -0.059179 0.011512 -0.057048 0.0504 0.0543 0.0933
v -0.058918 0.012110 -0.057852 0.0538 0.0554 0.0909
v -0.059379 0.011055 -0.050446 0.0593 0.0607 0.0933
v -0.059179 0.011512 -0.051800 0.0546 0.0583 0.0933
v -0.058986 0.011956 -0.053024 0.0553 0.0575 0.0933
v -0.058794 0.012395 -0.054247 0.0541 0.0568 0.0933
v -0.058674 0.017464 -0.050766 0.0621 0.0545 0.0781
v -0.057990 0.015897 -0.030981 0.0485 0.0553 0.0932
v -0.057968 0.015846 -0.035781 0.0621 0.0619 0.0928
v -0.057946 0.015797 -0.040563 0.0621 0.0543 0.0932
v -0.057918 0.015732 -0.045301 0.0621 0.0615 0.0921
v -0.058344 0.016708 -0.035781 0.0621 0.0560 0.0920
v -0.058289 0.016583 -0.039640 0.0621 0.0578 0.0932
v -0.058239 0.016469 -0.043449 0.0621 0.0572 0.0834
v -0.058184 0.016341 -0.047223 0.0609 0.0615 0.0930
v -0.058696 0.017515 -0.040563 0.0621 0.0617 0.0925
v -0.058602 0.017300 -0.043449 0.0621 0.0621 0.0932
v -0.058518 0.017106 -0.046250 0.0621 0.0621 0.0932
v -0.058433 0.016912 -0.049025 0.0621 0.0612 0.0914
v -0.057989 0.015897 -0.060658 0.0504 0.0582 0.0932
v -0.058343 0.016708 -0.060981 0.0586 0.0609 0.0932
v -0.058695 0.017515 -0.061289 0.0621 0.0567 0.0825
v -0.059051 0.018330 -0.061695 0.0621 0.0600 0.0892
v -0.057967 0.015845 -0.055535 0.0621 0.0544 0.0932
v -0.058289 0.016583 -0.056329 0.0621 0.0611 0.0923
v -0.058602 0.017300 -0.057048 0.0621 0.0614 0.0918
v -0.058918 0.018025 -0.057852 0.0621 0.0566 0.0823
v -0.057946 0.015797 -0.050446 0.0504 0.0582 0.0932
v -0.058239 0.016469 -0.051800 0.0533 0.0591 0.0932
v -0.058517 0.017106 -0.053024 0.0621 0.0621 0.0932
v -0.058794 0.017740 -0.054247 0.0621 0.0564 0.0820
v -0.060041 0.020599 -0.060658 0.0588 0.0543 0.0854
v -0.059710 0.019838 -0.055535 0.0621 0.0543 0.0932
v -0.059379 0.019080 -0.050446 0.0621 0.0543 0.0855
v -0.059052 0.018330 -0.045301 0.0621 0.0621 0.0932
v -0.059709 0.019838 -0.060981 0.0621 0.0543 0.0854
v -0.059443 0.019227 -0.056329 0.0621 0.0543 0.0932
v -0.059179 0.018623 -0.051800 0.0621 0.0559 0.0844
v -0.058919 0.018025 -0.047223 0.0621 0.0613 0.0917
v -0.059379 0.019080 -0.061289 0.0621 0.0543 0.0854
v -0.059179 0.018623 -0.057048 0.0621 0.0543 0.0845
v -0.058986 0.018179 -0.053024 0.0621 0.0557 0.0805
v -0.058794 0.017740 -0.049025 0.0621 0.0570 0.0831
v -0.059720 0.019860 -0.035641 0.0621 0.0543 0.0855
v -0.058352 0.016726 -0.025748 0.0621 0.0573 0.0932
v -0.058684 0.017486 -0.030871 0.0621 0.0550 0.0932
v -0.059015 0.018244 -0.035960 0.0621 0.0605 0.0932
v -0.059342 0.018995 -0.041105 0.0621 0.0543 0.0855
v -0.058684 0.017486 -0.025426 0.0621 0.0598 0.0932
v -0.058951 0.018098 -0.030078 0.0621 0.0569 0.0932
v -0.059214 0.018701 -0.034606 0.0621 0.0577 0.0889
v -0.059475 0.019299 -0.039183 0.0621 0.0543 0.0855
v -0.059015 0.018244 -0.025118 0.0621 0.0570 0.0932
v -0.059215 0.018701 -0.029358 0.0621 0.0575 0.0889
v -0.059408 0.019145 -0.033383 0.0621 0.0543 0.0855
v -0.059600 0.019585 -0.037381 0.0621 0.0543 0.0855
v -0.060403 0.021428 -0.055425 0.0621 0.0543 0.0932
v -0.060426 0.021479 -0.050625 0.0504 0.0582 0.0855
v -0.060448 0.021527 -0.045844 0.0621 0.0582 0.0855
v -0.060476 0.021592 -0.041105 0.0621 0.0582 0.0855
v -0.060049 0.020616 -0.050625 0.0585 0.0555 0.0855
v -0.060104 0.020742 -0.046766 0.0621 0.0564 0.0855
v -0.060155 0.020856 -0.042957 0.0621 0.0573 0.0855
v -0.060210 0.020983 -0.039183 0.0621 0.0581 0.0855
v -0.059698 0.019810 -0.045844 0.0621 0.0543 0.0855
v -0.059792 0.020024 -0.042957 0.0621 0.0543 0.0855
v -0.059876 0.020218 -0.040156 0.0621 0.0543 0.0855
v -0.059961 0.020412 -0.037381 0.0621 0.0543 0.0855
v -0.060405 0.021428 -0.025748 0.0504 0.0582 0.0855
v -0.060051 0.020616 -0.025426 0.0586 0.0554 0.0855
v -0.059699 0.019810 -0.025118 0.0621 0.0543 0.0855
v -0.059343 0.018995 -0.024712 0.0621 0.0543 0.0855
v -0.060427 0.021479 -0.030871 0.0504 0.0582 0.0855
v -0.060105 0.020742 -0.030078 0.0558 0.0582 0.0855
v -0.059792 0.020024 -0.029358 0.0621 0.0582 0.0855
v -0.059476 0.019299 -0.028555 0.0621 0.0582 0.0855
v -0.060448 0.021527 -0.035960 0.0621 0.0546 0.0783
v -0.060155 0.020856 -0.034606 0.0621 0.0580 0.0870
v -0.059877 0.020218 -0.033383 0.0621 0.0543 0.0855
v -0.059600 0.019585 -0.032159 0.0621 0.0563 0.0855
v -0.062858 0.023455 -0.050766 0.0621 0.0545 0.0871
v -0.065594 0.025022 -0.060658 0.0621 0.0543 0.0932
v -0.064930 0.024642 -0.055536 0.0621 0.0581 0.0933
v -0.064269 0.024263 -0.050446 0.0621 0.0565 0.0933
v -0.063614 0.023888 -0.045302 0.0621 0.0549 0.0933
v -0.064930 0.024642 -0.060981 0.0621 0.0543 0.0932
v -0.064396 0.024336 -0.056329 0.0621 0.0552 0.0933
v -0.063870 0.024035 -0.051800 0.0621 0.0592 0.0933
v -0.063348 0.023736 -0.047223 0.0621 0.0597 0.0933
v -0.064269 0.024263 -0.061289 0.0621 0.0543 0.0932
v -0.063870 0.024035 -0.057048 0.0621 0.0566 0.0933
v -0.063482 0.023813 -0.053024 0.0621 0.0595 0.0933
v -0.063099 0.023593 -0.049026 0.0621 0.0570 0.0909
v -0.061491 0.022671 -0.030982 0.0619 0.0582 0.0855
v -0.061446 0.022646 -0.035782 0.0621 0.0546 0.0784
v -0.061403 0.022621 -0.040563 0.0621 0.0617 0.0926
v -0.061346 0.022589 -0.045302 0.0621 0.0582 0.0855
v -0.062199 0.023077 -0.035782 0.0621 0.0599 0.0890
v -0.062089 0.023014 -0.039640 0.0621 0.0578 0.0846
v -0.061989 0.022957 -0.043449 0.0621 0.0582 0.0855
v -0.061878 0.022894 -0.047223 0.0621 0.0578 0.0855
v -0.062902 0.023480 -0.040563 0.0621 0.0621 0.0933
v -0.062715 0.023373 -0.043450 0.0621 0.0582 0.0855
v -0.062546 0.023276 -0.046250 0.0621 0.0582 0.0855
v -0.062376 0.023179 -0.049025 0.0621 0.0543 0.0855
v -0.061489 0.022671 -0.060658 0.0621 0.0589 0.0869
v -0.062198 0.023077 -0.060981 0.0621 0.0621 0.0932
v -0.062901 0.023480 -0.061289 0.0621 0.0597 0.0926
v -0.063613 0.023888 -0.061695 0.0621 0.0595 0.0932
v -0.061445 0.022646 -0.055535 0.0621 0.0582 0.0855
v -0.062088 0.023014 -0.056329 0.0621 0.0582 0.0855
v -0.062715 0.023373 -0.057048 0.0621 0.0582 0.0855
v -0.063348 0.023736 -0.057852 0.0621 0.0583 0.0933
v -0.061402 0.022621 -0.050446 0.0613 0.0545 0.0855
v -0.061989 0.022957 -0.051800 0.0621 0.0543 0.0855
v -0.062545 0.023276 -0.053024 0.0621 0.0565 0.0855
v -0.063098 0.023593 -0.054247 0.0621 0.0610 0.0911
v -0.064951 0.024653 -0.035641 0.0621 0.0543 0.0933
v -0.062215 0.023086 -0.025748 0.0621 0.0582 0.0855
v -0.062878 0.023466 -0.030871 0.0621 0.0582 0.0870
v -0.063539 0.023845 -0.035960 0.0621 0.0543 0.0933
v -0.064195 0.024220 -0.041105 0.0621 0.0621 0.0933
v -0.062878 0.023466 -0.025426 0.0621 0.0585 0.0861
v -0.063412 0.023772 -0.030078 0.0621 0.0588 0.0933
v -0.063939 0.024074 -0.034607 0.0621 0.0543 0.0933
v -0.064460 0.024372 -0.039184 0.0621 0.0621 0.0933
v -0.063540 0.023845 -0.025118 0.0621 0.0570 0.0832
v -0.063939 0.024074 -0.029358 0.0621 0.0566 0.0933
v -0.064326 0.024295 -0.033383 0.0621 0.0568 0.0933
v -0.064710 0.024515 -0.037381 0.0621 0.0570 0.0933
v -0.066318 0.025437 -0.055425 0.0621 0.0547 0.0932
v -0.066363 0.025462 -0.050625 0.0621 0.0563 0.0932
v -0.066406 0.025487 -0.045844 0.0621 0.0548 0.0932
v -0.066462 0.025519 -0.041105 0.0621 0.0576 0.0932
v -0.065610 0.025031 -0.050625 0.0621 0.0558 0.0932
v -0.065720 0.025094 -0.046767 0.0621 0.0553 0.0932
v -0.065819 0.025151 -0.042957 0.0621 0.0592 0.0932
v -0.065930 0.025214 -0.039184 0.0621 0.0544 0.0932
v -0.064906 0.024628 -0.045844 0.0621 0.0599 0.0933
v -0.065093 0.024735 -0.042957 0.0621 0.0596 0.0932
v -0.065263 0.024832 -0.040156 0.0621 0.0543 0.0932
v -0.065432 0.024929 -0.037381 0.0621 0.0543 0.0932
v -0.066319 0.025437 -0.025749 0.0621 0.0543 0.0933
v -0.065611 0.025031 -0.025426 0.0621 0.0582 0.0933
v -0.064907 0.024628 -0.025118 0.0621 0.0565 0.0933
v -0.064195 0.024220 -0.024712 0.0621 0.0571 0.0833
v -0.066364 0.025462 -0.030871 0.0621 0.0618 0.0927
v -0.065720 0.025094 -0.030078 0.0621 0.0553 0.0796
v -0.065094 0.024735 -0.029359 0.0621 0.0617 0.0926
v -0.064461 0.024372 -0.028555 0.0621 0.0566 0.0933
v -0.066406 0.025487 -0.035961 0.0621 0.0548 0.0932
v -0.065820 0.025151 -0.034607 0.0621 0.0580 0.0932
v -0.065263 0.024832 -0.033383 0.0621 0.0559 0.0933
v -0.064710 0.024515 -0.032160 0.0621 0.0554 0.0933
v -0.069135 0.024653 -0.035641 0.0621 0.0543 0.0932
v -0.067766 0.025437 -0.055425 0.0621 0.0548 0.0932
v -0.068474 0.025031 -0.050625 0.0621 0.0582 0.0932
v -0.069179 0.024628 -0.045844 0.0621 0.0596 0.0932
v -0.069890 0.024220 -0.041105 0.0621 0.0591 0.0932
v -0.067721 0.025462 -0.050625 0.0621 0.0563 0.0932
v -0.068365 0.025094 -0.046767 0.0621 0.0543 0.0932
v -0.068991 0.024735 -0.042958 0.0621 0.0596 0.0932
v -0.069625 0.024372 -0.039184 0.0621 0.0551 0.0932
v -0.067679 0.025487 -0.045844 0.0621 0.0550 0.0932
v -0.068265 0.025151 -0.042958 0.0621 0.0591 0.0932
v -0.068822 0.024832 -0.040157 0.0621 0.0569 0.0932
v -0.069376 0.024515 -0.037382 0.0621 0.0569 0.0932
v -0.071872 0.023086 -0.025749 0.0621 0.0610 0.0933
v -0.071208 0.023466 -0.025426 0.0621 0.0608 0.0908
v -0.070547 0.023845 -0.025118 0.0621 0.0598 0.0887
v -0.069891 0.024220 -0.024712 0.0621 0.0621 0.0932
v -0.071208 0.023466 -0.030872 0.0621 0.0580 0.0932
v -0.070674 0.023772 -0.030078 0.0621 0.0553 0.0932
v -0.070147 0.024074 -0.029359 0.0621 0.0579 0.0932
v -0.069625 0.024372 -0.028555 0.0621 0.0584 0.0932
v -0.070546 0.023845 -0.035961 0.0621 0.0579 0.0932
v -0.070147 0.024074 -0.034607 0.0621 0.0543 0.0932
v -0.069759 0.024295 -0.033383 0.0621 0.0588 0.0932
v -0.069376 0.024515 -0.032160 0.0621 0.0596 0.0932
v -0.067767 0.025437 -0.025749 0.0621 0.0582 0.0855
v -0.067722 0.025462 -0.030872 0.0621 0.0543 0.0932
v -0.067679 0.025487 -0.035961 0.0621 0.0617 0.0926
v -0.067623 0.025519 -0.041105 0.0621 0.0566 0.0932
v -0.068476 0.025031 -0.025426 0.0621 0.0555 0.0908
v -0.068366 0.025094 -0.030078 0.0621 0.0572 0.0932
v -0.068266 0.025151 -0.034607 0.0621 0.0615 0.0932
v -0.068155 0.025214 -0.039184 0.0621 0.0612 0.0932
v -0.069180 0.024628 -0.025118 0.0621 0.0561 0.0932
v -0.068992 0.024735 -0.029359 0.0621 0.0568 0.0932
v -0.068823 0.024832 -0.033383 0.0621 0.0585 0.0932
v -0.068653 0.024929 -0.037382 0.0621 0.0543 0.0932
v -0.071226 0.023455 -0.050766 0.0621 0.0543 0.0932
v -0.072595 0.022671 -0.030982 0.0621 0.0616 0.0932
v -0.071886 0.023077 -0.035782 0.0621 0.0564 0.0932
v -0.071182 0.023480 -0.040563 0.0621 0.0564 0.0932
v -0.070471 0.023888 -0.045302 0.0621 0.0584 0.0932
v -0.072640 0.022646 -0.035782 0.0621 0.0616 0.0932
v -0.071996 0.023014 -0.039641 0.0621 0.0543 0.0932
v -0.071370 0.023373 -0.043450 0.0621 0.0543 0.0932
v -0.070736 0.023736 -0.047224 0.0621 0.0543 0.0932
v -0.072682 0.022621 -0.040563 0.0621 0.0549 0.0932
v -0.072096 0.022957 -0.043450 0.0621 0.0543 0.0932
v -0.071539 0.023276 -0.046251 0.0621 0.0556 0.0932
v -0.070986 0.023593 -0.049026 0.0621 0.0543 0.0932
v -0.068489 0.025022 -0.060659 0.0621 0.0610 0.0932
v -0.069153 0.024642 -0.060981 0.0621 0.0616 0.0922
v -0.069815 0.024263 -0.061289 0.0621 0.0619 0.0929
v -0.070470 0.023888 -0.061695 0.0621 0.0555 0.0802
v -0.069153 0.024642 -0.055536 0.0621 0.0572 0.0932
v -0.069687 0.024336 -0.056329 0.0621 0.0543 0.0932
v -0.070214 0.024035 -0.057049 0.0621 0.0543 0.0932
v -0.070736 0.023736 -0.057852 0.0621 0.0548 0.0897
v -0.069815 0.024263 -0.050447 0.0621 0.0575 0.0932
v -0.070214 0.024035 -0.051801 0.0621 0.0554 0.0932
v -0.070602 0.023813 -0.053024 0.0621 0.0543 0.0932
v -0.070985 0.023593 -0.054248 0.0621 0.0543 0.0932
v -0.072594 0.022671 -0.060659 0.0621 0.0547 0.0932
v -0.072639 0.022646 -0.055536 0.0621 0.0543 0.0932
v -0.072682 0.022621 -0.050447 0.0621 0.0575 0.0932
v -0.072738 0.022589 -0.045302 0.0621 0.0586 0.0932
v -0.071885 0.023077 -0.060982 0.0621 0.0603 0.0932
v -0.071995 0.023014 -0.056329 0.0621 0.0543 0.0932
v -0.072095 0.022957 -0.051801 0.0621 0.0565 0.0932
v -0.072206 0.022894 -0.047224 0.0621 0.0543 0.0932
v -0.071181 0.023480 -0.061289 0.0621 0.0617 0.0924
v -0.071369 0.023373 -0.057049 0.0621 0.0543 0.0932
v -0.071539 0.023276 -0.053024 0.0621 0.0543 0.0932
v -0.071708 0.023179 -0.049026 0.0621 0.0612 0.0932
v -0.074364 0.019860 -0.050767 0.0621 0.0607 0.0905
v -0.073681 0.021428 -0.030982 0.0621 0.0616 0.0933
v -0.073659 0.021479 -0.035782 0.0621 0.0619 0.0932
v -0.073637 0.021527 -0.040563 0.0621 0.0554 0.0932
v -0.073609 0.021592 -0.045302 0.0621 0.0611 0.0932
v -0.074035 0.020616 -0.035782 0.0621 0.0621 0.0933
v -0.073980 0.020742 -0.039641 0.0621 0.0588 0.0933
v -0.073930 0.020856 -0.043450 0.0621 0.0609 0.0933
v -0.073874 0.020983 -0.047224 0.0621 0.0543 0.0932
v -0.074387 0.019810 -0.040564 0.0621 0.0601 0.0894
v -0.074293 0.020024 -0.043450 0.0621 0.0621 0.0933
v -0.074208 0.020218 -0.046251 0.0621 0.0621 0.0933
v -0.074124 0.020412 -0.049026 0.0621 0.0621 0.0933
v -0.073680 0.021428 -0.060659 0.0621 0.0621 0.0932
v -0.074034 0.020616 -0.060982 0.0621 0.0621 0.0932
v -0.074386 0.019810 -0.061289 0.0621 0.0568 0.0828
v -0.074742 0.018995 -0.061695 0.0621 0.0621 0.0932
v -0.073658 0.021479 -0.055536 0.0621 0.0545 0.0932
v -0.073979 0.020742 -0.056329 0.0621 0.0621 0.0932
v -0.074293 0.020024 -0.057049 0.0621 0.0621 0.0933
v -0.074609 0.019299 -0.057852 0.0621 0.0621 0.0933
v -0.073637 0.021527 -0.050447 0.0621 0.0616 0.0932
v -0.073930 0.020856 -0.051801 0.0621 0.0621 0.0933
v -0.074208 0.020218 -0.053024 0.0621 0.0621 0.0933
v -0.074485 0.019585 -0.054248 0.0621 0.0621 0.0933
v -0.075732 0.016726 -0.060659 0.0621 0.0638 0.0995
v -0.075401 0.017486 -0.055536 0.0621 0.0621 0.0933
v -0.075070 0.018244 -0.050447 0.0621 0.0621 0.0933
v -0.074742 0.018995 -0.045302 0.0621 0.0621 0.0933
v -0.075400 0.017486 -0.060982 0.0621 0.0634 0.0981
v -0.075134 0.018098 -0.056330 0.0621 0.0621 0.0933
v -0.074870 0.018701 -0.051801 0.0621 0.0621 0.0933
v -0.074610 0.019299 -0.047224 0.0621 0.0621 0.0933
v -0.075069 0.018244 -0.061289 0.0621 0.0621 0.0932
v -0.074870 0.018701 -0.057049 0.0621 0.0621 0.0933
v -0.074677 0.019145 -0.053024 0.0621 0.0621 0.0933
v -0.074485 0.019585 -0.049026 0.0621 0.0621 0.0933
v -0.075411 0.017464 -0.035641 0.0621 0.0621 0.0933
v -0.074043 0.020599 -0.025749 0.0621 0.0621 0.0933
v -0.074375 0.019838 -0.030872 0.0621 0.0621 0.0933
v -0.074706 0.019080 -0.035961 0.0621 0.0621 0.0933
v -0.075033 0.018330 -0.041106 0.0621 0.0621 0.0933
v -0.074375 0.019838 -0.025426 0.0621 0.0621 0.0933
v -0.074642 0.019227 -0.030078 0.0621 0.0621 0.0933
v -0.074905 0.018623 -0.034607 0.0621 0.0621 0.0933
v -0.075166 0.018025 -0.039184 0.0621 0.0621 0.0933
v -0.074706 0.019080 -0.025118 0.0621 0.0621 0.0933
v -0.074905 0.018623 -0.029359 0.0621 0.0621 0.0933
v -0.075099 0.018179 -0.033383 0.0621 0.0621 0.0933
v -0.075291 0.017740 -0.037382 0.0621 0.0621 0.0933
v -0.076094 0.015897 -0.055426 0.0621 0.0621 0.0932
v -0.076117 0.015846 -0.050626 0.0625 0.0622 0.0937
v -0.076138 0.015797 -0.045844 0.0621 0.0621 0.0932
v -0.076167 0.015732 -0.041106 0.0585 0.0585 0.0909
v -0.075740 0.016708 -0.050626 0.0715 0.0652 0.1027
v -0.075795 0.016583 -0.046767 0.0621 0.0621 0.0932
v -0.075845 0.016469 -0.042958 0.0621 0.0621 0.0932
v -0.075901 0.016341 -0.039184 0.0619 0.0619 0.0931
v -0.075389 0.017515 -0.045844 0.0621 0.0621 0.0933
v -0.075482 0.017300 -0.042958 0.0621 0.0621 0.0933
v -0.075567 0.017106 -0.040157 0.0621 0.0621 0.0932
v -0.075652 0.016912 -0.037382 0.0621 0.0621 0.0933
v -0.076096 0.015897 -0.025749 0.0621 0.0584 0.0860
v -0.075741 0.016708 -0.025426 0.0621 0.0621 0.0933
v -0.075390 0.017515 -0.025118 0.0621 0.0621 0.0933
v -0.075034 0.018330 -0.024712 0.0621 0.0621 0.0933
v -0.076118 0.015845 -0.030872 0.0508 0.0508 0.0857
v -0.075796 0.016583 -0.030078 0.0621 0.0621 0.0933
v -0.075483 0.017300 -0.029359 0.0621 0.0621 0.0933
v -0.075166 0.018025 -0.028556 0.0621 0.0621 0.0933
v -0.076139 0.015797 -0.035961 0.0475 0.0548 0.0787
v -0.075846 0.016469 -0.034607 0.0621 0.0621 0.0932
v -0.075568 0.017106 -0.033384 0.0621 0.0621 0.0933
v -0.075291 0.017740 -0.032160 0.0621 0.0621 0.0933
vn 0.9737 -0.2061 0.0975
vn 0.8046 0.0805 -0.5883
vn 0.4444 -0.6071 -0.6587
vn 0.4414 -0.8807 -0.1719
vn 0.9007 -0.3536 0.2524
vn 0.3855 -0.9226 -0.0109
vn 0.8010 -0.4927 0.3401
vn 0.3107 -0.9424 -0.1239
vn 0.7198 -0.6003 0.3486
vn 0.6618 -0.6947 0.2820
vn 0.2792 -0.8910 -0.3581
vn -0.5893 -0.6955 0.4110
vn -0.3051 -0.7178 -0.6258
vn -0.7609 -0.2678 -0.5910
vn -0.9762 0.2027 -0.0767
vn -0.9721 0.2314 0.0370
vn -0.9524 0.2898 0.0942
vn -0.8663 -0.3475 -0.3589
vn -0.9177 -0.3505 -0.1868
vn -0.3665 -0.8511 -0.3759
vn -0.3911 -0.9024 -0.1808
vn -0.3723 -0.8862 -0.2758
vn -0.9079 -0.3427 -0.2412
vn -0.7317 -0.1708 -0.6599
vn -0.8752 0.4836 -0.0108
vn -0.9208 0.3810 0.0831
vn -0.5162 0.5508 -0.6559
vn 0.1800 0.5847 -0.7910
vn -0.2513 -0.6386 -0.7274
vn -0.3817 0.9228 0.0527
vn -0.4941 0.8217 0.2840
vn -0.5476 0.7287 0.4112
vn -0.5898 0.6443 0.4868
vn -0.6230 0.5718 0.5339
vn -0.6548 0.5029 0.5643
vn 0.6408 -0.2064 0.7394
vn 0.0560 0.2660 0.9623
vn 0.1118 0.3925 0.9129
vn 0.6816 -0.1232 0.7213
vn 0.1824 0.5424 0.8201
vn 0.7538 0.0002 0.6571
vn 0.8232 0.1482 0.5480
vn 0.8749 0.3037 0.3773
vn 0.2363 0.7083 0.6652
vn 0.2853 0.8504 0.4420
vn 0.3088 0.9507 -0.0293
vn 0.8773 0.4564 0.1484
vn -1.0000 -0.0000 -0.0000
vn -0.7533 -0.6576 -0.0000
vn -0.7533 -0.6577 -0.0000
vn -0.0000 -1.0000 -0.0000
vn 0.7533 -0.6577 -0.0000
vn 1.0000 -0.0000 -0.0000
vn 0.7533 0.6577 -0.0000
vn -0.0000 1.0000 -0.0000
vn -0.7533 0.6577 -0.0000
vn 0.9876 -0.1544 -0.0274
vn 0.9876 -0.1544 -0.0275
vn 0.8250 -0.5527 -0.1179
vn 0.7850 -0.6165 -0.0608
vn 0.7850 -0.6165 -0.0609
vn 0.7850 -0.6164 -0.0608
vn 0.9385 -0.2962 0.1774
vn 0.7378 -0.6750 0.0014
vn 0.7378 -0.6750 0.0013
vn 0.6844 -0.7283 0.0336
vn 0.6844 -0.7283 0.0337
vn 0.8453 -0.4429 0.2989
vn 0.8453 -0.4429 0.2988
vn 0.6315 -0.7731 0.0596
vn 0.5534 -0.8319 0.0424
vn 0.5534 -0.8318 0.0424
vn 0.7366 -0.5898 0.3311
vn 0.7366 -0.5897 0.3311
vn 0.7366 -0.5898 0.3310
vn 0.5307 -0.8466 -0.0403
vn 0.5307 -0.8466 -0.0402
vn 0.6829 -0.6398 0.3525
vn 0.6829 -0.6399 0.3525
vn 0.4287 -0.8976 -0.1027
vn 0.4288 -0.8976 -0.1026
vn 0.4288 -0.8975 -0.1026
vn 0.4288 -0.8976 -0.1027
vn 0.3963 -0.8823 -0.2540
vn 0.3963 -0.8823 -0.2539
vn 0.6928 -0.6929 0.1997
vn 0.6928 -0.6929 0.1996
vn 0.6929 -0.6929 0.1997
vn 0.6929 -0.6929 0.1996
vn 0.3448 -0.8167 -0.4627
vn 0.3449 -0.8167 -0.4626
vn 0.3448 -0.8167 -0.4628
vn -0.2483 -0.6099 -0.7526
vn -0.2482 -0.6099 -0.7526
vn -0.7170 -0.1977 -0.6685
vn -0.7170 -0.1977 -0.6684
vn -0.7171 -0.1977 -0.6684
vn -0.9703 0.2117 -0.1169
vn -0.9704 0.2116 -0.1168
vn -0.9704 0.2117 -0.1167
vn -0.9703 0.2117 -0.1168
vn -0.9703 0.2116 -0.1168
vn -0.9703 0.2117 -0.1167
vn -0.9704 0.2117 -0.1166
vn -0.9836 0.1661 -0.0709
vn -0.9836 0.1661 -0.0710
vn -0.9835 0.1661 -0.0710
vn -0.9836 0.1661 -0.0708
vn -0.9836 0.1661 -0.0707
vn -0.8107 -0.1652 -0.5616
vn -0.8107 -0.1652 -0.5617
vn -0.8107 -0.1651 -0.5616
vn -0.8878 -0.1687 -0.4281
vn -0.8879 -0.1686 -0.4281
vn -0.8879 -0.1686 -0.4280
vn -0.8878 -0.1687 -0.4282
vn -0.8879 -0.1687 -0.4281
vn -0.9721 0.2322 0.0332
vn -0.9721 0.2322 0.0333
vn -0.9370 -0.1245 -0.3265
vn -0.9370 -0.1245 -0.3264
vn -0.8985 -0.3723 -0.2326
vn -0.9675 -0.1067 -0.2293
vn -0.9675 -0.1067 -0.2294
vn -0.6870 -0.5903 -0.4237
vn -0.8330 -0.3281 -0.4456
vn -0.8330 -0.3281 -0.4455
vn -0.8329 -0.3281 -0.4456
vn -0.8329 -0.3282 -0.4455
vn -0.3941 -0.8795 -0.2670
vn -0.3941 -0.8794 -0.2670
vn 0.0701 -0.9276 -0.3669
vn 0.0702 -0.9276 -0.3669
vn -0.6997 -0.6436 -0.3101
vn -0.6997 -0.6436 -0.3100
vn -0.6998 -0.6436 -0.3100
vn -0.3489 -0.7870 -0.5089
vn -0.3488 -0.7870 -0.5089
vn -0.3489 -0.7869 -0.5089
vn -0.3487 -0.7870 -0.5089
vn -0.6737 -0.5087 -0.5361
vn 0.0242 -0.9613 -0.2745
vn 0.0243 -0.9613 -0.2745
vn -0.7062 -0.6678 -0.2352
vn 0.0015 -0.9842 -0.1768
vn -0.4208 -0.9019 -0.0980
vn -0.4208 -0.9018 -0.0980
vn -0.0022 -0.9935 -0.1140
vn -0.7221 -0.6769 -0.1425
vn -0.7221 -0.6770 -0.1425
vn -0.9080 -0.2782 -0.3134
vn -0.9839 0.0799 -0.1600
vn -0.9839 0.0799 -0.1601
vn -0.7053 -0.6463 -0.2913
vn -0.7053 -0.6463 -0.2914
vn -0.9909 0.0307 -0.1308
vn -0.9909 0.0308 -0.1308
vn -0.9209 -0.3695 -0.1237
vn -0.9209 -0.3696 -0.1237
vn -0.9210 -0.3695 -0.1237
vn -0.9900 -0.0192 -0.1394
vn -0.9901 -0.0192 -0.1394
vn -0.9435 0.3203 0.0847
vn -0.9435 0.3204 0.0847
vn -0.9435 0.3203 0.0848
vn -0.9050 0.4238 0.0366
vn -0.9050 0.4238 0.0367
vn -0.9721 0.1364 -0.1909
vn -0.9721 0.1364 -0.1910
vn -0.8490 0.5168 -0.1103
vn -0.8490 0.5168 -0.1104
vn -0.6691 0.0425 -0.7419
vn -0.0852 0.6027 -0.7934
vn -0.0853 0.6028 -0.7934
vn -0.0853 0.6027 -0.7934
vn -0.0683 -0.1592 -0.9849
vn 0.4190 0.3804 -0.8245
vn 0.4189 0.3804 -0.8245
vn -0.0682 -0.1685 -0.9833
vn -0.0572 -0.1652 -0.9846
vn -0.4201 -0.4474 -0.7895
vn -0.4202 -0.4474 -0.7895
vn -0.3483 -0.8209 -0.4526
vn 0.0051 -0.5954 -0.8034
vn 0.0815 -0.9034 -0.4210
vn -0.6672 -0.6031 -0.4371
vn -0.6673 -0.6031 -0.4370
vn 0.0293 -0.9967 -0.0754
vn 0.0292 -0.9967 -0.0754
vn 0.0677 -0.9645 -0.2554
vn 0.0676 -0.9645 -0.2554
vn -0.9843 -0.0467 -0.1701
vn -0.9843 -0.0468 -0.1701
vn -0.6627 -0.3912 -0.6385
vn -0.6627 -0.3913 -0.6386
vn -0.6627 -0.3913 -0.6385
vn 0.1509 -0.8661 -0.4766
vn 0.1509 -0.8660 -0.4767
vn 0.1510 -0.8660 -0.4766
vn 0.1510 -0.8660 -0.4767
vn 0.1509 -0.8660 -0.4766
vn 0.1916 -0.9428 -0.2728
vn 0.1917 -0.9428 -0.2729
vn 0.1917 -0.9428 -0.2728
vn 0.3110 -0.9501 -0.0229
vn 0.4091 -0.9124 -0.0107
vn 0.5009 -0.8255 -0.2601
vn 0.5478 -0.4193 -0.7240
vn 0.0841 0.3134 0.9459
vn 0.0841 0.3135 0.9459
vn 0.0840 0.3135 0.9459
vn 0.5800 -0.0990 0.8086
vn 0.5800 -0.0991 0.8086
vn 0.5799 -0.0990 0.8086
vn -0.5017 0.5111 0.6979
vn -0.5017 0.5111 0.6980
vn -0.4840 0.5529 0.6782
vn -0.4840 0.5529 0.6783
vn 0.6130 0.0083 0.7900
vn 0.6130 0.0082 0.7900
vn 0.5887 -0.0530 0.8066
vn 0.5886 -0.0530 0.8067
vn 0.1332 0.4752 0.8697
vn 0.1333 0.4752 0.8697
vn 0.1332 0.4753 0.8697
vn -0.4490 0.6472 0.6161
vn -0.4490 0.6471 0.6161
vn 0.6461 0.0866 0.7583
vn 0.6461 0.0867 0.7583
vn -0.4676 0.6005 0.6486
vn -0.4677 0.6005 0.6486
vn 0.6760 0.1619 0.7189
vn 0.7175 -0.0784 0.6922
vn 0.7175 -0.0784 0.6921
vn 0.7878 0.0604 0.6129
vn 0.7879 0.0605 0.6129
vn 0.7878 0.0605 0.6129
vn 0.7879 0.0604 0.6129
vn 0.8517 0.2222 0.4747
vn 0.8517 0.2221 0.4747
vn 0.8516 0.2222 0.4747
vn 0.7308 0.3290 0.5980
vn 0.7036 0.2457 0.6668
vn 0.2455 0.7938 0.5564
vn 0.2455 0.7938 0.5565
vn 0.7501 0.4142 0.5155
vn -0.3981 0.7853 0.4741
vn 0.1935 0.6268 0.7548
vn 0.1934 0.6268 0.7548
vn -0.2667 0.9375 0.2234
vn 0.7621 0.4939 0.4187
vn -0.3698 0.8310 0.4155
vn 0.3127 0.9139 0.2590
vn 0.3126 0.9139 0.2590
vn 0.3127 0.9139 0.2591
vn -0.3463 0.8722 0.3454
vn 0.7504 0.5883 0.3015
vn 0.7503 0.5883 0.3015
vn 0.7600 0.6405 0.1100
vn 0.7600 0.6406 0.1100
vn 0.8837 0.3781 0.2758
vn -0.2533 0.9658 -0.0544
vn -0.4338 0.6879 0.5820
vn -0.4337 0.6878 0.5820
vn -0.4337 0.6879 0.5820
vn -0.4338 0.6878 0.5820
vn -0.4175 0.7270 0.5451
vn -0.4175 0.7270 0.5452
vn 0.6472 -0.1842 0.7397
vn 0.6473 -0.1842 0.7397
vn 0.6473 -0.1843 0.7396
vn -0.6495 0.5325 0.5428
vn -0.6494 0.5325 0.5429
vn -0.6495 0.5325 0.5427
vn -0.6494 0.5325 0.5428
vn -0.6146 0.6079 0.5028
vn -0.6146 0.6078 0.5028
vn -0.5792 0.6776 0.4532
vn -0.5791 0.6776 0.4532
vn -0.5183 0.7774 0.3563
vn -0.4632 0.8645 0.1949
vn -0.4632 0.8645 0.1950
vn -0.3595 0.9326 -0.0327
vn -0.3595 0.9326 -0.0328
vn -0.6030 0.7925 0.0915
vn -0.6030 0.7925 0.0914
vn -0.6223 0.7564 0.2014
vn -0.6538 0.7065 0.2710
vn -0.6538 0.7065 0.2709
vn -0.6539 0.7064 0.2710
vn -0.6538 0.7064 0.2709
vn -0.6792 0.6583 0.3245
vn -0.6792 0.6583 0.3246
vn -0.7069 0.6080 0.3615
vn -0.7069 0.6080 0.3616
vn -0.7248 0.5795 0.3727
vn -0.7416 0.5489 0.3856
vn -0.7416 0.5490 0.3856
vn -0.7572 0.5209 0.3941
vn -0.7723 0.4920 0.4019
vn -0.7724 0.4920 0.4018
vn -0.7723 0.4920 0.4018
vn -0.7843 0.4733 0.4011
vn -0.7843 0.4733 0.4010
vn 0.6255 -0.2412 0.7420
vn 0.6255 -0.2411 0.7420
vn 0.6254 -0.2411 0.7421
vn 0.0260 0.2089 0.9776
vn 0.0259 0.2089 0.9776
vn 0.0261 0.2088 0.9776
vn -0.6709 0.4719 0.5720
vn -0.6708 0.4719 0.5721
vn -0.6709 0.4719 0.5719
vn 0.8043 -0.1485 0.5753
vn 0.7619 -0.2114 0.6122
vn 0.7620 -0.2114 0.6121
vn 0.8817 -0.0085 0.4717
vn 0.8398 -0.0866 0.5359
vn 0.8399 -0.0866 0.5359
vn 0.8399 -0.0866 0.5358
vn 0.9100 0.4119 0.0471
vn 0.9100 0.4120 0.0471
vn 0.9656 0.2008 0.1653
vn 0.9656 0.2008 0.1654
vn 0.9656 0.2009 0.1654
vn 0.9443 0.1417 0.2969
vn 0.9444 0.1417 0.2968
vn 0.9444 0.1417 0.2969
vn 0.7252 0.6708 -0.1554
vn 0.2216 0.9206 -0.3216
vn 0.9172 0.0650 0.3930
vn 0.7295 -0.2575 0.6336
vn 0.7295 -0.2575 0.6337
vn 0.6962 -0.3072 0.6488
vn 0.6962 -0.3072 0.6487
vn 0.6962 -0.3073 0.6487
vn 0.6963 -0.3073 0.6487
vn 0.6915 -0.3251 0.6451
vn 0.6915 -0.3251 0.6452
vn -0.1701 0.9631 -0.2087
vn -0.9165 -0.4000 -0.0000
vn -0.9165 -0.4000 -0.0001
vn -0.9165 -0.4001 -0.0001
vn -0.9165 -0.4001 -0.0000
vn -1.0000 -0.0000 -0.0001
vn -1.0000 -0.0001 -0.0000
vn -0.4970 -0.8678 -0.0000
vn -0.4970 -0.8677 -0.0000
vn -0.4969 -0.8678 -0.0000
vn 0.4970 -0.8678 -0.0000
vn 0.4970 -0.8677 -0.0000
vn 0.0001 -1.0000 -0.0000
vn 0.9165 -0.4001 0.0001
vn 0.9165 -0.4001 -0.0000
vn 0.4969 -0.8678 -0.0000
vn 0.9165 -0.4000 -0.0000
vn 1.0000 -0.0000 0.0001
vn 0.9165 0.4001 -0.0000
vn 0.9165 0.4000 -0.0000
vn 0.9165 0.4000 0.0001
vn 0.9165 0.4001 0.0001
vn 0.4970 0.8678 -0.0000
vn 0.4970 0.8677 -0.0000
vn -0.4970 0.8678 -0.0000
vn -0.4970 0.8677 -0.0000
vn -0.0001 1.0000 -0.0000
vn 0.0001 1.0000 -0.0000
vn -0.7533 0.6576 -0.0000
vn -0.9165 0.4001 -0.0001
vn -0.9165 0.4001 -0.0000
vn -0.9165 0.4000 -0.0000
vn -0.9165 0.4000 -0.0001
vn 0.8571 -0.4814 -0.1834
vn 0.8571 -0.4814 -0.1833
vn 0.7835 -0.6193 -0.0501
vn 0.7836 -0.6193 -0.0501
vn 0.7835 -0.6193 -0.0500
vn 0.7836 -0.6193 -0.0500
vn 0.7864 -0.6135 -0.0716
vn 0.7864 -0.6135 -0.0717
vn 0.6794 -0.7299 0.0759
vn 0.6794 -0.7298 0.0758
vn 0.6794 -0.7298 0.0759
vn 0.6794 -0.7299 0.0758
vn 0.6882 -0.7254 -0.0086
vn 0.6883 -0.7254 -0.0086
vn 0.6882 -0.7254 -0.0085
vn 0.6882 -0.7255 -0.0086
vn 0.5670 -0.8136 0.1286
vn 0.5352 -0.8435 -0.0446
vn 0.5352 -0.8435 -0.0445
vn 0.5352 -0.8436 -0.0445
vn 0.5262 -0.8496 -0.0361
vn 0.5262 -0.8496 -0.0360
vn 0.5263 -0.8496 -0.0360
vn 0.3221 -0.9315 -0.1690
vn 0.3220 -0.9315 -0.1690
vn 0.3221 -0.9315 -0.1689
vn 0.3220 -0.9315 -0.1689
vn 0.3219 -0.9316 -0.1690
vn 0.3220 -0.9316 -0.1689
vn 0.3220 -0.9316 -0.1690
vn 0.4638 -0.8206 -0.3340
vn 0.4637 -0.8206 -0.3341
vn 0.4637 -0.8206 -0.3340
vn 0.4637 -0.8206 -0.3342
vn 0.4638 -0.8206 -0.3339
vn 0.4637 -0.8205 -0.3342
vn 0.4637 -0.8206 -0.3339
vn 0.4637 -0.8207 -0.3339
vn 0.2125 -0.7869 -0.5793
vn 0.2125 -0.7869 -0.5794
vn 0.2125 -0.7868 -0.5794
vn 0.2126 -0.7869 -0.5793
vn -0.6260 -0.2845 -0.7261
vn -0.6260 -0.2845 -0.7260
vn -0.6260 -0.2846 -0.7261
vn -0.6260 -0.2844 -0.7261
vn -0.6259 -0.2846 -0.7261
vn -0.6259 -0.2845 -0.7261
vn -0.6261 -0.2845 -0.7260
vn -0.7922 -0.1099 -0.6003
vn -0.7921 -0.1100 -0.6004
vn -0.7921 -0.1100 -0.6005
vn -0.7920 -0.1101 -0.6004
vn -0.7920 -0.1100 -0.6005
vn -0.7922 -0.1100 -0.6003
vn -0.7921 -0.1099 -0.6004
vn -0.7921 -0.1100 -0.6003
vn -0.8253 -0.2192 -0.5204
vn -0.8253 -0.2192 -0.5205
vn -0.8253 -0.2191 -0.5204
vn -0.8252 -0.2192 -0.5206
vn -0.8252 -0.2192 -0.5205
vn -0.8252 -0.2193 -0.5206
vn -0.8252 -0.2191 -0.5205
vn -0.8253 -0.2191 -0.5205
vn -0.8253 -0.2192 -0.5203
vn -0.8254 -0.2191 -0.5203
vn -0.8251 -0.2192 -0.5207
vn -0.8254 -0.2192 -0.5203
vn -0.9359 -0.1172 -0.3323
vn -0.9359 -0.1172 -0.3322
vn -0.9380 -0.1318 -0.3207
vn -0.9380 -0.1318 -0.3206
vn -0.9379 -0.1318 -0.3208
vn -0.9380 -0.1317 -0.3206
vn -0.9380 -0.1317 -0.3207
vn -0.9872 -0.0810 -0.1372
vn -0.9872 -0.0810 -0.1371
vn -0.7015 -0.6425 -0.3085
vn -0.7015 -0.6424 -0.3085
vn -0.6612 -0.5281 -0.5328
vn -0.6613 -0.5281 -0.5328
vn -0.0061 -0.9844 -0.1757
vn -0.0060 -0.9844 -0.1757
vn -0.6980 -0.6448 -0.3115
vn -0.6980 -0.6448 -0.3116
vn -0.6979 -0.6448 -0.3115
vn 0.0543 -0.9274 -0.3702
vn 0.0543 -0.9274 -0.3701
vn 0.0860 -0.9276 -0.3636
vn 0.0859 -0.9276 -0.3635
vn 0.0859 -0.9276 -0.3636
vn 0.0860 -0.9276 -0.3635
vn -0.6857 -0.4890 -0.5391
vn -0.6857 -0.4891 -0.5391
vn -0.6858 -0.4890 -0.5391
vn -0.6857 -0.4891 -0.5390
vn -0.7099 -0.6864 -0.1576
vn 0.0091 -0.9840 -0.1779
vn 0.0092 -0.9840 -0.1779
vn -0.0135 -0.9987 -0.0496
vn -0.7339 -0.6672 -0.1275
vn -0.7339 -0.6672 -0.1274
vn -0.9882 0.0723 -0.1350
vn -0.9882 0.0723 -0.1349
vn -0.9882 0.0722 -0.1349
vn -0.6559 -0.6065 -0.4493
vn -0.6559 -0.6066 -0.4493
vn -0.6560 -0.6065 -0.4493
vn -0.6560 -0.6065 -0.4492
vn -0.6559 -0.6066 -0.4492
vn -0.6560 -0.6066 -0.4492
vn -0.9788 0.0875 -0.1851
vn -0.9788 0.0875 -0.1852
vn -0.9968 -0.0259 -0.0759
vn -0.9968 -0.0260 -0.0759
vn -0.9968 -0.0259 -0.0760
vn -0.9792 -0.0123 -0.2028
vn -0.9792 -0.0123 -0.2027
vn -0.9792 -0.0123 -0.2026
vn -0.9483 0.2003 -0.2461
vn -0.9483 0.2002 -0.2461
vn -0.0701 -0.1534 -0.9857
vn -0.0443 -0.1584 -0.9864
vn -0.0922 -0.1599 -0.9828
vn -0.0442 -0.1770 -0.9832
vn -0.6783 -0.5995 -0.4249
vn -0.6782 -0.5995 -0.4249
vn -0.6783 -0.5995 -0.4248
vn 0.0617 -0.9129 -0.4035
vn 0.0617 -0.9129 -0.4034
vn 0.1012 -0.8932 -0.4381
vn 0.1012 -0.8932 -0.4382
vn 0.0719 -0.9923 -0.1010
vn -0.0485 0.9919 -0.1176
vn -0.0484 0.9919 -0.1176
vn -0.6202 0.7828 0.0514
vn -0.6202 0.7828 0.0515
vn -0.5845 0.8007 0.1315
vn -0.5845 0.8006 0.1315
vn -0.6546 0.7065 0.2689
vn -0.6547 0.7065 0.2689
vn -0.6546 0.7065 0.2688
vn -0.6547 0.7065 0.2688
vn -0.6530 0.7064 0.2729
vn -0.6530 0.7064 0.2730
vn -0.6530 0.7064 0.2731
vn -0.7014 0.6069 0.3738
vn -0.7014 0.6069 0.3739
vn -0.7014 0.6069 0.3737
vn -0.7014 0.6068 0.3739
vn -0.7122 0.6089 0.3492
vn -0.7122 0.6089 0.3493
vn -0.7362 0.5493 0.3953
vn -0.7362 0.5493 0.3954
vn -0.7470 0.5485 0.3757
vn -0.7469 0.5485 0.3758
vn -0.7469 0.5486 0.3758
vn -0.7469 0.5485 0.3759
vn -0.7469 0.5486 0.3757
vn -0.7469 0.5486 0.3759
vn -0.7470 0.5485 0.3758
vn -0.7666 0.4927 0.4118
vn -0.7665 0.4927 0.4119
vn -0.7666 0.4927 0.4119
vn -0.7665 0.4927 0.4118
vn -0.7665 0.4928 0.4119
vn -0.7779 0.4912 0.3919
vn -0.7780 0.4912 0.3918
vn -0.7779 0.4912 0.3918
vn -0.7780 0.4912 0.3917
vn -0.7781 0.4912 0.3916
vn -0.7903 0.4553 0.4101
vn -0.7903 0.4552 0.4102
vn -0.7902 0.4552 0.4102
vn -0.7902 0.4553 0.4102
vn -0.7903 0.4552 0.4101
vn -0.7903 0.4552 0.4100
vn -0.7904 0.4552 0.4101
vn -0.7903 0.4553 0.4100
vn -0.7901 0.4552 0.4104
vn -0.7902 0.4552 0.4103
vn -0.7903 0.4553 0.4102
vn 0.6819 -0.3364 0.6494
vn 0.6820 -0.3365 0.6494
vn 0.6819 -0.3365 0.6494
vn 0.6820 -0.3365 0.6493
vn 0.6820 -0.3364 0.6494
vn 0.5543 -0.1387 0.8207
vn 0.5544 -0.1387 0.8206
vn 0.5543 -0.1386 0.8207
vn 0.5544 -0.1387 0.8207
vn 0.5543 -0.1387 0.8206
vn -0.5162 0.4687 0.7168
vn -0.5163 0.4688 0.7168
vn -0.5162 0.4688 0.7168
vn -0.5163 0.4688 0.7167
vn -0.5163 0.4687 0.7168
vn 0.6041 -0.0595 0.7947
vn 0.6040 -0.0595 0.7947
vn 0.6040 -0.0595 0.7948
vn -0.4822 0.5535 0.6791
vn -0.4822 0.5534 0.6791
vn -0.4821 0.5535 0.6791
vn -0.4859 0.5523 0.6774
vn -0.4859 0.5524 0.6774
vn -0.4858 0.5523 0.6774
vn -0.4858 0.5524 0.6774
vn 0.6493 0.0622 0.7579
vn 0.6494 0.0622 0.7579
vn 0.5729 -0.0464 0.8183
vn 0.5730 -0.0464 0.8183
vn -0.4465 0.6485 0.6165
vn -0.4464 0.6485 0.6165
vn 0.6425 0.1111 0.7582
vn 0.6425 0.1110 0.7582
vn -0.4515 0.6458 0.6158
vn -0.4515 0.6457 0.6158
vn -0.4515 0.6458 0.6157
vn 0.8424 -0.0881 0.5316
vn 0.8424 -0.0881 0.5315
vn 0.8424 -0.0880 0.5316
vn 0.8425 -0.0880 0.5315
vn 0.7597 -0.2089 0.6158
vn 0.7597 -0.2090 0.6158
vn 0.7597 -0.2090 0.6157
vn 0.7598 -0.2090 0.6157
vn 0.7056 0.2114 0.6764
vn 0.7056 0.2114 0.6763
vn 0.7641 -0.2139 0.6086
vn 0.7642 -0.2138 0.6086
vn 0.7642 -0.2139 0.6085
vn 0.7641 -0.2138 0.6086
vn 0.7641 -0.2139 0.6085
vn 0.7642 -0.2138 0.6085
vn 0.9146 0.0668 0.3989
vn 0.9145 0.0668 0.3989
vn 0.9146 0.0668 0.3988
vn 0.9146 0.0667 0.3989
vn 0.7558 0.3756 0.5363
vn 0.7558 0.3756 0.5364
vn 0.8373 -0.0851 0.5401
vn 0.8373 -0.0852 0.5401
vn 0.8372 -0.0852 0.5402
vn 0.8372 -0.0852 0.5401
vn 0.8372 -0.0851 0.5402
vn 0.7007 0.2798 0.6564
vn 0.7006 0.2798 0.6564
vn 0.7007 0.2798 0.6563
vn 0.7007 0.2797 0.6564
vn 0.7429 0.4521 0.4936
vn 0.7430 0.4521 0.4936
vn -0.3776 0.8354 0.3994
vn -0.3775 0.8354 0.3994
vn -0.4152 0.7287 0.5446
vn -0.2042 0.9604 0.1897
vn -0.3273 0.9097 0.2557
vn -0.3272 0.9097 0.2557
vn -0.3272 0.9097 0.2556
vn 0.7753 0.5316 0.3411
vn 0.7753 0.5316 0.3412
vn -0.3619 0.8263 0.4315
vn 0.7210 0.6424 0.2597
vn 0.7806 0.6237 -0.0405
vn 0.7806 0.6237 -0.0404
vn 0.7807 0.6237 -0.0405
vn 0.7807 0.6236 -0.0405
vn 0.9746 0.1840 0.1274
vn 0.9746 0.1841 0.1274
vn 0.9547 0.2174 0.2032
vn 0.9547 0.2174 0.2031
vn 0.9547 0.2173 0.2032
vn 0.9547 0.2173 0.2031
vn 0.9198 0.0632 0.3872
vn 0.9199 0.0632 0.3871
vn 0.9199 0.0632 0.3870
vn 0.6544 0.7062 -0.2701
vn 0.6544 0.7062 -0.2702
vn -0.2866 0.9118 -0.2940
vn -0.2867 0.9118 -0.2940
vn 0.6916 -0.3007 0.6567
vn 0.6916 -0.3008 0.6566
vn 0.6916 -0.3008 0.6567
vn -0.4197 0.7253 0.5457
vn -0.4198 0.7253 0.5457
vn 0.7008 -0.3137 0.6407
vn 0.7008 -0.3136 0.6407
vn 0.7007 -0.3137 0.6408
vn 0.7008 -0.3137 0.6408
vn 0.7008 -0.3136 0.6408
vn 0.7007 -0.3136 0.6408
vn -0.9164 -0.4002 -0.0000
vn 0.9165 -0.4000 0.0001
vn 0.4969 0.8678 -0.0000
vn 0.4971 0.8677 -0.0000
vn -0.4969 0.8678 -0.0000
vn -0.4971 0.8677 -0.0000
vn -0.9164 0.4002 -0.0000
vn -0.9165 0.3999 -0.0000
vt 0.951339 0.648736
vt 0.953199 0.649197
vt 0.953902 0.651206
vt 0.952320 0.651014
vt 0.955050 0.649660
vt 0.955452 0.651416
vt 0.956900 0.650086
vt 0.957003 0.651595
vt 0.954605 0.653167
vt 0.953300 0.653277
vt 0.955858 0.653091
vt 0.957100 0.653011
vt 0.962516 0.652249
vt 0.961811 0.653996
vt 0.960187 0.653181
vt 0.960639 0.651535
vt 0.961106 0.655731
vt 0.959727 0.654777
vt 0.960428 0.657495
vt 0.959291 0.656399
vt 0.958598 0.652405
vt 0.958772 0.650830
vt 0.958409 0.653892
vt 0.958224 0.655371
vt 0.957726 0.662149
vt 0.956572 0.659941
vt 0.957493 0.658748
vt 0.958623 0.660586
vt 0.955427 0.657744
vt 0.956403 0.656941
vt 0.954254 0.655554
vt 0.955288 0.655141
vt 0.958379 0.657563
vt 0.959510 0.659027
vt 0.957316 0.656152
vt 0.956258 0.654753
vt 0.957194 0.654378
vt 0.948242 0.645752
vt 0.950378 0.646423
vt 0.949463 0.648315
vt 0.952515 0.647095
vt 0.954651 0.647766
vt 0.956787 0.648438
vt 0.950684 0.650879
vt 0.951904 0.653442
vt 0.953125 0.656006
vt 0.965332 0.651123
vt 0.964417 0.653015
vt 0.963196 0.650452
vt 0.963501 0.654907
vt 0.962585 0.656799
vt 0.961670 0.658691
vt 0.961060 0.649780
vt 0.958923 0.649109
vt 0.958008 0.666260
vt 0.956787 0.663696
vt 0.958923 0.664368
vt 0.955566 0.661133
vt 0.954346 0.658569
vt 0.959839 0.662476
vt 0.960754 0.660583
vt 0.952184 0.645865
vt 0.953992 0.645330
vt 0.955445 0.645958
vt 0.953992 0.646502
vt 0.955793 0.644801
vt 0.956880 0.645434
vt 0.957577 0.644255
vt 0.958301 0.644896
vt 0.956880 0.646564
vt 0.955793 0.647134
vt 0.957935 0.646029
vt 0.958980 0.645497
vt 0.963361 0.642990
vt 0.963483 0.644062
vt 0.961730 0.644342
vt 0.961432 0.643417
vt 0.963599 0.645127
vt 0.962002 0.645246
vt 0.963752 0.646195
vt 0.962304 0.646154
vt 0.960025 0.644625
vt 0.959515 0.643844
vt 0.960486 0.645373
vt 0.960947 0.646115
vt 0.963361 0.649377
vt 0.961432 0.648841
vt 0.961731 0.647933
vt 0.963483 0.648313
vt 0.959515 0.648304
vt 0.960025 0.647552
vt 0.957577 0.647783
vt 0.958301 0.647183
vt 0.962001 0.647044
vt 0.963599 0.647254
vt 0.960486 0.646831
vt 0.958980 0.646621
vt 0.959635 0.646078
vt 0.950378 0.645203
vt 0.952515 0.644653
vt 0.954651 0.644104
vt 0.956787 0.643555
vt 0.965332 0.641357
vt 0.965332 0.642578
vt 0.963196 0.641907
vt 0.965332 0.643799
vt 0.965332 0.645020
vt 0.965332 0.646240
vt 0.961060 0.642456
vt 0.958923 0.643005
vt 0.965332 0.649902
vt 0.965332 0.648682
vt 0.965332 0.647461
vt 0.950382 0.643781
vt 0.950426 0.642379
vt 0.952152 0.642151
vt 0.952301 0.643375
vt 0.950474 0.640985
vt 0.952028 0.640953
vt 0.950487 0.639585
vt 0.951873 0.639750
vt 0.953835 0.641913
vt 0.954208 0.642968
vt 0.953504 0.640906
vt 0.953172 0.639906
vt 0.951340 0.635478
vt 0.953115 0.636325
vt 0.952691 0.637481
vt 0.951064 0.636852
vt 0.954877 0.637170
vt 0.954274 0.638108
vt 0.956662 0.637997
vt 0.955876 0.638721
vt 0.952297 0.638617
vt 0.950793 0.638220
vt 0.953722 0.639011
vt 0.955139 0.639400
vt 0.961559 0.640907
vt 0.959741 0.641462
vt 0.958438 0.640534
vt 0.959917 0.639939
vt 0.957930 0.642011
vt 0.956980 0.641104
vt 0.956132 0.642584
vt 0.955533 0.641695
vt 0.957149 0.639636
vt 0.958280 0.638978
vt 0.956055 0.640250
vt 0.954970 0.640861
vt 0.954427 0.640055
vt 0.948425 0.644165
vt 0.948608 0.642578
vt 0.948792 0.640991
vt 0.948975 0.639404
vt 0.949707 0.633057
vt 0.951660 0.634094
vt 0.949524 0.634644
vt 0.953613 0.635132
vt 0.955566 0.636169
vt 0.957520 0.637207
vt 0.949341 0.636230
vt 0.949158 0.637817
vt 0.963379 0.640320
vt 0.961426 0.639282
vt 0.959473 0.638245
vt 0.953311 0.633592
vt 0.954964 0.633119
vt 0.956293 0.634034
vt 0.954964 0.634555
vt 0.956610 0.632652
vt 0.957604 0.633537
vt 0.958242 0.632163
vt 0.958904 0.633021
vt 0.957604 0.634921
vt 0.956610 0.635511
vt 0.958569 0.634372
vt 0.959524 0.633826
vt 0.963530 0.631197
vt 0.963641 0.632521
vt 0.962039 0.632687
vt 0.961766 0.631525
vt 0.963747 0.633838
vt 0.962287 0.633823
vt 0.963887 0.635161
vt 0.962564 0.634965
vt 0.960480 0.632863
vt 0.960014 0.631854
vt 0.960901 0.633825
vt 0.961322 0.634781
vt 0.963530 0.639020
vt 0.961766 0.638168
vt 0.962039 0.637087
vt 0.963641 0.637729
vt 0.960014 0.637319
vt 0.960480 0.636448
vt 0.958242 0.636485
vt 0.958904 0.635823
vt 0.962287 0.636025
vt 0.963747 0.636444
vt 0.960901 0.635611
vt 0.959524 0.635202
vt 0.960124 0.634603
vt 0.951660 0.632599
vt 0.953613 0.632141
vt 0.955566 0.631683
vt 0.957520 0.631226
vt 0.965332 0.629395
vt 0.965332 0.630890
vt 0.963379 0.629852
vt 0.965332 0.632385
vt 0.965332 0.633881
vt 0.965332 0.635376
vt 0.961426 0.630310
vt 0.959473 0.630768
vt 0.965332 0.639862
vt 0.965332 0.638367
vt 0.965332 0.636871
vt 0.962404 0.628972
vt 0.960709 0.629438
vt 0.959981 0.628623
vt 0.961412 0.628119
vt 0.959023 0.629898
vt 0.958577 0.629104
vt 0.957339 0.630379
vt 0.957173 0.629604
vt 0.959254 0.627834
vt 0.960423 0.627273
vt 0.958132 0.628356
vt 0.957018 0.628876
vt 0.952185 0.631367
vt 0.952735 0.630153
vt 0.954235 0.629970
vt 0.953907 0.631032
vt 0.953286 0.628946
vt 0.954572 0.628931
vt 0.953811 0.627733
vt 0.954886 0.627888
vt 0.955701 0.629778
vt 0.955620 0.630696
vt 0.955799 0.628903
vt 0.955895 0.628033
vt 0.956017 0.624182
vt 0.957161 0.624931
vt 0.956390 0.625929
vt 0.955286 0.625370
vt 0.958296 0.625678
vt 0.957457 0.626486
vt 0.959456 0.626410
vt 0.958546 0.627030
vt 0.955650 0.626909
vt 0.954562 0.626553
vt 0.956674 0.627263
vt 0.957693 0.627612
vt 0.956869 0.628174
vt 0.964111 0.628479
vt 0.962891 0.627563
vt 0.961670 0.626648
vt 0.960449 0.625732
vt 0.950439 0.631683
vt 0.951172 0.630310
vt 0.951904 0.628937
vt 0.952637 0.627563
vt 0.955566 0.622070
vt 0.956787 0.622986
vt 0.954834 0.623444
vt 0.958008 0.623901
vt 0.959229 0.624817
vt 0.954102 0.624817
vt 0.953369 0.626190
vt 0.958382 0.622155
vt 0.959966 0.621358
vt 0.960711 0.622225
vt 0.959380 0.623029
vt 0.961543 0.620569
vt 0.962018 0.621451
vt 0.963116 0.619757
vt 0.963323 0.620656
vt 0.961454 0.623060
vt 0.960376 0.623895
vt 0.962490 0.622278
vt 0.963517 0.621500
vt 0.967962 0.617844
vt 0.967515 0.619368
vt 0.966099 0.619800
vt 0.966343 0.618489
vt 0.967067 0.620884
vt 0.965844 0.621085
vt 0.966644 0.622403
vt 0.965611 0.622372
vt 0.964714 0.620238
vt 0.964734 0.619134
vt 0.964676 0.621294
vt 0.964641 0.622343
vt 0.964769 0.626945
vt 0.963632 0.626217
vt 0.964303 0.624919
vt 0.965390 0.625426
vt 0.962503 0.625490
vt 0.963251 0.624408
vt 0.961352 0.624784
vt 0.962179 0.623916
vt 0.964945 0.623646
vt 0.966003 0.623915
vt 0.963947 0.623371
vt 0.962955 0.623101
vt 0.963704 0.622314
vt 0.957397 0.621246
vt 0.959229 0.620422
vt 0.961060 0.619598
vt 0.962891 0.618774
vt 0.970215 0.615479
vt 0.969604 0.617218
vt 0.968384 0.616302
vt 0.968994 0.618958
vt 0.968384 0.620697
vt 0.967773 0.622437
vt 0.966553 0.617126
vt 0.964722 0.617950
vt 0.965942 0.627655
vt 0.966553 0.625916
vt 0.967163 0.624176
vt 0.958382 0.620043
vt 0.959380 0.618850
vt 0.960711 0.618366
vt 0.959966 0.619377
vt 0.960376 0.617662
vt 0.961454 0.617374
vt 0.961352 0.616476
vt 0.962179 0.616383
vt 0.962018 0.617882
vt 0.961543 0.618712
vt 0.962490 0.617086
vt 0.962955 0.616295
vt 0.964769 0.612858
vt 0.965390 0.613276
vt 0.964303 0.614325
vt 0.963632 0.614067
vt 0.966003 0.613694
vt 0.964945 0.614590
vt 0.966644 0.614094
vt 0.965611 0.614838
vt 0.963251 0.615352
vt 0.962503 0.615269
vt 0.963947 0.615446
vt 0.964641 0.615537
vt 0.967962 0.615732
vt 0.966343 0.616507
vt 0.966099 0.615942
vt 0.967515 0.615189
vt 0.964734 0.617277
vt 0.964714 0.616669
vt 0.963116 0.618063
vt 0.963323 0.617412
vt 0.965844 0.615399
vt 0.967067 0.614651
vt 0.964676 0.616102
vt 0.963517 0.616801
vt 0.963704 0.616211
vt 0.956787 0.620697
vt 0.958008 0.619324
vt 0.959229 0.617950
vt 0.960449 0.616577
vt 0.965332 0.611084
vt 0.965942 0.611633
vt 0.964111 0.612457
vt 0.966553 0.612183
vt 0.967163 0.612732
vt 0.967773 0.613281
vt 0.962891 0.613831
vt 0.961670 0.615204
vt 0.969604 0.614929
vt 0.968994 0.614380
vt 0.968384 0.613831
vt 0.972657 0.603890
vt 0.972278 0.605445
vt 0.971446 0.606219
vt 0.971692 0.604917
vt 0.971900 0.606992
vt 0.971195 0.607498
vt 0.971536 0.608536
vt 0.970957 0.608774
vt 0.970631 0.606990
vt 0.970733 0.605942
vt 0.970521 0.607998
vt 0.970414 0.608997
vt 0.970102 0.613310
vt 0.969523 0.612917
vt 0.970009 0.611517
vt 0.970578 0.611716
vt 0.968949 0.612522
vt 0.969460 0.611307
vt 0.968361 0.612152
vt 0.968898 0.611118
vt 0.970476 0.610149
vt 0.971049 0.610130
vt 0.969938 0.610148
vt 0.969402 0.610149
vt 0.966909 0.610436
vt 0.967866 0.609275
vt 0.968213 0.609901
vt 0.967398 0.611004
vt 0.968819 0.608123
vt 0.969013 0.608832
vt 0.969772 0.606948
vt 0.969813 0.607745
vt 0.968561 0.610498
vt 0.967886 0.611564
vt 0.969209 0.609492
vt 0.969852 0.608491
vt 0.969889 0.609212
vt 0.974121 0.601074
vt 0.973633 0.602875
vt 0.973022 0.602325
vt 0.973145 0.604675
vt 0.972656 0.606476
vt 0.972168 0.608276
vt 0.971924 0.603577
vt 0.970825 0.604828
vt 0.969727 0.606079
vt 0.970703 0.613678
vt 0.971191 0.611877
vt 0.971680 0.610077
vt 0.966431 0.609833
vt 0.967529 0.608582
vt 0.968628 0.607330
vt 0.971397 0.612297
vt 0.971793 0.610764
vt 0.972376 0.609665
vt 0.972086 0.610911
vt 0.972188 0.609238
vt 0.972665 0.608436
vt 0.972574 0.607723
vt 0.972947 0.607217
vt 0.972947 0.608577
vt 0.972772 0.609530
vt 0.973123 0.607655
vt 0.973296 0.606741
vt 0.973952 0.602876
vt 0.974256 0.602912
vt 0.973812 0.604367
vt 0.973494 0.604494
vt 0.974556 0.602951
vt 0.974118 0.604260
vt 0.974868 0.602960
vt 0.974433 0.604129
vt 0.973384 0.605785
vt 0.973039 0.606101
vt 0.973706 0.605505
vt 0.974026 0.605224
vt 0.975549 0.603675
vt 0.974850 0.605172
vt 0.974710 0.604816
vt 0.975318 0.603443
vt 0.974154 0.606658
vt 0.974115 0.606151
vt 0.973456 0.608164
vt 0.973518 0.607503
vt 0.974567 0.604485
vt 0.975088 0.603217
vt 0.974070 0.605687
vt 0.973577 0.606882
vt 0.973633 0.606283
vt 0.971008 0.613831
vt 0.971802 0.612183
vt 0.972595 0.610535
vt 0.973389 0.608887
vt 0.974426 0.601227
vt 0.974731 0.601379
vt 0.975037 0.601532
vt 0.975342 0.601685
vt 0.976562 0.602295
vt 0.975769 0.603943
vt 0.976257 0.602142
vt 0.974976 0.605591
vt 0.974182 0.607239
vt 0.975952 0.601990
vt 0.975647 0.601837
vt 0.975360 0.599554
vt 0.976280 0.597919
vt 0.976385 0.598296
vt 0.975577 0.599794
vt 0.977194 0.596295
vt 0.977175 0.596839
vt 0.978113 0.594651
vt 0.977969 0.595364
vt 0.976497 0.598646
vt 0.975794 0.600029
vt 0.977167 0.597336
vt 0.977833 0.596034
vt 0.980789 0.590133
vt 0.980186 0.591795
vt 0.979438 0.592998
vt 0.979893 0.591648
vt 0.979585 0.593449
vt 0.978985 0.594329
vt 0.978995 0.595092
vt 0.978541 0.595650
vt 0.978702 0.594188
vt 0.979002 0.593158
vt 0.978406 0.595186
vt 0.978114 0.596174
vt 0.976957 0.600352
vt 0.976639 0.600325
vt 0.977283 0.598745
vt 0.977636 0.598597
vt 0.976326 0.600295
vt 0.976946 0.598871
vt 0.975997 0.600296
vt 0.976596 0.599024
vt 0.977906 0.597205
vt 0.978309 0.596853
vt 0.977532 0.597518
vt 0.977159 0.597832
vt 0.977702 0.596680
vt 0.975159 0.599274
vt 0.976196 0.597473
vt 0.977234 0.595673
vt 0.978271 0.593872
vt 0.982422 0.586670
vt 0.981689 0.588623
vt 0.981384 0.588470
vt 0.980957 0.590576
vt 0.980225 0.592529
vt 0.979492 0.594482
vt 0.980347 0.590271
vt 0.979309 0.592072
vt 0.977295 0.600342
vt 0.978027 0.598389
vt 0.978760 0.596436
vt 0.977576 0.600577
vt 0.978217 0.598808
vt 0.978415 0.599156
vt 0.977865 0.600771
vt 0.978854 0.597051
vt 0.978953 0.597585
vt 0.979492 0.595273
vt 0.979492 0.595996
vt 0.978614 0.599477
vt 0.978154 0.600959
vt 0.979055 0.598072
vt 0.979492 0.596675
vt 0.981408 0.590358
vt 0.981119 0.592094
vt 0.980570 0.593410
vt 0.980768 0.592006
vt 0.980830 0.593823
vt 0.980370 0.594795
vt 0.980551 0.595537
vt 0.980178 0.596168
vt 0.980031 0.594710
vt 0.980130 0.593647
vt 0.979929 0.595739
vt 0.979829 0.596759
vt 0.979492 0.601057
vt 0.979141 0.601090
vt 0.979492 0.599426
vt 0.979844 0.599215
vt 0.978792 0.601119
vt 0.979153 0.599612
vt 0.978434 0.601182
vt 0.978806 0.599828
vt 0.979831 0.597805
vt 0.980192 0.597385
vt 0.979492 0.598181
vt 0.979155 0.598558
vt 0.979492 0.597331
vt 0.976929 0.602386
vt 0.977295 0.602478
vt 0.977661 0.602570
vt 0.978027 0.602661
vt 0.982056 0.588715
vt 0.981689 0.590759
vt 0.981323 0.592804
vt 0.980957 0.594849
vt 0.979492 0.603027
vt 0.979126 0.602936
vt 0.979858 0.600983
vt 0.978760 0.602844
vt 0.978394 0.602753
vt 0.980225 0.598938
vt 0.980591 0.596893
vt 0.980224 0.601028
vt 0.980531 0.599189
vt 0.980830 0.599374
vt 0.980589 0.601034
vt 0.980836 0.597361
vt 0.981068 0.597757
vt 0.981138 0.595515
vt 0.981303 0.596125
vt 0.981125 0.599536
vt 0.980953 0.601036
vt 0.981292 0.598112
vt 0.981458 0.596697
vt 0.982140 0.590330
vt 0.982216 0.591950
vt 0.981907 0.593358
vt 0.981806 0.592067
vt 0.982291 0.593564
vt 0.982003 0.594634
vt 0.982373 0.595162
vt 0.982104 0.595896
vt 0.981607 0.594747
vt 0.981474 0.593798
vt 0.981730 0.595670
vt 0.981852 0.596584
vt 0.982460 0.600390
vt 0.982077 0.600609
vt 0.982087 0.599015
vt 0.982429 0.598646
vt 0.981697 0.600823
vt 0.981754 0.599357
vt 0.981314 0.601071
vt 0.981417 0.599728
vt 0.982092 0.597465
vt 0.982397 0.596915
vt 0.981802 0.597966
vt 0.981514 0.598467
vt 0.981608 0.597249
vt 0.979919 0.602905
vt 0.980347 0.602783
vt 0.980774 0.602661
vt 0.981201 0.602539
vt 0.982483 0.588593
vt 0.982544 0.590515
vt 0.982605 0.592438
vt 0.982666 0.594360
vt 0.982910 0.602051
vt 0.982483 0.602173
vt 0.982849 0.600128
vt 0.982056 0.602295
vt 0.981628 0.602417
vt 0.982788 0.598206
vt 0.982727 0.596283
vt 0.983135 0.600164
vt 0.983063 0.598435
vt 0.983322 0.598604
vt 0.983415 0.600164
vt 0.982992 0.596716
vt 0.983234 0.597084
vt 0.982914 0.594981
vt 0.983142 0.595550
vt 0.983573 0.598750
vt 0.983692 0.600158
vt 0.983464 0.597412
vt 0.983355 0.596083
vt 0.982816 0.590105
vt 0.983143 0.591622
vt 0.983142 0.592947
vt 0.982850 0.591739
vt 0.983469 0.593133
vt 0.983427 0.594141
vt 0.983796 0.594629
vt 0.983714 0.595321
vt 0.983144 0.594253
vt 0.982885 0.593366
vt 0.983391 0.595116
vt 0.983636 0.595971
vt 0.984732 0.599526
vt 0.984477 0.599738
vt 0.984220 0.598244
vt 0.984419 0.597893
vt 0.984223 0.599945
vt 0.984022 0.598570
vt 0.983973 0.600185
vt 0.983828 0.598924
vt 0.983966 0.596791
vt 0.984107 0.596270
vt 0.983828 0.597266
vt 0.983692 0.597741
vt 0.983561 0.596598
vt 0.983215 0.601929
vt 0.983521 0.601807
vt 0.983826 0.601685
vt 0.984131 0.601562
vt 0.982788 0.588470
vt 0.983154 0.590271
vt 0.983521 0.592072
vt 0.983887 0.593872
vt 0.985352 0.601074
vt 0.985046 0.601196
vt 0.984985 0.599274
vt 0.984741 0.601318
vt 0.984436 0.601440
vt 0.984619 0.597473
vt 0.984253 0.595673
vt 0.988451 0.609451
vt 0.987710 0.608425
vt 0.987379 0.607495
vt 0.988003 0.608308
vt 0.986973 0.607403
vt 0.986767 0.606690
vt 0.986238 0.606392
vt 0.986155 0.605896
vt 0.987049 0.606577
vt 0.987557 0.607169
vt 0.986561 0.606001
vt 0.986078 0.605430
vt 0.983980 0.603064
vt 0.984207 0.602885
vt 0.984865 0.603903
vt 0.984735 0.604174
vt 0.984434 0.602709
vt 0.985001 0.603651
vt 0.984650 0.602511
vt 0.985126 0.603379
vt 0.985509 0.604893
vt 0.985485 0.605276
vt 0.985541 0.604543
vt 0.985572 0.604194
vt 0.985577 0.602426
vt 0.986090 0.603632
vt 0.985763 0.603544
vt 0.985270 0.602460
vt 0.986600 0.604830
vt 0.986240 0.604600
vt 0.987120 0.606039
vt 0.986727 0.605667
vt 0.985450 0.603471
vt 0.984966 0.602496
vt 0.985906 0.604397
vt 0.986359 0.605318
vt 0.986003 0.604980
vt 0.989746 0.611816
vt 0.988892 0.610596
vt 0.989197 0.610474
vt 0.988037 0.609375
vt 0.987183 0.608154
vt 0.986328 0.606934
vt 0.988647 0.609131
vt 0.988098 0.607788
vt 0.987549 0.606445
vt 0.983765 0.603271
vt 0.984619 0.604492
vt 0.985474 0.605713
vt 0.985901 0.602417
vt 0.986450 0.603760
vt 0.987000 0.605103
vt 0.983811 0.604754
vt 0.984576 0.605759
vt 0.984557 0.606990
vt 0.983873 0.606228
vt 0.985336 0.606761
vt 0.985223 0.607748
vt 0.986102 0.607746
vt 0.985896 0.608491
vt 0.984546 0.608200
vt 0.983936 0.607695
vt 0.985126 0.608697
vt 0.985702 0.609189
vt 0.988282 0.611141
vt 0.987669 0.611651
vt 0.987071 0.610582
vt 0.987552 0.610010
vt 0.987058 0.612155
vt 0.986594 0.611126
vt 0.986455 0.612686
vt 0.986124 0.611693
vt 0.986481 0.609545
vt 0.986825 0.608889
vt 0.986146 0.610155
vt 0.985814 0.610762
vt 0.984450 0.613695
vt 0.984298 0.612180
vt 0.984916 0.612018
vt 0.985118 0.613352
vt 0.984149 0.610673
vt 0.984725 0.610716
vt 0.983986 0.609158
vt 0.984523 0.609406
vt 0.985516 0.611845
vt 0.985782 0.613006
vt 0.985271 0.610738
vt 0.985027 0.609639
vt 0.985514 0.609863
vt 0.983032 0.603760
vt 0.983154 0.605469
vt 0.983276 0.607178
vt 0.983398 0.608887
vt 0.989014 0.612305
vt 0.988281 0.612793
vt 0.987549 0.613281
vt 0.986816 0.613770
vt 0.983887 0.615723
vt 0.983765 0.614014
vt 0.984619 0.615234
vt 0.983643 0.612305
vt 0.983521 0.610596
vt 0.985352 0.614746
vt 0.986084 0.614258
vt 0.989690 0.613618
vt 0.990338 0.614914
vt 0.989643 0.615109
vt 0.988990 0.613976
vt 0.990980 0.616201
vt 0.990272 0.616217
vt 0.991641 0.617495
vt 0.990918 0.617330
vt 0.988973 0.615313
vt 0.988296 0.614335
vt 0.989608 0.616247
vt 0.990239 0.617175
vt 0.993203 0.621283
vt 0.991973 0.620484
vt 0.991619 0.619419
vt 0.992676 0.620015
vt 0.990750 0.619687
vt 0.990583 0.618825
vt 0.989524 0.618906
vt 0.989545 0.618245
vt 0.991261 0.618374
vt 0.992150 0.618754
vt 0.990409 0.617997
vt 0.989565 0.617624
vt 0.985858 0.616173
vt 0.986439 0.615677
vt 0.987488 0.616546
vt 0.987084 0.617083
vt 0.987020 0.615185
vt 0.987895 0.616032
vt 0.987584 0.614673
vt 0.988287 0.615500
vt 0.988516 0.617387
vt 0.988304 0.617986
vt 0.988733 0.616830
vt 0.988947 0.616276
vt 0.989583 0.617025
vt 0.990417 0.613281
vt 0.991089 0.614746
vt 0.991760 0.616211
vt 0.992432 0.617676
vt 0.995117 0.623535
vt 0.993713 0.622559
vt 0.994446 0.622070
vt 0.992310 0.621582
vt 0.990906 0.620605
vt 0.989502 0.619629
vt 0.993774 0.620605
vt 0.993103 0.619141
vt 0.985291 0.616699
vt 0.986694 0.617676
vt 0.988098 0.618652
vt 0.985238 0.618229
vt 0.986503 0.619011
vt 0.986356 0.620302
vt 0.985213 0.619744
vt 0.987759 0.619793
vt 0.987469 0.620861
vt 0.989028 0.620555
vt 0.988594 0.621403
vt 0.986227 0.621567
vt 0.985192 0.621252
vt 0.987210 0.621884
vt 0.988186 0.622198
vt 0.992583 0.623338
vt 0.991450 0.624083
vt 0.990487 0.623175
vt 0.991392 0.622413
vt 0.990322 0.624820
vt 0.989593 0.623908
vt 0.989204 0.625582
vt 0.988708 0.624662
vt 0.989536 0.622299
vt 0.990205 0.621495
vt 0.988886 0.623050
vt 0.988243 0.623799
vt 0.985558 0.627330
vt 0.985426 0.625802
vt 0.986536 0.625420
vt 0.986774 0.626740
vt 0.985298 0.624283
vt 0.986317 0.624128
vt 0.985147 0.622760
vt 0.986077 0.622832
vt 0.987616 0.625031
vt 0.987982 0.626150
vt 0.987283 0.623962
vt 0.986950 0.622900
vt 0.987793 0.622966
vt 0.983948 0.617462
vt 0.984009 0.619202
vt 0.984070 0.620941
vt 0.984131 0.622681
vt 0.993774 0.624298
vt 0.992432 0.625061
vt 0.991089 0.625824
vt 0.989746 0.626587
vt 0.984375 0.629639
vt 0.984314 0.627899
vt 0.985718 0.628876
vt 0.984253 0.626160
vt 0.984192 0.624420
vt 0.987061 0.628113
vt 0.988403 0.627350
vt 0.983155 0.617412
vt 0.983258 0.618978
vt 0.982549 0.618810
vt 0.982379 0.617396
vt 0.983360 0.620534
vt 0.982706 0.620187
vt 0.983476 0.622105
vt 0.982876 0.621578
vt 0.981859 0.618662
vt 0.981609 0.617383
vt 0.982087 0.619877
vt 0.982314 0.621083
vt 0.983474 0.626513
vt 0.982651 0.625124
vt 0.982729 0.623928
vt 0.983471 0.625036
vt 0.981832 0.623740
vt 0.982005 0.622833
vt 0.981006 0.622370
vt 0.981275 0.621749
vt 0.982796 0.622748
vt 0.983466 0.623565
vt 0.982160 0.621954
vt 0.981527 0.621167
vt 0.978684 0.617891
vt 0.979403 0.617715
vt 0.980035 0.619079
vt 0.979462 0.619385
vt 0.980120 0.617543
vt 0.980601 0.618797
vt 0.980830 0.617342
vt 0.981161 0.618490
vt 0.980657 0.620406
vt 0.980237 0.620868
vt 0.981066 0.619986
vt 0.981471 0.619566
vt 0.981771 0.620605
vt 0.983032 0.615814
vt 0.982178 0.615906
vt 0.981323 0.615997
vt 0.980469 0.616089
vt 0.983459 0.627991
vt 0.982544 0.626343
vt 0.981628 0.624695
vt 0.980713 0.623047
vt 0.977051 0.616455
vt 0.977905 0.616364
vt 0.977966 0.618103
vt 0.978760 0.616272
vt 0.979614 0.616180
vt 0.978882 0.619751
vt 0.979797 0.621399
vt 0.978515 0.614709
vt 0.979128 0.613088
vt 0.979726 0.613265
vt 0.979245 0.614729
vt 0.979739 0.611478
vt 0.980203 0.611839
vt 0.980342 0.609851
vt 0.980673 0.610399
vt 0.980316 0.613420
vt 0.979972 0.614745
vt 0.980651 0.612163
vt 0.980983 0.610913
vt 0.982347 0.605289
vt 0.982499 0.606730
vt 0.981881 0.607967
vt 0.981679 0.606818
vt 0.982648 0.608165
vt 0.982072 0.609104
vt 0.982811 0.609587
vt 0.982274 0.610228
vt 0.981281 0.609188
vt 0.981015 0.608341
vt 0.981526 0.610013
vt 0.981770 0.610829
vt 0.982986 0.614230
vt 0.982221 0.614410
vt 0.982240 0.612996
vt 0.982924 0.612682
vt 0.981461 0.614585
vt 0.981574 0.613286
vt 0.980695 0.614791
vt 0.980901 0.613602
vt 0.982251 0.611620
vt 0.982861 0.611143
vt 0.981671 0.612053
vt 0.981095 0.612487
vt 0.981283 0.611410
vt 0.977783 0.614655
vt 0.978516 0.612854
vt 0.979248 0.611053
vt 0.979980 0.609253
vt 0.982178 0.603851
vt 0.981445 0.605652
vt 0.980713 0.607452
vt 0.974384 0.626485
vt 0.973871 0.624980
vt 0.974198 0.623876
vt 0.974691 0.625098
vt 0.973361 0.623482
vt 0.973720 0.622672
vt 0.972841 0.621994
vt 0.973234 0.621477
vt 0.974511 0.622785
vt 0.974995 0.623715
vt 0.974056 0.621885
vt 0.973603 0.620992
vt 0.971510 0.617224
vt 0.972251 0.617234
vt 0.972582 0.618668
vt 0.971957 0.618816
vt 0.972987 0.617247
vt 0.973194 0.618541
vt 0.973723 0.617231
vt 0.973806 0.618389
vt 0.972912 0.620066
vt 0.972404 0.620397
vt 0.973400 0.619771
vt 0.973884 0.619475
vt 0.975981 0.617863
vt 0.975754 0.619358
vt 0.975096 0.619028
vt 0.975227 0.617659
vt 0.975527 0.620843
vt 0.974960 0.620359
vt 0.975311 0.622347
vt 0.974835 0.621706
vt 0.974452 0.618721
vt 0.974476 0.617460
vt 0.974420 0.619917
vt 0.974389 0.621105
vt 0.973958 0.620524
vt 0.974609 0.629639
vt 0.974060 0.627869
vt 0.974915 0.627991
vt 0.973511 0.626099
vt 0.972961 0.624329
vt 0.972412 0.622559
vt 0.975220 0.626343
vt 0.975525 0.624695
vt 0.975830 0.623047
vt 0.971069 0.615601
vt 0.970764 0.617249
vt 0.971924 0.615723
vt 0.972778 0.615845
vt 0.973633 0.615967
vt 0.971313 0.619019
vt 0.971863 0.620789
vt 0.976746 0.618103
vt 0.976196 0.616333
vt 0.976440 0.619751
vt 0.976135 0.621399
vt 0.975342 0.616211
vt 0.974487 0.616089
vt 0.976017 0.628118
vt 0.976223 0.626630
vt 0.977182 0.626860
vt 0.977102 0.628212
vt 0.976431 0.625151
vt 0.977271 0.625545
vt 0.976620 0.623657
vt 0.977344 0.624215
vt 0.978118 0.627069
vt 0.978181 0.628302
vt 0.978071 0.625900
vt 0.978023 0.624738
vt 0.977614 0.619496
vt 0.978458 0.620890
vt 0.978080 0.622012
vt 0.977286 0.620890
vt 0.979296 0.622280
vt 0.978849 0.623118
vt 0.980148 0.623657
vt 0.979631 0.624215
vt 0.977720 0.623118
vt 0.976963 0.622280
vt 0.978435 0.623932
vt 0.979147 0.624738
vt 0.982404 0.628118
vt 0.981354 0.628212
vt 0.980774 0.626860
vt 0.981647 0.626630
vt 0.980308 0.628301
vt 0.979915 0.627069
vt 0.979266 0.628419
vt 0.979060 0.627303
vt 0.980197 0.625545
vt 0.980891 0.625151
vt 0.979529 0.625900
vt 0.978866 0.626256
vt 0.978678 0.625244
vt 0.975830 0.629639
vt 0.977051 0.629639
vt 0.978271 0.629639
vt 0.979492 0.629639
vt 0.983154 0.629639
vt 0.981934 0.629639
vt 0.980713 0.629639
vt 0.971735 0.614071
vt 0.972403 0.612575
vt 0.972993 0.612906
vt 0.972462 0.614275
vt 0.973069 0.611090
vt 0.973518 0.611575
vt 0.973727 0.609587
vt 0.974037 0.610228
vt 0.973575 0.613213
vt 0.973186 0.614474
vt 0.973953 0.612017
vt 0.974328 0.610829
vt 0.975887 0.605448
vt 0.975987 0.606953
vt 0.975328 0.608057
vt 0.975167 0.606836
vt 0.976085 0.608452
vt 0.975477 0.609261
vt 0.976197 0.609939
vt 0.975639 0.610456
vt 0.974686 0.609149
vt 0.974451 0.608219
vt 0.974901 0.610049
vt 0.975115 0.610941
vt 0.976206 0.614709
vt 0.975438 0.614700
vt 0.975507 0.613265
vt 0.976200 0.613118
vt 0.974674 0.614686
vt 0.974833 0.613392
vt 0.973904 0.614702
vt 0.974152 0.613544
vt 0.975567 0.611867
vt 0.976191 0.611536
vt 0.974974 0.612163
vt 0.974385 0.612458
vt 0.974609 0.611410
vt 0.976624 0.604065
vt 0.976685 0.605835
vt 0.976746 0.607605
vt 0.976807 0.609375
vt 0.976990 0.614685
vt 0.976929 0.612915
vt 0.976868 0.611145
vt 0.977276 0.613273
vt 0.977203 0.611770
vt 0.977462 0.610641
vt 0.977555 0.611858
vt 0.977132 0.610273
vt 0.977375 0.609441
vt 0.977055 0.608788
vt 0.977283 0.608250
vt 0.977714 0.609526
vt 0.977832 0.610448
vt 0.977605 0.608632
vt 0.977496 0.607746
vt 0.976957 0.604012
vt 0.977284 0.603994
vt 0.977283 0.605433
vt 0.976991 0.605606
vt 0.977609 0.603980
vt 0.977568 0.605282
vt 0.977937 0.603937
vt 0.977854 0.605105
vt 0.977285 0.606835
vt 0.977026 0.607189
vt 0.977532 0.606518
vt 0.977777 0.606201
vt 0.978873 0.604491
vt 0.978618 0.606013
vt 0.978360 0.605703
vt 0.978559 0.604313
vt 0.978364 0.607524
vt 0.978163 0.607054
vt 0.978113 0.609053
vt 0.977969 0.608422
vt 0.978107 0.605417
vt 0.978247 0.604140
vt 0.977969 0.606627
vt 0.977833 0.607830
vt 0.977702 0.607259
vt 0.977356 0.614777
vt 0.977661 0.613098
vt 0.977966 0.611420
vt 0.978271 0.609741
vt 0.979187 0.604706
vt 0.978882 0.606384
vt 0.978577 0.608063
vt 0.981840 0.603825
vt 0.981203 0.605444
vt 0.980955 0.605292
vt 0.981496 0.603832
vt 0.980569 0.607053
vt 0.980424 0.606714
vt 0.979935 0.608677
vt 0.979894 0.608150
vt 0.980707 0.605161
vt 0.981152 0.603844
vt 0.980279 0.606412
vt 0.979855 0.607655
vt 0.978008 0.613245
vt 0.978242 0.611832
vt 0.978800 0.610590
vt 0.978652 0.611715
vt 0.978476 0.610423
vt 0.978951 0.609478
vt 0.978700 0.609030
vt 0.979093 0.608379
vt 0.979346 0.609365
vt 0.979293 0.610190
vt 0.979405 0.608563
vt 0.979462 0.607768
vt 0.979605 0.604463
vt 0.980008 0.604258
vt 0.979698 0.605651
vt 0.979305 0.605986
vt 0.980408 0.604057
vt 0.980078 0.605341
vt 0.980817 0.603826
vt 0.980466 0.605005
vt 0.979400 0.607007
vt 0.979008 0.607499
vt 0.979769 0.606558
vt 0.980136 0.606110
vt 0.979818 0.607178
vt 0.981746 0.638654
vt 0.980850 0.637415
vt 0.981187 0.636418
vt 0.982022 0.637415
vt 0.979961 0.636180
vt 0.980376 0.635435
vt 0.979058 0.634956
vt 0.979554 0.634460
vt 0.981506 0.635435
vt 0.982294 0.636180
vt 0.980760 0.634711
vt 0.980019 0.633994
vt 0.976637 0.630990
vt 0.977684 0.630907
vt 0.978314 0.632108
vt 0.977449 0.632313
vt 0.978726 0.630827
vt 0.979165 0.631922
vt 0.979763 0.630722
vt 0.980011 0.631715
vt 0.978939 0.633278
vt 0.978259 0.633627
vt 0.979594 0.632962
vt 0.980244 0.632646
vt 0.983024 0.630990
vt 0.982872 0.632313
vt 0.981905 0.632108
vt 0.981935 0.630907
vt 0.982720 0.633627
vt 0.981865 0.633278
vt 0.982586 0.634956
vt 0.981841 0.634460
vt 0.980962 0.631922
vt 0.980853 0.630827
vt 0.981052 0.632962
vt 0.981143 0.633994
vt 0.980469 0.633545
vt 0.982422 0.641357
vt 0.981445 0.639893
vt 0.982666 0.639893
vt 0.980469 0.638428
vt 0.979492 0.636963
vt 0.978516 0.635498
vt 0.982910 0.638428
vt 0.983154 0.636963
vt 0.983398 0.635498
vt 0.975586 0.631104
vt 0.976562 0.632568
vt 0.977539 0.634033
vt 0.984131 0.631104
vt 0.983887 0.632568
vt 0.983643 0.634033
vt 0.970159 0.618716
vt 0.970689 0.620216
vt 0.970112 0.621395
vt 0.969576 0.620187
vt 0.971215 0.621710
vt 0.970628 0.622588
vt 0.971757 0.623191
vt 0.971158 0.623770
vt 0.969555 0.622560
vt 0.968999 0.621651
vt 0.970076 0.623440
vt 0.970595 0.624313
vt 0.973033 0.627977
vt 0.972017 0.628051
vt 0.971728 0.626603
vt 0.972602 0.626381
vt 0.971006 0.628119
vt 0.970872 0.626803
vt 0.969993 0.628218
vt 0.970014 0.627029
vt 0.971437 0.625194
vt 0.972172 0.624794
vt 0.970732 0.625554
vt 0.970033 0.625914
vt 0.966965 0.627818
vt 0.967450 0.626245
vt 0.968316 0.626513
vt 0.967978 0.627944
vt 0.967935 0.624683
vt 0.968656 0.625121
vt 0.968406 0.623103
vt 0.968985 0.623713
vt 0.969165 0.626758
vt 0.968985 0.628066
vt 0.969347 0.625517
vt 0.969528 0.624285
vt 0.970052 0.624837
vt 0.973450 0.629608
vt 0.972290 0.629578
vt 0.971130 0.629547
vt 0.969971 0.629517
vt 0.966492 0.629425
vt 0.967651 0.629456
vt 0.968811 0.629486
vt 0.972788 0.636936
vt 0.971844 0.635901
vt 0.972089 0.635096
vt 0.972957 0.635930
vt 0.970906 0.634870
vt 0.971245 0.634272
vt 0.969957 0.633848
vt 0.970391 0.633456
vt 0.972318 0.634300
vt 0.973123 0.634929
vt 0.971556 0.633691
vt 0.970798 0.633087
vt 0.967359 0.630549
vt 0.968348 0.630507
vt 0.969036 0.631504
vt 0.968230 0.631650
vt 0.969332 0.630468
vt 0.969831 0.631374
vt 0.970309 0.630409
vt 0.970620 0.631225
vt 0.969718 0.632475
vt 0.969098 0.632743
vt 0.970317 0.632233
vt 0.970910 0.631991
vt 0.973427 0.630709
vt 0.973383 0.631785
vt 0.972448 0.631594
vt 0.972386 0.630613
vt 0.973336 0.632855
vt 0.972498 0.632548
vt 0.973308 0.633937
vt 0.972564 0.633513
vt 0.971538 0.631418
vt 0.971352 0.630521
vt 0.971702 0.632270
vt 0.971866 0.633115
vt 0.971191 0.632731
vt 0.973633 0.639160
vt 0.972595 0.637939
vt 0.973755 0.637970
vt 0.971558 0.636719
vt 0.970520 0.635498
vt 0.969482 0.634277
vt 0.973877 0.636780
vt 0.973999 0.635590
vt 0.974121 0.634399
vt 0.966370 0.630615
vt 0.967407 0.631836
vt 0.968445 0.633057
vt 0.974487 0.630829
vt 0.974365 0.632019
vt 0.974243 0.633209
vt 0.975398 0.632088
vt 0.976287 0.633344
vt 0.976050 0.634115
vt 0.975232 0.633080
vt 0.977170 0.634593
vt 0.976845 0.635133
vt 0.978064 0.635837
vt 0.977651 0.636147
vt 0.975829 0.634879
vt 0.975069 0.634068
vt 0.976548 0.635662
vt 0.977263 0.636438
vt 0.980507 0.639753
vt 0.979571 0.639588
vt 0.978923 0.638425
vt 0.979688 0.638445
vt 0.978638 0.639421
vt 0.978170 0.638391
vt 0.977711 0.639277
vt 0.977422 0.638377
vt 0.978283 0.637290
vt 0.978871 0.637146
vt 0.977714 0.637411
vt 0.977150 0.637534
vt 0.974759 0.638315
vt 0.974807 0.637225
vt 0.975691 0.637617
vt 0.975744 0.638631
vt 0.974857 0.636142
vt 0.975649 0.636632
vt 0.974889 0.635043
vt 0.975592 0.635632
vt 0.976553 0.637987
vt 0.976723 0.638942
vt 0.976402 0.637083
vt 0.976251 0.636185
vt 0.976888 0.636719
vt 0.981323 0.641083
vt 0.980225 0.640808
vt 0.979126 0.640533
vt 0.978027 0.640259
vt 0.974731 0.639435
vt 0.975830 0.639709
vt 0.976929 0.639984
vt 0.984055 0.643019
vt 0.985829 0.643531
vt 0.985406 0.644393
vt 0.983778 0.644030
vt 0.987592 0.644043
vt 0.986989 0.644758
vt 0.989376 0.644542
vt 0.988591 0.645110
vt 0.985012 0.645238
vt 0.983508 0.645035
vt 0.986437 0.645442
vt 0.987854 0.645644
vt 0.994274 0.646372
vt 0.992456 0.646877
vt 0.991153 0.646279
vt 0.992632 0.645763
vt 0.990645 0.647377
vt 0.989695 0.646774
vt 0.988847 0.647894
vt 0.988248 0.647284
vt 0.989864 0.645701
vt 0.990995 0.645160
vt 0.988770 0.646207
vt 0.987685 0.646711
vt 0.983097 0.649086
vt 0.983141 0.648068
vt 0.984867 0.647805
vt 0.985016 0.648684
vt 0.983189 0.647056
vt 0.984742 0.646945
vt 0.983202 0.646041
vt 0.984588 0.646083
vt 0.986550 0.647538
vt 0.986923 0.648281
vt 0.986219 0.646827
vt 0.985887 0.646121
vt 0.987142 0.646159
vt 0.984375 0.641998
vt 0.982239 0.642517
vt 0.986328 0.642639
vt 0.988281 0.643280
vt 0.990234 0.643921
vt 0.982056 0.643677
vt 0.981873 0.644836
vt 0.981689 0.645996
vt 0.998047 0.646484
vt 0.995911 0.647003
vt 0.996094 0.645844
vt 0.993774 0.647522
vt 0.991638 0.648041
vt 0.989502 0.648560
vt 0.994141 0.645203
vt 0.992188 0.644562
vt 0.980957 0.650635
vt 0.981140 0.649475
vt 0.983093 0.650116
vt 0.981323 0.648315
vt 0.981506 0.647156
vt 0.985229 0.649597
vt 0.987366 0.649078
vt 0.980281 0.648242
vt 0.979444 0.647012
vt 0.979722 0.646262
vt 0.980499 0.647276
vt 0.978613 0.645788
vt 0.978968 0.645263
vt 0.977769 0.644570
vt 0.978203 0.644270
vt 0.979985 0.645518
vt 0.980713 0.646313
vt 0.979296 0.644750
vt 0.978611 0.643989
vt 0.975491 0.640737
vt 0.976431 0.640903
vt 0.977028 0.642041
vt 0.976255 0.642017
vt 0.977367 0.641072
vt 0.977790 0.642079
vt 0.978298 0.641218
vt 0.978546 0.642097
vt 0.977620 0.643152
vt 0.977017 0.643289
vt 0.978202 0.643037
vt 0.978779 0.642921
vt 0.981239 0.642174
vt 0.981136 0.643237
vt 0.980261 0.642850
vt 0.980257 0.641860
vt 0.981032 0.644292
vt 0.980254 0.643810
vt 0.980944 0.645364
vt 0.980262 0.644785
vt 0.979407 0.642483
vt 0.979282 0.641551
vt 0.979514 0.643365
vt 0.979622 0.644242
vt 0.979004 0.643717
vt 0.980042 0.649200
vt 0.979126 0.647766
vt 0.978210 0.646332
vt 0.977295 0.644897
vt 0.974548 0.640594
vt 0.975464 0.642029
vt 0.976379 0.643463
vt 0.986082 0.641160
vt 0.987790 0.640352
vt 0.989110 0.640997
vt 0.987731 0.641788
vt 0.989491 0.639551
vt 0.990471 0.640234
vt 0.991178 0.638730
vt 0.991820 0.639453
vt 0.990414 0.641617
vt 0.989375 0.642409
vt 0.991422 0.640873
vt 0.992421 0.640132
vt 0.996620 0.636690
vt 0.996680 0.637991
vt 0.995037 0.638483
vt 0.994805 0.637376
vt 0.996735 0.639287
vt 0.995243 0.639569
vt 0.996823 0.640582
vt 0.995479 0.640654
vt 0.993436 0.638976
vt 0.993001 0.638062
vt 0.993827 0.639852
vt 0.994219 0.640722
vt 0.996301 0.644514
vt 0.994534 0.644020
vt 0.994857 0.642883
vt 0.996467 0.643199
vt 0.992778 0.643526
vt 0.993290 0.642561
vt 0.991002 0.643052
vt 0.991705 0.642256
vt 0.995153 0.641770
vt 0.996628 0.641892
vt 0.993755 0.641638
vt 0.992365 0.641509
vt 0.993001 0.640788
vt 0.984436 0.640503
vt 0.986450 0.639648
vt 0.988464 0.638794
vt 0.990479 0.637939
vt 0.998535 0.634521
vt 0.998474 0.636017
vt 0.996521 0.635376
vt 0.998413 0.637512
vt 0.998352 0.639008
vt 0.998291 0.640503
vt 0.994507 0.636230
vt 0.992493 0.637085
vt 0.998108 0.644989
vt 0.998169 0.643494
vt 0.998230 0.641998
vt 0.985783 0.631553
vt 0.987395 0.632021
vt 0.986947 0.633137
vt 0.985462 0.632842
vt 0.988997 0.632489
vt 0.988392 0.633439
vt 0.990620 0.632938
vt 0.989855 0.633724
vt 0.986528 0.634229
vt 0.985147 0.634123
vt 0.987837 0.634346
vt 0.989137 0.634461
vt 0.995044 0.634747
vt 0.993325 0.635553
vt 0.992155 0.634933
vt 0.993560 0.634147
vt 0.991614 0.636353
vt 0.990772 0.635693
vt 0.989914 0.637172
vt 0.989397 0.636469
vt 0.990998 0.634337
vt 0.992081 0.633553
vt 0.989950 0.635075
vt 0.988912 0.635809
vt 0.984505 0.639218
vt 0.984611 0.637943
vt 0.986229 0.637447
vt 0.986311 0.638529
vt 0.984721 0.636675
vt 0.986169 0.636386
vt 0.984798 0.635408
vt 0.986080 0.635325
vt 0.987806 0.636951
vt 0.988105 0.637842
vt 0.987545 0.636096
vt 0.987283 0.635247
vt 0.988444 0.635173
vt 0.986145 0.630249
vt 0.987915 0.630859
vt 0.989685 0.631470
vt 0.991455 0.632080
vt 0.996765 0.633911
vt 0.994995 0.633301
vt 0.993225 0.632690
vt 0.987247 0.629498
vt 0.988359 0.628774
vt 0.989623 0.629381
vt 0.988769 0.630093
vt 0.989468 0.628057
vt 0.990470 0.628695
vt 0.990559 0.627321
vt 0.991303 0.627993
vt 0.990866 0.629966
vt 0.990284 0.630682
vt 0.991437 0.629293
vt 0.992002 0.628623
vt 0.994272 0.625506
vt 0.994735 0.626703
vt 0.993574 0.627137
vt 0.993035 0.626117
vt 0.995191 0.627894
vt 0.994085 0.628136
vt 0.995675 0.629085
vt 0.994620 0.629137
vt 0.992447 0.627572
vt 0.991807 0.626727
vt 0.993040 0.628382
vt 0.993631 0.629185
vt 0.996508 0.632691
vt 0.994934 0.632218
vt 0.994831 0.631177
vt 0.996223 0.631486
vt 0.993369 0.631745
vt 0.993472 0.630864
vt 0.991794 0.631290
vt 0.992104 0.630566
vt 0.994714 0.630158
vt 0.995935 0.630287
vt 0.993550 0.630021
vt 0.992395 0.629887
vt 0.992676 0.629232
vt 0.995544 0.624908
vt 0.995972 0.626282
vt 0.996399 0.627655
vt 0.996826 0.629028
vt 0.998108 0.633148
vt 0.997681 0.631775
vt 0.997253 0.630402
vt 0.994725 0.649159
vt 0.993523 0.651280
vt 0.991976 0.651372
vt 0.992878 0.649492
vt 0.992325 0.653387
vt 0.991077 0.653207
vt 0.991149 0.655509
vt 0.990198 0.655054
vt 0.990456 0.651484
vt 0.991041 0.649829
vt 0.989877 0.653061
vt 0.989306 0.654628
vt 0.987060 0.661614
vt 0.986370 0.660068
vt 0.987666 0.658376
vt 0.988421 0.659570
vt 0.985688 0.658527
vt 0.986944 0.657191
vt 0.984975 0.657009
vt 0.986195 0.656026
vt 0.988921 0.656711
vt 0.989772 0.657535
vt 0.988128 0.655904
vt 0.987339 0.655105
vt 0.983547 0.651874
vt 0.985439 0.651299
vt 0.985690 0.652899
vt 0.984032 0.653584
vt 0.987319 0.650733
vt 0.987311 0.652248
vt 0.989208 0.650129
vt 0.988940 0.651566
vt 0.985955 0.654451
vt 0.984519 0.655283
vt 0.987326 0.653681
vt 0.988688 0.652914
vt 0.988444 0.654216
vt 0.996582 0.648865
vt 0.995117 0.651245
vt 0.993652 0.653625
vt 0.992188 0.656006
vt 0.986328 0.665527
vt 0.985657 0.663666
vt 0.987793 0.663147
vt 0.984985 0.661804
vt 0.984314 0.659943
vt 0.983643 0.658081
vt 0.989258 0.660767
vt 0.990723 0.658386
vt 0.981628 0.652496
vt 0.982300 0.654358
vt 0.982971 0.656219
vt 0.980563 0.654915
vt 0.981232 0.656438
vt 0.980237 0.658455
vt 0.979532 0.657317
vt 0.981894 0.657957
vt 0.980912 0.659589
vt 0.982581 0.659447
vt 0.981610 0.660698
vt 0.979274 0.660436
vt 0.978510 0.659707
vt 0.979988 0.661158
vt 0.980698 0.661871
vt 0.984076 0.664654
vt 0.982515 0.665587
vt 0.982212 0.663932
vt 0.983570 0.662921
vt 0.980963 0.666510
vt 0.980884 0.664900
vt 0.979406 0.667473
vt 0.979551 0.665902
vt 0.981901 0.662330
vt 0.983064 0.661201
vt 0.980790 0.663381
vt 0.979687 0.664428
vt 0.974815 0.669445
vt 0.975706 0.666989
vt 0.977004 0.666626
vt 0.976351 0.668776
vt 0.976596 0.664546
vt 0.977657 0.664525
vt 0.977466 0.662093
vt 0.978293 0.662414
vt 0.978278 0.666247
vt 0.977879 0.668105
vt 0.978676 0.664474
vt 0.979069 0.662714
vt 0.979818 0.663005
vt 0.979858 0.653412
vt 0.978760 0.656189
vt 0.977661 0.658966
vt 0.976562 0.661743
vt 0.984558 0.666443
vt 0.982788 0.667358
vt 0.981018 0.668274
vt 0.979248 0.669189
vt 0.972168 0.672852
vt 0.973267 0.670074
vt 0.973938 0.671936
vt 0.974365 0.667297
vt 0.975464 0.664520
vt 0.975708 0.671021
vt 0.977478 0.670105
vt 0.969746 0.669585
vt 0.968197 0.668996
vt 0.967743 0.666883
vt 0.969076 0.667179
vt 0.966655 0.668404
vt 0.966438 0.666570
vt 0.965110 0.667851
vt 0.965131 0.666290
vt 0.967286 0.664819
vt 0.968405 0.664787
vt 0.966214 0.664821
vt 0.965151 0.664826
vt 0.960486 0.665274
vt 0.961212 0.663518
vt 0.962535 0.664459
vt 0.962032 0.666126
vt 0.961937 0.661776
vt 0.963042 0.662844
vt 0.962641 0.660001
vt 0.963530 0.661200
vt 0.963832 0.665357
vt 0.963570 0.666968
vt 0.964100 0.663837
vt 0.964364 0.662325
vt 0.965276 0.655375
vt 0.966100 0.657720
vt 0.965229 0.658892
vt 0.964400 0.656929
vt 0.966916 0.660054
vt 0.966027 0.660821
vt 0.967757 0.662382
vt 0.966847 0.662744
vt 0.964390 0.660058
vt 0.963532 0.658479
vt 0.965194 0.661577
vt 0.965993 0.663084
vt 0.965169 0.663411
vt 0.970398 0.672028
vt 0.971313 0.670135
vt 0.968628 0.671204
vt 0.966858 0.670380
vt 0.965088 0.669556
vt 0.970459 0.667419
vt 0.969604 0.664703
vt 0.968750 0.661987
vt 0.959778 0.667084
vt 0.961548 0.667908
vt 0.963318 0.668732
vt 0.966187 0.653839
vt 0.967041 0.656555
vt 0.967896 0.659271
vt 0.971492 0.667333
vt 0.970713 0.665066
vt 0.970933 0.662767
vt 0.971651 0.664538
vt 0.969940 0.662806
vt 0.970235 0.661013
vt 0.969156 0.660576
vt 0.969529 0.659284
vt 0.971139 0.660505
vt 0.971807 0.661756
vt 0.970506 0.659282
vt 0.969878 0.658072
vt 0.967021 0.653122
vt 0.967855 0.652471
vt 0.968419 0.654776
vt 0.967738 0.655606
vt 0.968685 0.651831
vt 0.969090 0.653993
vt 0.969509 0.651139
vt 0.969757 0.653165
vt 0.968977 0.657014
vt 0.968451 0.658073
vt 0.969486 0.656038
vt 0.969990 0.655066
vt 0.972131 0.650248
vt 0.972076 0.653166
vt 0.971292 0.653160
vt 0.971256 0.650558
vt 0.972020 0.656066
vt 0.971319 0.655697
vt 0.971979 0.658989
vt 0.971359 0.658254
vt 0.970528 0.653184
vt 0.970386 0.650874
vt 0.970652 0.655383
vt 0.970777 0.657566
vt 0.970215 0.656901
vt 0.972290 0.669586
vt 0.972412 0.666321
vt 0.972534 0.663055
vt 0.972656 0.659790
vt 0.966309 0.650574
vt 0.967285 0.650024
vt 0.968262 0.649475
vt 0.969238 0.648926
vt 0.973145 0.646729
vt 0.973022 0.649994
vt 0.972168 0.647278
vt 0.972900 0.653259
vt 0.972778 0.656525
vt 0.971191 0.647827
vt 0.970215 0.648376
vt 0.973294 0.667277
vt 0.973342 0.664486
vt 0.974226 0.662664
vt 0.974280 0.664954
vt 0.973392 0.661706
vt 0.974184 0.660410
vt 0.973424 0.658943
vt 0.974127 0.658168
vt 0.975088 0.660861
vt 0.975259 0.662640
vt 0.974937 0.659144
vt 0.974786 0.657441
vt 0.973933 0.650192
vt 0.974822 0.650447
vt 0.974585 0.653057
vt 0.973767 0.653113
vt 0.975705 0.650708
vt 0.975380 0.653032
vt 0.976599 0.650917
vt 0.976186 0.652964
vt 0.974364 0.655602
vt 0.973605 0.656016
vt 0.975083 0.655244
vt 0.975798 0.654884
vt 0.979042 0.652746
vt 0.978106 0.655282
vt 0.977458 0.654494
vt 0.978223 0.652147
vt 0.977173 0.657801
vt 0.976705 0.656773
vt 0.976246 0.660355
vt 0.975957 0.659083
vt 0.976818 0.653751
vt 0.977406 0.651559
vt 0.976249 0.655827
vt 0.975685 0.657890
vt 0.975423 0.656738
vt 0.974121 0.647217
vt 0.975098 0.647705
vt 0.976074 0.648193
vt 0.977051 0.648682
vt 0.979980 0.650146
vt 0.979004 0.649658
vt 0.978027 0.649170
vt 0.974421 0.641356
vt 0.975251 0.642598
vt 0.975073 0.643173
vt 0.974314 0.642129
vt 0.976076 0.643834
vt 0.975812 0.644198
vt 0.976911 0.645067
vt 0.976560 0.645222
vt 0.974909 0.643747
vt 0.974210 0.642900
vt 0.975571 0.644560
vt 0.976230 0.645367
vt 0.979211 0.648861
vt 0.978381 0.648502
vt 0.977767 0.647394
vt 0.978440 0.647593
vt 0.977555 0.648141
vt 0.977104 0.647186
vt 0.976735 0.647801
vt 0.976445 0.646995
vt 0.977160 0.646310
vt 0.977672 0.646333
vt 0.976665 0.646273
vt 0.976174 0.646238
vt 0.974102 0.646306
vt 0.974101 0.645424
vt 0.974894 0.645957
vt 0.974980 0.646801
vt 0.974103 0.644549
vt 0.974819 0.645139
vt 0.974089 0.643656
vt 0.974730 0.644307
vt 0.975666 0.646467
vt 0.975853 0.647291
vt 0.975498 0.645690
vt 0.975331 0.644918
vt 0.975911 0.645508
vt 0.973572 0.640106
vt 0.973511 0.641052
vt 0.973450 0.641998
vt 0.973389 0.642944
vt 0.973206 0.645782
vt 0.973267 0.644836
vt 0.973328 0.643890
vt 0.972619 0.640286
vt 0.972623 0.641125
vt 0.971781 0.641218
vt 0.971686 0.640481
vt 0.972625 0.641959
vt 0.971864 0.641939
vt 0.972644 0.642798
vt 0.971961 0.642663
vt 0.970960 0.641317
vt 0.970758 0.640676
vt 0.971141 0.641929
vt 0.971321 0.642537
vt 0.972300 0.645236
vt 0.971414 0.644684
vt 0.971601 0.644002
vt 0.972411 0.644420
vt 0.970535 0.644133
vt 0.970814 0.643586
vt 0.969645 0.643591
vt 0.970017 0.643178
vt 0.971774 0.643332
vt 0.972518 0.643608
vt 0.971068 0.643059
vt 0.970366 0.642790
vt 0.967190 0.641723
vt 0.968072 0.641437
vt 0.968728 0.642026
vt 0.968013 0.642345
vt 0.968950 0.641154
vt 0.969432 0.641722
vt 0.969821 0.640857
vt 0.970131 0.641405
vt 0.969376 0.642597
vt 0.968833 0.642963
vt 0.969901 0.642257
vt 0.970422 0.641919
vt 0.970703 0.642415
vt 0.972595 0.639435
vt 0.971558 0.639709
vt 0.970520 0.639984
vt 0.969482 0.640259
vt 0.972168 0.646057
vt 0.971191 0.645386
vt 0.970215 0.644714
vt 0.969238 0.644043
vt 0.966370 0.641083
vt 0.966309 0.642029
vt 0.967407 0.640808
vt 0.968445 0.640533
vt 0.967285 0.642700
vt 0.968262 0.643372
vt 0.971343 0.646616
vt 0.970516 0.647150
vt 0.969852 0.646523
vt 0.970516 0.645978
vt 0.969693 0.647679
vt 0.969196 0.647046
vt 0.968877 0.648226
vt 0.968546 0.647585
vt 0.969196 0.645917
vt 0.969693 0.645346
vt 0.968714 0.646452
vt 0.968236 0.646984
vt 0.966233 0.649490
vt 0.966177 0.648419
vt 0.966978 0.648139
vt 0.967115 0.649063
vt 0.966124 0.647353
vt 0.966855 0.647234
vt 0.966055 0.646285
vt 0.966716 0.646327
vt 0.967758 0.647855
vt 0.967991 0.648637
vt 0.967547 0.647108
vt 0.967337 0.646366
vt 0.966233 0.643103
vt 0.967115 0.643640
vt 0.966978 0.644547
vt 0.966177 0.644167
vt 0.967991 0.644176
vt 0.967758 0.644929
vt 0.968877 0.644698
vt 0.968546 0.645297
vt 0.966855 0.645437
vt 0.966124 0.645226
vt 0.967547 0.645650
vt 0.968236 0.645860
vt 0.967936 0.646403
vt 0.966289 0.631900
vt 0.967226 0.632918
vt 0.967081 0.633974
vt 0.966230 0.633182
vt 0.968157 0.633932
vt 0.967910 0.634759
vt 0.969099 0.634932
vt 0.968747 0.635532
vt 0.966950 0.635013
vt 0.966174 0.634457
vt 0.967686 0.635556
vt 0.968417 0.636094
vt 0.971718 0.638287
vt 0.970840 0.638605
vt 0.970134 0.637565
vt 0.970840 0.637169
vt 0.969966 0.638918
vt 0.969437 0.637939
vt 0.969099 0.639254
vt 0.968747 0.638334
vt 0.969437 0.636556
vt 0.969965 0.636059
vt 0.968925 0.637014
vt 0.968417 0.637471
vt 0.966289 0.639724
vt 0.966230 0.638390
vt 0.967081 0.638373
vt 0.967227 0.639561
vt 0.966174 0.637063
vt 0.966950 0.637214
vt 0.966100 0.635726
vt 0.966803 0.636046
vt 0.967910 0.638344
vt 0.968157 0.639396
vt 0.967686 0.637342
vt 0.967462 0.636347
vt 0.968099 0.636637
vt 0.895582 0.661847
vt 0.895867 0.660488
vt 0.897259 0.660822
vt 0.897156 0.662070
vt 0.896154 0.659138
vt 0.897376 0.659609
vt 0.896415 0.657771
vt 0.897470 0.658381
vt 0.898618 0.661134
vt 0.898721 0.662288
vt 0.898539 0.660040
vt 0.898459 0.658953
vt 0.897817 0.654023
vt 0.899054 0.655427
vt 0.898516 0.656422
vt 0.897355 0.655280
vt 0.900282 0.656824
vt 0.899642 0.657548
vt 0.901531 0.658212
vt 0.900787 0.658666
vt 0.898005 0.657407
vt 0.896899 0.656532
vt 0.899050 0.658254
vt 0.900088 0.659093
vt 0.904843 0.662645
vt 0.903321 0.662601
vt 0.902467 0.661271
vt 0.903731 0.661166
vt 0.901805 0.662554
vt 0.901224 0.661358
vt 0.900296 0.662533
vt 0.899986 0.661469
vt 0.901619 0.659975
vt 0.902622 0.659695
vt 0.900653 0.660222
vt 0.899695 0.660470
vt 0.899414 0.659505
vt 0.893555 0.663086
vt 0.893982 0.661591
vt 0.895325 0.663239
vt 0.894409 0.660095
vt 0.894836 0.658600
vt 0.895264 0.657104
vt 0.897095 0.663391
vt 0.898865 0.663544
vt 0.900635 0.663696
vt 0.896973 0.651123
vt 0.898315 0.652771
vt 0.896545 0.652618
vt 0.899658 0.654419
vt 0.901001 0.656067
vt 0.902344 0.657715
vt 0.896118 0.654114
vt 0.895691 0.655609
vt 0.907715 0.664307
vt 0.905945 0.664154
vt 0.906372 0.662659
vt 0.904175 0.664001
vt 0.902405 0.663849
vt 0.905029 0.661011
vt 0.903687 0.659363
vt 0.893217 0.659454
vt 0.892476 0.657334
vt 0.892937 0.656449
vt 0.893648 0.658242
vt 0.891741 0.655224
vt 0.892250 0.654689
vt 0.890990 0.653117
vt 0.891549 0.652931
vt 0.893379 0.655565
vt 0.894074 0.657033
vt 0.892724 0.654155
vt 0.892072 0.652756
vt 0.889065 0.646680
vt 0.890123 0.647396
vt 0.890603 0.649266
vt 0.889713 0.648831
vt 0.891175 0.648112
vt 0.891477 0.649711
vt 0.892225 0.648795
vt 0.892349 0.650129
vt 0.891081 0.651095
vt 0.890358 0.650970
vt 0.891776 0.651240
vt 0.892466 0.651380
vt 0.895452 0.651630
vt 0.895136 0.653034
vt 0.894194 0.652049
vt 0.894374 0.650690
vt 0.894819 0.654427
vt 0.894008 0.653363
vt 0.894519 0.655851
vt 0.893836 0.654704
vt 0.893274 0.651104
vt 0.893302 0.649760
vt 0.893234 0.652369
vt 0.893196 0.653627
vt 0.892578 0.652588
vt 0.892761 0.660645
vt 0.891968 0.658203
vt 0.891174 0.655762
vt 0.890381 0.653320
vt 0.887207 0.643555
vt 0.888428 0.644501
vt 0.888000 0.645996
vt 0.889648 0.645447
vt 0.890869 0.646393
vt 0.892090 0.647339
vt 0.888794 0.648438
vt 0.889587 0.650879
vt 0.895752 0.650177
vt 0.894531 0.649231
vt 0.893311 0.648285
vt 0.895452 0.648927
vt 0.894374 0.648154
vt 0.894194 0.647110
vt 0.895136 0.647685
vt 0.893302 0.647383
vt 0.893274 0.646537
vt 0.892225 0.646628
vt 0.892349 0.645976
vt 0.894008 0.646085
vt 0.894819 0.646450
vt 0.893234 0.645723
vt 0.892466 0.645365
vt 0.889065 0.643977
vt 0.889713 0.643482
vt 0.890603 0.644326
vt 0.890123 0.644859
vt 0.890358 0.642993
vt 0.891081 0.643817
vt 0.890990 0.642482
vt 0.891549 0.643289
vt 0.891477 0.645144
vt 0.891175 0.645735
vt 0.891776 0.644593
vt 0.892072 0.644045
vt 0.893217 0.641422
vt 0.893648 0.642690
vt 0.892937 0.642890
vt 0.892476 0.641782
vt 0.894074 0.643950
vt 0.893379 0.643973
vt 0.894519 0.645216
vt 0.893836 0.645061
vt 0.892250 0.643098
vt 0.891741 0.642142
vt 0.892724 0.644010
vt 0.893196 0.644916
vt 0.892578 0.644775
vt 0.896545 0.649689
vt 0.896118 0.648254
vt 0.895691 0.646820
vt 0.895264 0.645386
vt 0.888000 0.643066
vt 0.888794 0.642578
vt 0.889587 0.642090
vt 0.890381 0.641602
vt 0.893555 0.639648
vt 0.893982 0.641083
vt 0.892761 0.640137
vt 0.894409 0.642517
vt 0.894836 0.643951
vt 0.891968 0.640625
vt 0.891174 0.641113
vt 0.891865 0.639339
vt 0.891208 0.639827
vt 0.890468 0.639082
vt 0.890973 0.638567
vt 0.890552 0.640309
vt 0.889966 0.639577
vt 0.889907 0.640811
vt 0.889473 0.640088
vt 0.889740 0.638363
vt 0.890085 0.637801
vt 0.889401 0.638887
vt 0.889065 0.639409
vt 0.887714 0.641893
vt 0.887448 0.640736
vt 0.888133 0.640519
vt 0.888444 0.641527
vt 0.887186 0.639585
vt 0.887838 0.639533
vt 0.886908 0.638430
vt 0.887528 0.638544
vt 0.888798 0.640296
vt 0.889170 0.641160
vt 0.888453 0.639470
vt 0.888110 0.638650
vt 0.886437 0.635028
vt 0.887360 0.635697
vt 0.887415 0.636658
vt 0.886598 0.636166
vt 0.888277 0.636365
vt 0.888212 0.637150
vt 0.889201 0.637019
vt 0.889015 0.637629
vt 0.887478 0.637601
vt 0.886761 0.637299
vt 0.888162 0.637903
vt 0.888840 0.638201
vt 0.888672 0.638753
vt 0.892517 0.638824
vt 0.891479 0.638000
vt 0.890442 0.637177
vt 0.889404 0.636353
vt 0.886963 0.642242
vt 0.886719 0.640930
vt 0.886475 0.639618
vt 0.886230 0.638306
vt 0.885254 0.633057
vt 0.886292 0.633881
vt 0.885498 0.634369
vt 0.887329 0.634705
vt 0.888367 0.635529
vt 0.885742 0.635681
vt 0.885986 0.636993
vt 0.887000 0.633479
vt 0.887712 0.633101
vt 0.888444 0.633828
vt 0.887888 0.634244
vt 0.888423 0.632728
vt 0.888994 0.633431
vt 0.889123 0.632337
vt 0.889537 0.633019
vt 0.889164 0.634533
vt 0.888773 0.635003
vt 0.889546 0.634095
vt 0.889925 0.633659
vt 0.891470 0.631563
vt 0.891684 0.632617
vt 0.890958 0.632751
vt 0.890688 0.631826
vt 0.891895 0.633665
vt 0.891213 0.633655
vt 0.892122 0.634718
vt 0.891481 0.634563
vt 0.890252 0.632892
vt 0.889912 0.632090
vt 0.890567 0.633658
vt 0.890880 0.634418
vt 0.892428 0.637790
vt 0.891502 0.637114
vt 0.891497 0.636253
vt 0.892322 0.636762
vt 0.890581 0.636439
vt 0.890692 0.635746
vt 0.889653 0.635777
vt 0.889880 0.635249
vt 0.891482 0.635407
vt 0.892214 0.635739
vt 0.890785 0.635079
vt 0.890094 0.634755
vt 0.890299 0.634277
vt 0.886108 0.632690
vt 0.886963 0.632324
vt 0.887817 0.631958
vt 0.888672 0.631592
vt 0.892090 0.630127
vt 0.892273 0.631317
vt 0.891235 0.630493
vt 0.892456 0.632507
vt 0.892639 0.633698
vt 0.892822 0.634888
vt 0.890381 0.630859
vt 0.889526 0.631226
vt 0.893372 0.638458
vt 0.893188 0.637268
vt 0.893005 0.636078
vt 0.886042 0.631508
vt 0.885994 0.630344
vt 0.886694 0.630227
vt 0.886814 0.631252
vt 0.885947 0.629186
vt 0.886586 0.629226
vt 0.885886 0.628022
vt 0.886465 0.628219
vt 0.887377 0.630101
vt 0.887581 0.630995
vt 0.887192 0.629249
vt 0.887008 0.628403
vt 0.886042 0.624642
vt 0.886814 0.625422
vt 0.886694 0.626366
vt 0.885994 0.625773
vt 0.887581 0.626200
vt 0.887377 0.626955
vt 0.888356 0.626964
vt 0.888066 0.627532
vt 0.886586 0.627294
vt 0.885947 0.626900
vt 0.887192 0.627682
vt 0.887795 0.628066
vt 0.890513 0.629592
vt 0.889790 0.629977
vt 0.889209 0.629149
vt 0.889790 0.628717
vt 0.889070 0.630357
vt 0.888635 0.629562
vt 0.888356 0.630756
vt 0.888066 0.629991
vt 0.888635 0.628348
vt 0.889070 0.627848
vt 0.888213 0.628811
vt 0.887795 0.629274
vt 0.887533 0.628581
vt 0.885254 0.631744
vt 0.885254 0.630432
vt 0.885254 0.629120
vt 0.885254 0.627808
vt 0.885254 0.622559
vt 0.886108 0.623505
vt 0.885254 0.623871
vt 0.886963 0.624451
vt 0.887817 0.625397
vt 0.888672 0.626343
vt 0.885254 0.625183
vt 0.885254 0.626495
vt 0.891235 0.629181
vt 0.890381 0.628235
vt 0.889526 0.627289
vt 0.890926 0.621929
vt 0.891026 0.622990
vt 0.890367 0.623024
vt 0.890206 0.622082
vt 0.891124 0.624045
vt 0.890516 0.623943
vt 0.891236 0.625107
vt 0.890678 0.624869
vt 0.889726 0.623068
vt 0.889490 0.622236
vt 0.889940 0.623859
vt 0.890154 0.624646
vt 0.891245 0.628156
vt 0.890477 0.627369
vt 0.890546 0.626526
vt 0.891239 0.627135
vt 0.889713 0.626585
vt 0.889872 0.625921
vt 0.888943 0.625812
vt 0.889191 0.625326
vt 0.890606 0.625695
vt 0.891230 0.626118
vt 0.890013 0.625281
vt 0.889424 0.624871
vt 0.886774 0.623206
vt 0.887442 0.622932
vt 0.888032 0.623742
vt 0.887501 0.624074
vt 0.888108 0.622661
vt 0.888557 0.623427
vt 0.888766 0.622372
vt 0.889077 0.623096
vt 0.888614 0.624528
vt 0.888225 0.624937
vt 0.888993 0.624151
vt 0.889367 0.623775
vt 0.889648 0.624430
vt 0.891602 0.620605
vt 0.891663 0.621796
vt 0.890808 0.620850
vt 0.891724 0.622986
vt 0.891785 0.624176
vt 0.891846 0.625366
vt 0.890015 0.621094
vt 0.889221 0.621338
vt 0.888428 0.621582
vt 0.892029 0.628937
vt 0.891968 0.627747
vt 0.891907 0.626556
vt 0.886047 0.622314
vt 0.886841 0.622070
vt 0.887634 0.621826
vt 0.887113 0.612566
vt 0.887675 0.613689
vt 0.887439 0.614802
vt 0.886913 0.613923
vt 0.888232 0.614807
vt 0.887950 0.615673
vt 0.888799 0.615912
vt 0.888468 0.616532
vt 0.887215 0.615899
vt 0.886715 0.615274
vt 0.887688 0.616510
vt 0.888158 0.617114
vt 0.890306 0.619592
vt 0.889624 0.619889
vt 0.889235 0.618753
vt 0.889800 0.618365
vt 0.888946 0.620181
vt 0.888679 0.619119
vt 0.888270 0.620498
vt 0.888125 0.619506
vt 0.888848 0.617650
vt 0.889296 0.617147
vt 0.888417 0.618113
vt 0.887989 0.618575
vt 0.886155 0.620869
vt 0.886275 0.619450
vt 0.886900 0.619472
vt 0.886861 0.620739
vt 0.886396 0.618039
vt 0.886946 0.618236
vt 0.886506 0.616617
vt 0.886981 0.616990
vt 0.887511 0.619478
vt 0.887563 0.620606
vt 0.887469 0.618405
vt 0.887427 0.617339
vt 0.887858 0.617676
vt 0.886719 0.609863
vt 0.887329 0.611206
vt 0.886536 0.611450
vt 0.887939 0.612549
vt 0.888550 0.613892
vt 0.889160 0.615234
vt 0.886353 0.613037
vt 0.886169 0.614624
vt 0.885986 0.616211
vt 0.890991 0.619263
vt 0.890381 0.617920
vt 0.889771 0.616577
vt 0.885437 0.620972
vt 0.885620 0.619385
vt 0.885803 0.617798
vt 0.891038 0.618015
vt 0.890487 0.616886
vt 0.890573 0.615872
vt 0.891073 0.616769
vt 0.889940 0.615760
vt 0.890085 0.614986
vt 0.889386 0.614647
vt 0.889593 0.614110
vt 0.890650 0.614873
vt 0.891106 0.615527
vt 0.890217 0.614236
vt 0.889787 0.613605
vt 0.887845 0.610990
vt 0.888362 0.610803
vt 0.888777 0.611921
vt 0.888361 0.612209
vt 0.888876 0.610620
vt 0.889187 0.611653
vt 0.889386 0.610414
vt 0.889593 0.611365
vt 0.889187 0.613009
vt 0.888876 0.613421
vt 0.889488 0.612633
vt 0.889787 0.612257
vt 0.891038 0.610351
vt 0.891073 0.611667
vt 0.890573 0.611562
vt 0.890487 0.610378
vt 0.891106 0.612975
vt 0.890650 0.612716
vt 0.891150 0.614295
vt 0.890737 0.613881
vt 0.890085 0.611474
vt 0.889940 0.610408
vt 0.890217 0.612487
vt 0.890349 0.613493
vt 0.889974 0.613119
vt 0.891602 0.619141
vt 0.891602 0.617676
vt 0.891602 0.616211
vt 0.891602 0.614746
vt 0.887329 0.609741
vt 0.887939 0.609619
vt 0.888550 0.609497
vt 0.889160 0.609375
vt 0.891602 0.608887
vt 0.891602 0.610352
vt 0.890991 0.609009
vt 0.891602 0.611816
vt 0.891602 0.613281
vt 0.890381 0.609131
vt 0.889771 0.609253
vt 0.889160 0.600359
vt 0.889453 0.601540
vt 0.889160 0.602596
vt 0.888867 0.601657
vt 0.889744 0.602717
vt 0.889443 0.603523
vt 0.890042 0.603881
vt 0.889732 0.604439
vt 0.888878 0.603636
vt 0.888577 0.602950
vt 0.889160 0.604303
vt 0.889441 0.604963
vt 0.890757 0.607704
vt 0.890223 0.607894
vt 0.890058 0.606726
vt 0.890516 0.606429
vt 0.889692 0.608080
vt 0.889609 0.607001
vt 0.889160 0.608291
vt 0.889160 0.607299
vt 0.889892 0.605590
vt 0.890275 0.605163
vt 0.889525 0.605979
vt 0.889160 0.606368
vt 0.887563 0.608343
vt 0.887804 0.606972
vt 0.888262 0.607085
vt 0.888097 0.608319
vt 0.888045 0.605609
vt 0.888429 0.605882
vt 0.888278 0.604234
vt 0.888588 0.604668
vt 0.888711 0.607181
vt 0.888628 0.608293
vt 0.888796 0.606125
vt 0.888879 0.605075
vt 0.889160 0.605469
vt 0.889160 0.597656
vt 0.889465 0.599060
vt 0.888855 0.599182
vt 0.889771 0.600464
vt 0.890076 0.601868
vt 0.890381 0.603271
vt 0.888550 0.600708
vt 0.888245 0.602234
vt 0.887939 0.603760
vt 0.891296 0.607483
vt 0.890991 0.606079
vt 0.890686 0.604675
vt 0.887024 0.608337
vt 0.887329 0.606812
vt 0.887634 0.605286
vt 0.891376 0.606268
vt 0.891097 0.605082
vt 0.891190 0.604102
vt 0.891449 0.605053
vt 0.890820 0.603900
vt 0.890938 0.603163
vt 0.890539 0.602730
vt 0.890684 0.602233
vt 0.891277 0.603135
vt 0.891520 0.603842
vt 0.891048 0.602448
vt 0.890819 0.601768
vt 0.889780 0.598923
vt 0.890093 0.598816
vt 0.890292 0.599972
vt 0.890034 0.600193
vt 0.890405 0.598712
vt 0.890546 0.599769
vt 0.890715 0.598584
vt 0.890798 0.599546
vt 0.890489 0.601096
vt 0.890288 0.601454
vt 0.890683 0.600772
vt 0.890876 0.600447
vt 0.891696 0.598764
vt 0.891661 0.600057
vt 0.891370 0.599882
vt 0.891368 0.598710
vt 0.891627 0.601343
vt 0.891367 0.601023
vt 0.891597 0.602641
vt 0.891370 0.602176
vt 0.891085 0.599724
vt 0.891043 0.598659
vt 0.891121 0.600735
vt 0.891157 0.601740
vt 0.890951 0.601318
vt 0.891663 0.607452
vt 0.891724 0.606018
vt 0.891785 0.604584
vt 0.891846 0.603149
vt 0.889526 0.597626
vt 0.889893 0.597595
vt 0.890259 0.597565
vt 0.890625 0.597534
vt 0.892090 0.597412
vt 0.892029 0.598846
vt 0.891724 0.597443
vt 0.891968 0.600281
vt 0.891907 0.601715
vt 0.891357 0.597473
vt 0.890991 0.597504
vt 0.889780 0.595911
vt 0.890034 0.594231
vt 0.890292 0.594466
vt 0.890093 0.595989
vt 0.890288 0.592562
vt 0.890489 0.592984
vt 0.890539 0.590876
vt 0.890684 0.591486
vt 0.890546 0.594678
vt 0.890405 0.596063
vt 0.890683 0.593364
vt 0.890819 0.592058
vt 0.891376 0.586170
vt 0.891449 0.587718
vt 0.891190 0.588989
vt 0.891097 0.587748
vt 0.891520 0.589260
vt 0.891277 0.590215
vt 0.891597 0.590788
vt 0.891370 0.591429
vt 0.890939 0.590243
vt 0.890820 0.589319
vt 0.891048 0.591141
vt 0.891157 0.592030
vt 0.891696 0.595751
vt 0.891368 0.595883
vt 0.891370 0.594377
vt 0.891661 0.594095
vt 0.891043 0.596009
vt 0.891085 0.594633
vt 0.890715 0.596168
vt 0.890798 0.594917
vt 0.891367 0.592911
vt 0.891626 0.592451
vt 0.891121 0.593327
vt 0.890876 0.593744
vt 0.890951 0.592611
vt 0.889465 0.595795
vt 0.889771 0.593933
vt 0.890076 0.592072
vt 0.890381 0.590210
vt 0.891602 0.582764
vt 0.891663 0.584595
vt 0.891296 0.584625
vt 0.891724 0.586426
vt 0.891785 0.588257
vt 0.891846 0.590088
vt 0.890991 0.586487
vt 0.890686 0.588348
vt 0.892029 0.595581
vt 0.891968 0.593750
vt 0.891907 0.591919
vt 0.899283 0.594990
vt 0.898325 0.593424
vt 0.898770 0.593593
vt 0.899673 0.595007
vt 0.897374 0.591869
vt 0.897896 0.592215
vt 0.896407 0.590297
vt 0.897006 0.590825
vt 0.899194 0.593740
vt 0.900058 0.595019
vt 0.898379 0.592526
vt 0.897569 0.591319
vt 0.893854 0.585889
vt 0.895063 0.587278
vt 0.895718 0.588475
vt 0.894711 0.587366
vt 0.896266 0.588663
vt 0.896707 0.589570
vt 0.897465 0.590033
vt 0.897693 0.590653
vt 0.896368 0.589654
vt 0.895566 0.588838
vt 0.897140 0.590448
vt 0.897906 0.591235
vt 0.901199 0.594511
vt 0.900948 0.594688
vt 0.899848 0.593323
vt 0.899952 0.593018
vt 0.900696 0.594859
vt 0.899734 0.593605
vt 0.900464 0.595060
vt 0.899637 0.593913
vt 0.898774 0.591996
vt 0.898712 0.591534
vt 0.898817 0.592416
vt 0.898861 0.592836
vt 0.898112 0.591797
vt 0.899902 0.596680
vt 0.898865 0.594940
vt 0.900269 0.596588
vt 0.897827 0.593201
vt 0.896790 0.591461
vt 0.895752 0.589722
vt 0.900635 0.596497
vt 0.901001 0.596405
vt 0.901367 0.596313
vt 0.893005 0.584412
vt 0.892639 0.584503
vt 0.894409 0.586060
vt 0.895813 0.587708
vt 0.897217 0.589355
vt 0.893677 0.586243
vt 0.894714 0.587982
vt 0.902832 0.595947
vt 0.902466 0.596039
vt 0.901428 0.594299
vt 0.902100 0.596130
vt 0.901733 0.596222
vt 0.900024 0.592651
vt 0.898621 0.591003
vt 0.895940 0.595450
vt 0.895416 0.593828
vt 0.895893 0.594030
vt 0.896412 0.595498
vt 0.894897 0.592216
vt 0.895393 0.592600
vt 0.894363 0.590587
vt 0.894880 0.591155
vt 0.896353 0.594209
vt 0.896880 0.595541
vt 0.895858 0.592945
vt 0.895365 0.591689
vt 0.893066 0.586030
vt 0.893972 0.587498
vt 0.894277 0.588732
vt 0.893503 0.587557
vt 0.894873 0.588962
vt 0.895036 0.589892
vt 0.895774 0.590410
vt 0.895795 0.591041
vt 0.894584 0.589949
vt 0.893939 0.589078
vt 0.895202 0.590795
vt 0.895815 0.591633
vt 0.898495 0.595131
vt 0.898113 0.595285
vt 0.897330 0.593850
vt 0.897585 0.593557
vt 0.897731 0.595434
vt 0.897072 0.594119
vt 0.897362 0.595614
vt 0.896825 0.594415
vt 0.896563 0.592453
vt 0.896681 0.591993
vt 0.896441 0.592872
vt 0.896320 0.593290
vt 0.895833 0.592204
vt 0.895996 0.597168
vt 0.895447 0.595367
vt 0.896484 0.597107
vt 0.894897 0.593567
vt 0.894348 0.591766
vt 0.893799 0.589966
vt 0.896973 0.597046
vt 0.897461 0.596985
vt 0.897949 0.596924
vt 0.892151 0.584564
vt 0.892700 0.586365
vt 0.893250 0.588165
vt 0.899414 0.596741
vt 0.898926 0.596802
vt 0.898438 0.596863
vt 0.892484 0.595695
vt 0.892401 0.594043
vt 0.892810 0.594274
vt 0.892929 0.595771
vt 0.892320 0.592401
vt 0.892700 0.592816
vt 0.892230 0.590743
vt 0.892581 0.591342
vt 0.893208 0.594482
vt 0.893370 0.595843
vt 0.893059 0.593189
vt 0.892911 0.591905
vt 0.892165 0.586114
vt 0.892657 0.587636
vt 0.892630 0.588886
vt 0.892188 0.587665
vt 0.893147 0.589152
vt 0.893061 0.590092
vt 0.893641 0.590654
vt 0.893496 0.591285
vt 0.892610 0.590120
vt 0.892213 0.589211
vt 0.892986 0.591002
vt 0.893360 0.591877
vt 0.895039 0.595535
vt 0.894629 0.595665
vt 0.894247 0.594184
vt 0.894570 0.593907
vt 0.894221 0.595790
vt 0.893927 0.594437
vt 0.893817 0.595947
vt 0.893610 0.594716
vt 0.893870 0.592742
vt 0.894104 0.592290
vt 0.893642 0.593153
vt 0.893417 0.593562
vt 0.893229 0.592448
vt 0.892578 0.597382
vt 0.893066 0.597351
vt 0.893555 0.597321
vt 0.894043 0.597290
vt 0.895508 0.597198
vt 0.895020 0.597229
vt 0.894531 0.597260
vt 0.899339 0.598088
vt 0.899257 0.599407
vt 0.898873 0.599252
vt 0.898905 0.598059
vt 0.899174 0.600718
vt 0.898838 0.600414
vt 0.899098 0.602042
vt 0.898808 0.601587
vt 0.898499 0.599115
vt 0.898474 0.598035
vt 0.898518 0.600141
vt 0.898537 0.601161
vt 0.898701 0.605752
vt 0.898363 0.604567
vt 0.898514 0.603562
vt 0.898832 0.604509
vt 0.898028 0.603387
vt 0.898206 0.602627
vt 0.897687 0.602219
vt 0.897894 0.601702
vt 0.898658 0.602571
vt 0.898961 0.603270
vt 0.898372 0.601891
vt 0.898088 0.601217
vt 0.896784 0.598407
vt 0.897205 0.598272
vt 0.897437 0.599432
vt 0.897087 0.599678
vt 0.897623 0.598141
vt 0.897780 0.599205
vt 0.898040 0.597985
vt 0.898122 0.598957
vt 0.897667 0.600560
vt 0.897390 0.600941
vt 0.897935 0.600214
vt 0.898200 0.599868
vt 0.898275 0.600749
vt 0.899780 0.598145
vt 0.899658 0.599609
vt 0.899536 0.601074
vt 0.899414 0.602539
vt 0.898926 0.608398
vt 0.898560 0.606995
vt 0.899048 0.606934
vt 0.898193 0.605591
vt 0.897827 0.604187
vt 0.897461 0.602783
vt 0.899170 0.605469
vt 0.899292 0.604004
vt 0.896362 0.598572
vt 0.896729 0.599976
vt 0.897095 0.601379
vt 0.895827 0.599815
vt 0.896189 0.600999
vt 0.895687 0.602004
vt 0.895310 0.601058
vt 0.896548 0.602179
vt 0.896049 0.602939
vt 0.896919 0.603348
vt 0.896423 0.603865
vt 0.895202 0.602996
vt 0.894797 0.602296
vt 0.895581 0.603676
vt 0.895957 0.604349
vt 0.897743 0.607160
vt 0.896937 0.607295
vt 0.896765 0.606135
vt 0.897465 0.605888
vt 0.896136 0.607425
vt 0.896080 0.606361
vt 0.895331 0.607581
vt 0.895393 0.606610
vt 0.896589 0.605006
vt 0.897186 0.604625
vt 0.896018 0.605352
vt 0.895452 0.605698
vt 0.892953 0.607479
vt 0.893397 0.606159
vt 0.894071 0.606314
vt 0.893749 0.607507
vt 0.893840 0.604848
vt 0.894394 0.605152
vt 0.894273 0.603524
vt 0.894707 0.603979
vt 0.894732 0.606451
vt 0.894540 0.607532
vt 0.894925 0.605425
vt 0.895115 0.604406
vt 0.895508 0.604818
vt 0.895447 0.598633
vt 0.894897 0.600098
vt 0.894348 0.601562
vt 0.893799 0.603027
vt 0.898010 0.608459
vt 0.897095 0.608521
vt 0.896179 0.608582
vt 0.895264 0.608643
vt 0.892151 0.607422
vt 0.892517 0.608826
vt 0.892700 0.605957
vt 0.893250 0.604492
vt 0.893433 0.608765
vt 0.894348 0.608704
vt 0.892165 0.606212
vt 0.892189 0.605000
vt 0.892631 0.603999
vt 0.892657 0.604971
vt 0.892213 0.603792
vt 0.892610 0.603040
vt 0.892230 0.602596
vt 0.892581 0.602090
vt 0.893061 0.603011
vt 0.893147 0.603734
vt 0.892986 0.602310
vt 0.892911 0.601614
vt 0.892484 0.598707
vt 0.892928 0.598598
vt 0.892810 0.599779
vt 0.892401 0.600004
vt 0.893370 0.598493
vt 0.893208 0.599572
vt 0.893817 0.598363
vt 0.893610 0.599345
vt 0.892699 0.600928
vt 0.892320 0.601293
vt 0.893059 0.600597
vt 0.893417 0.600266
vt 0.895039 0.598548
vt 0.894570 0.599869
vt 0.894247 0.599689
vt 0.894629 0.598492
vt 0.894104 0.601182
vt 0.893870 0.600855
vt 0.893641 0.602508
vt 0.893496 0.602032
vt 0.893927 0.599528
vt 0.894221 0.598440
vt 0.893642 0.600560
vt 0.893360 0.601586
vt 0.893229 0.601156
vt 0.910345 0.616362
vt 0.908843 0.615259
vt 0.908482 0.614266
vt 0.909781 0.615142
vt 0.907350 0.614159
vt 0.907210 0.613400
vt 0.905852 0.613072
vt 0.905935 0.612544
vt 0.908114 0.613287
vt 0.909216 0.613926
vt 0.907059 0.612666
vt 0.906012 0.612050
vt 0.901403 0.609496
vt 0.902188 0.609312
vt 0.903453 0.610405
vt 0.902891 0.610689
vt 0.902972 0.609131
vt 0.904016 0.610141
vt 0.903735 0.608926
vt 0.904562 0.609857
vt 0.904694 0.611468
vt 0.904372 0.611873
vt 0.905018 0.611099
vt 0.905338 0.610729
vt 0.906513 0.608858
vt 0.907230 0.610146
vt 0.906327 0.610046
vt 0.905589 0.608886
vt 0.907940 0.611427
vt 0.907035 0.611176
vt 0.908674 0.612719
vt 0.907765 0.612316
vt 0.905454 0.609961
vt 0.904673 0.608918
vt 0.906184 0.610953
vt 0.906911 0.611938
vt 0.906087 0.611572
vt 0.912598 0.618896
vt 0.910889 0.617584
vt 0.911865 0.617462
vt 0.909180 0.616272
vt 0.907471 0.614960
vt 0.905762 0.613647
vt 0.911133 0.616028
vt 0.910400 0.614594
vt 0.909668 0.613159
vt 0.899902 0.608276
vt 0.900635 0.609711
vt 0.900879 0.608154
vt 0.901855 0.608032
vt 0.902832 0.607910
vt 0.902344 0.611023
vt 0.904053 0.612335
vt 0.906738 0.607422
vt 0.907471 0.608856
vt 0.905762 0.607544
vt 0.908203 0.610291
vt 0.908936 0.611725
vt 0.904785 0.607666
vt 0.903809 0.607788
vt 0.899939 0.606934
vt 0.899994 0.605618
vt 0.900778 0.605723
vt 0.900814 0.606907
vt 0.900051 0.604311
vt 0.900752 0.604569
vt 0.900091 0.602991
vt 0.900712 0.603404
vt 0.901542 0.605811
vt 0.901684 0.606877
vt 0.901418 0.604798
vt 0.901294 0.603792
vt 0.900578 0.599270
vt 0.901357 0.600399
vt 0.901137 0.601413
vt 0.900419 0.600517
vt 0.902130 0.601525
vt 0.901835 0.602299
vt 0.902914 0.602638
vt 0.902542 0.603175
vt 0.900931 0.602412
vt 0.900263 0.601758
vt 0.901564 0.603049
vt 0.902193 0.603680
vt 0.905049 0.606296
vt 0.904216 0.606482
vt 0.903651 0.605364
vt 0.904333 0.605076
vt 0.903386 0.606665
vt 0.902980 0.605632
vt 0.902561 0.606872
vt 0.902313 0.605920
vt 0.903093 0.604276
vt 0.903619 0.603865
vt 0.902584 0.604653
vt 0.902080 0.605028
vt 0.901855 0.604167
vt 0.900757 0.598022
vt 0.901611 0.599365
vt 0.902466 0.600708
vt 0.903320 0.602051
vt 0.905884 0.606079
vt 0.905029 0.604736
vt 0.904175 0.603394
vt 0.893629 0.619057
vt 0.894383 0.617687
vt 0.895306 0.617776
vt 0.894734 0.619006
vt 0.895135 0.616327
vt 0.895874 0.616577
vt 0.895873 0.614954
vt 0.896432 0.615367
vt 0.896213 0.617847
vt 0.895835 0.618952
vt 0.896586 0.616798
vt 0.896955 0.615755
vt 0.898419 0.611073
vt 0.898802 0.612227
vt 0.898000 0.613286
vt 0.897571 0.612373
vt 0.899180 0.613376
vt 0.898408 0.614189
vt 0.899578 0.614513
vt 0.898833 0.615081
vt 0.897222 0.614330
vt 0.896730 0.613668
vt 0.897680 0.614976
vt 0.898135 0.615615
vt 0.900335 0.618259
vt 0.899198 0.618474
vt 0.899077 0.617327
vt 0.900077 0.617010
vt 0.898068 0.618686
vt 0.898100 0.617623
vt 0.896932 0.618923
vt 0.897118 0.617940
vt 0.898947 0.616211
vt 0.899818 0.615769
vt 0.898117 0.616615
vt 0.897292 0.617019
vt 0.897461 0.616130
vt 0.892517 0.619080
vt 0.892883 0.620453
vt 0.893433 0.617554
vt 0.894348 0.616028
vt 0.895264 0.614502
vt 0.894165 0.620300
vt 0.895447 0.620148
vt 0.896729 0.619995
vt 0.899292 0.609772
vt 0.898010 0.609924
vt 0.899658 0.611145
vt 0.900024 0.612518
vt 0.900391 0.613892
vt 0.897095 0.611450
vt 0.896179 0.612976
vt 0.901855 0.619385
vt 0.900574 0.619537
vt 0.901489 0.618011
vt 0.899292 0.619690
vt 0.898010 0.619843
vt 0.901123 0.616638
vt 0.900757 0.615265
vt 0.900840 0.610876
vt 0.902363 0.611983
vt 0.902424 0.612926
vt 0.901074 0.612042
vt 0.903877 0.613086
vt 0.903742 0.613800
vt 0.905401 0.614178
vt 0.905070 0.614664
vt 0.902500 0.613856
vt 0.901310 0.613203
vt 0.903634 0.614491
vt 0.904759 0.615120
vt 0.909782 0.617742
vt 0.908666 0.617872
vt 0.907453 0.616787
vt 0.908315 0.616553
vt 0.907554 0.617998
vt 0.906597 0.617002
vt 0.906459 0.618147
vt 0.905756 0.617237
vt 0.906258 0.615732
vt 0.906854 0.615373
vt 0.905674 0.616058
vt 0.905096 0.616384
vt 0.902756 0.618061
vt 0.902349 0.616825
vt 0.903502 0.616967
vt 0.903990 0.618084
vt 0.901948 0.615596
vt 0.903039 0.615878
vt 0.901520 0.614354
vt 0.902553 0.614778
vt 0.904620 0.617092
vt 0.905215 0.618104
vt 0.904071 0.616131
vt 0.903523 0.615176
vt 0.904460 0.615560
vt 0.911255 0.618958
vt 0.909912 0.619019
vt 0.908569 0.619080
vt 0.907227 0.619141
vt 0.903198 0.619324
vt 0.904541 0.619263
vt 0.905884 0.619202
vt 0.897237 0.609863
vt 0.896462 0.611237
vt 0.895839 0.611074
vt 0.896462 0.609831
vt 0.895690 0.612603
vt 0.895224 0.612284
vt 0.894925 0.613983
vt 0.894615 0.613507
vt 0.895224 0.610929
vt 0.895690 0.609803
vt 0.894772 0.611999
vt 0.894324 0.613061
vt 0.892446 0.617846
vt 0.892394 0.616610
vt 0.893145 0.615563
vt 0.893273 0.616551
vt 0.892345 0.615378
vt 0.893029 0.614587
vt 0.892279 0.614159
vt 0.892899 0.613621
vt 0.893876 0.614531
vt 0.894095 0.615262
vt 0.893679 0.613821
vt 0.893481 0.613117
vt 0.892446 0.610182
vt 0.893273 0.610043
vt 0.893145 0.611253
vt 0.892394 0.611508
vt 0.894095 0.609909
vt 0.893876 0.611019
vt 0.894925 0.609749
vt 0.894615 0.610762
vt 0.893029 0.612431
vt 0.892345 0.612826
vt 0.893679 0.612071
vt 0.894324 0.611712
vt 0.894043 0.612630
vt 0.915640 0.626222
vt 0.915281 0.625215
vt 0.915733 0.624405
vt 0.916102 0.625215
vt 0.914926 0.624211
vt 0.915379 0.623606
vt 0.914559 0.623217
vt 0.915014 0.622814
vt 0.916169 0.623606
vt 0.916560 0.624211
vt 0.915804 0.623018
vt 0.915441 0.622436
vt 0.913724 0.619995
vt 0.914475 0.619927
vt 0.914656 0.620903
vt 0.914006 0.621070
vt 0.915222 0.619862
vt 0.915291 0.620752
vt 0.915970 0.619777
vt 0.915929 0.620583
vt 0.914840 0.621853
vt 0.914288 0.622137
vt 0.915367 0.621597
vt 0.915890 0.621340
vt 0.918195 0.619995
vt 0.917802 0.621070
vt 0.917170 0.620903
vt 0.917451 0.619927
vt 0.917411 0.622137
vt 0.916888 0.621853
vt 0.917029 0.623217
vt 0.916615 0.622814
vt 0.916550 0.620752
vt 0.916711 0.619862
vt 0.916387 0.621597
vt 0.916228 0.622436
vt 0.915853 0.622070
vt 0.915527 0.628418
vt 0.915161 0.627228
vt 0.916016 0.627228
vt 0.914795 0.626038
vt 0.914429 0.624847
vt 0.914062 0.623657
vt 0.916504 0.626038
vt 0.916992 0.624847
vt 0.917480 0.623657
vt 0.913452 0.618896
vt 0.912964 0.620087
vt 0.914307 0.618896
vt 0.915161 0.618896
vt 0.916016 0.618896
vt 0.913330 0.621277
vt 0.913696 0.622467
vt 0.919434 0.618896
vt 0.918945 0.620087
vt 0.918579 0.618896
vt 0.918457 0.621277
vt 0.917969 0.622467
vt 0.917725 0.618896
vt 0.916870 0.618896
vt 0.917744 0.617489
vt 0.917028 0.617576
vt 0.916346 0.616324
vt 0.916911 0.616111
vt 0.916314 0.617658
vt 0.915788 0.616518
vt 0.915609 0.617768
vt 0.915237 0.616734
vt 0.915675 0.615106
vt 0.916081 0.614741
vt 0.915280 0.615435
vt 0.914888 0.615764
vt 0.913273 0.617489
vt 0.913115 0.616111
vt 0.913832 0.616324
vt 0.914052 0.617576
vt 0.912959 0.614741
vt 0.913627 0.615106
vt 0.912787 0.613357
vt 0.913407 0.613874
vt 0.914530 0.616518
vt 0.914825 0.617658
vt 0.914259 0.615435
vt 0.913989 0.614359
vt 0.912635 0.609505
vt 0.913510 0.610796
vt 0.913473 0.611834
vt 0.912689 0.610796
vt 0.914379 0.612083
vt 0.914237 0.612859
vt 0.915256 0.613357
vt 0.915008 0.613874
vt 0.913447 0.612859
vt 0.912746 0.612083
vt 0.914114 0.613613
vt 0.914776 0.614359
vt 0.914551 0.614828
vt 0.918457 0.617371
vt 0.917480 0.615845
vt 0.916504 0.614319
vt 0.915527 0.612793
vt 0.912476 0.617371
vt 0.912354 0.615845
vt 0.912231 0.614319
vt 0.912109 0.612793
vt 0.911621 0.606689
vt 0.912598 0.608215
vt 0.911743 0.608215
vt 0.913574 0.609741
vt 0.914551 0.611267
vt 0.911865 0.609741
vt 0.911987 0.611267
vt 0.913613 0.626278
vt 0.912090 0.625326
vt 0.912029 0.624508
vt 0.913379 0.625267
vt 0.910577 0.624377
vt 0.910711 0.623757
vt 0.909053 0.623439
vt 0.909384 0.623015
vt 0.911953 0.623701
vt 0.913143 0.624261
vt 0.910820 0.623156
vt 0.909694 0.622617
vt 0.904671 0.620370
vt 0.905787 0.620251
vt 0.907001 0.621186
vt 0.906138 0.621394
vt 0.906899 0.620135
vt 0.907856 0.620994
vt 0.907994 0.619999
vt 0.908697 0.620784
vt 0.908195 0.622095
vt 0.907599 0.622410
vt 0.908779 0.621808
vt 0.909357 0.621521
vt 0.911697 0.620051
vt 0.912104 0.621122
vt 0.910951 0.621006
vt 0.910463 0.620038
vt 0.912505 0.622187
vt 0.911414 0.621948
vt 0.912934 0.623262
vt 0.911900 0.622900
vt 0.909833 0.620904
vt 0.909238 0.620028
vt 0.910382 0.621735
vt 0.910930 0.622561
vt 0.909994 0.622233
vt 0.913818 0.627289
vt 0.912109 0.626160
vt 0.910400 0.625031
vt 0.908691 0.623901
vt 0.903564 0.620514
vt 0.905273 0.621643
vt 0.906982 0.622772
vt 0.911809 0.616165
vt 0.911155 0.614957
vt 0.911157 0.613906
vt 0.911741 0.614869
vt 0.910504 0.613753
vt 0.910588 0.612954
vt 0.909849 0.612561
vt 0.910014 0.612013
vt 0.911152 0.612870
vt 0.911671 0.613578
vt 0.910659 0.612181
vt 0.910169 0.611499
vt 0.907977 0.608661
vt 0.908487 0.608496
vt 0.909002 0.609686
vt 0.908604 0.609961
vt 0.908995 0.608337
vt 0.909396 0.609431
vt 0.909496 0.608151
vt 0.909785 0.609154
vt 0.909509 0.610842
vt 0.909228 0.611253
vt 0.909784 0.610468
vt 0.910057 0.610094
vt 0.911171 0.608182
vt 0.911316 0.609555
vt 0.910798 0.609416
vt 0.910612 0.608178
vt 0.911458 0.610919
vt 0.910973 0.610623
vt 0.911613 0.612296
vt 0.911158 0.611841
vt 0.910295 0.609296
vt 0.910058 0.608177
vt 0.910513 0.610359
vt 0.910731 0.611415
vt 0.910319 0.611003
vt 0.907349 0.607330
vt 0.907959 0.607239
vt 0.908569 0.607147
vt 0.909180 0.607056
vt 0.911011 0.606781
vt 0.910400 0.606873
vt 0.909790 0.606964
vt 0.917499 0.636072
vt 0.917292 0.635030
vt 0.917918 0.634325
vt 0.918171 0.635177
vt 0.917088 0.633993
vt 0.917679 0.633486
vt 0.916869 0.632962
vt 0.917428 0.632652
vt 0.918526 0.633627
vt 0.918838 0.634285
vt 0.918238 0.632991
vt 0.917951 0.632361
vt 0.916541 0.629685
vt 0.917357 0.629753
vt 0.917380 0.630733
vt 0.916654 0.630779
vt 0.918169 0.629824
vt 0.918087 0.630700
vt 0.918986 0.629875
vt 0.918800 0.630650
vt 0.917410 0.631688
vt 0.916769 0.631866
vt 0.918020 0.631533
vt 0.918626 0.631378
vt 0.921331 0.630483
vt 0.920722 0.631457
vt 0.920073 0.631182
vt 0.920546 0.630285
vt 0.920114 0.632423
vt 0.919605 0.632054
vt 0.919515 0.633403
vt 0.919143 0.632938
vt 0.919435 0.630925
vt 0.919764 0.630090
vt 0.919113 0.631716
vt 0.918794 0.632501
vt 0.918457 0.632080
vt 0.916992 0.638184
vt 0.916809 0.636963
vt 0.917725 0.637115
vt 0.916626 0.635742
vt 0.916443 0.634521
vt 0.916260 0.633301
vt 0.918457 0.636047
vt 0.919189 0.634979
vt 0.919922 0.633911
vt 0.916443 0.628571
vt 0.915710 0.629639
vt 0.917358 0.628723
vt 0.918274 0.628876
vt 0.919189 0.629028
vt 0.915894 0.630859
vt 0.916077 0.632080
vt 0.922852 0.629639
vt 0.922119 0.630707
vt 0.921936 0.629486
vt 0.921387 0.631775
vt 0.920654 0.632843
vt 0.921021 0.629333
vt 0.920105 0.629181
vt 0.915246 0.635931
vt 0.913713 0.634898
vt 0.913802 0.634068
vt 0.915178 0.634898
vt 0.912190 0.633869
vt 0.912461 0.633248
vt 0.910653 0.632849
vt 0.911108 0.632436
vt 0.913873 0.633248
vt 0.915107 0.633869
vt 0.912700 0.632645
vt 0.911535 0.632048
vt 0.906305 0.629544
vt 0.907586 0.629475
vt 0.908774 0.630476
vt 0.907762 0.630647
vt 0.908862 0.629409
vt 0.909775 0.630321
vt 0.910124 0.629321
vt 0.910765 0.630148
vt 0.909945 0.631451
vt 0.909212 0.631742
vt 0.910659 0.631187
vt 0.911366 0.630924
vt 0.914288 0.629544
vt 0.914541 0.630647
vt 0.913264 0.630476
vt 0.912900 0.629475
vt 0.914788 0.631742
vt 0.913603 0.631451
vt 0.915063 0.632849
vt 0.913967 0.632436
vt 0.912022 0.630321
vt 0.911521 0.629409
vt 0.912481 0.631187
vt 0.912939 0.632048
vt 0.911947 0.631673
vt 0.915283 0.636963
vt 0.913574 0.635742
vt 0.911865 0.634521
vt 0.910156 0.633301
vt 0.903320 0.628418
vt 0.904846 0.628418
vt 0.905029 0.629639
vt 0.906372 0.628418
vt 0.907898 0.628418
vt 0.909424 0.628418
vt 0.906738 0.630859
vt 0.908447 0.632080
vt 0.914001 0.628418
vt 0.912476 0.628418
vt 0.910950 0.628418
vt 0.921613 0.628259
vt 0.920810 0.628198
vt 0.920588 0.627118
vt 0.921279 0.627055
vt 0.920012 0.628134
vt 0.919911 0.627166
vt 0.919212 0.628091
vt 0.919233 0.627233
vt 0.920363 0.626065
vt 0.920945 0.625858
vt 0.919805 0.626246
vt 0.919252 0.626428
vt 0.916822 0.627461
vt 0.917211 0.626377
vt 0.917894 0.626669
vt 0.917622 0.627666
vt 0.917600 0.625301
vt 0.918168 0.625699
vt 0.917977 0.624210
vt 0.918432 0.624717
vt 0.918563 0.626942
vt 0.918417 0.627868
vt 0.918712 0.626064
vt 0.918859 0.625192
vt 0.919377 0.621233
vt 0.919791 0.622378
vt 0.919331 0.623167
vt 0.918912 0.622232
vt 0.920201 0.623519
vt 0.919734 0.624088
vt 0.920623 0.624651
vt 0.920148 0.625003
vt 0.918887 0.623947
vt 0.918451 0.623227
vt 0.919295 0.624643
vt 0.919702 0.625333
vt 0.919271 0.625651
vt 0.922424 0.628296
vt 0.921997 0.626953
vt 0.921570 0.625610
vt 0.921143 0.624268
vt 0.919861 0.620239
vt 0.920288 0.621582
vt 0.920715 0.622925
vt 0.903601 0.621468
vt 0.905134 0.622424
vt 0.905045 0.623192
vt 0.903669 0.622424
vt 0.906658 0.623376
vt 0.906387 0.623950
vt 0.908195 0.624319
vt 0.907740 0.624702
vt 0.904975 0.623950
vt 0.903741 0.623376
vt 0.906148 0.624508
vt 0.907313 0.625060
vt 0.912543 0.627376
vt 0.911262 0.627440
vt 0.910074 0.626514
vt 0.911086 0.626356
vt 0.909985 0.627502
vt 0.909072 0.626658
vt 0.908724 0.627583
vt 0.908083 0.626818
vt 0.908903 0.625613
vt 0.909635 0.625343
vt 0.908189 0.625856
vt 0.907482 0.626100
vt 0.904559 0.627376
vt 0.904307 0.626356
vt 0.905584 0.626514
vt 0.905948 0.627440
vt 0.904060 0.625343
vt 0.905244 0.625613
vt 0.903785 0.624319
vt 0.904880 0.624702
vt 0.906826 0.626658
vt 0.907327 0.627502
vt 0.906367 0.625856
vt 0.905908 0.625060
vt 0.906901 0.625407
vt 0.902039 0.620514
vt 0.902222 0.621643
vt 0.902405 0.622772
vt 0.902588 0.623901
vt 0.903137 0.627289
vt 0.902954 0.626160
vt 0.902771 0.625031
vt 0.905066 0.630586
vt 0.906599 0.631624
vt 0.906510 0.632380
vt 0.905134 0.631536
vt 0.908122 0.632658
vt 0.907852 0.633211
vt 0.909660 0.633685
vt 0.909205 0.634036
vt 0.906440 0.633126
vt 0.905206 0.632483
vt 0.907613 0.633749
vt 0.908778 0.634366
vt 0.914008 0.636973
vt 0.912727 0.636960
vt 0.911539 0.635971
vt 0.912551 0.635876
vt 0.911450 0.636944
vt 0.910537 0.636053
vt 0.910189 0.636948
vt 0.909548 0.636152
vt 0.910367 0.635008
vt 0.911100 0.634785
vt 0.909654 0.635207
vt 0.908947 0.635405
vt 0.906024 0.636494
vt 0.905772 0.635469
vt 0.907049 0.635702
vt 0.907413 0.636641
vt 0.905525 0.634451
vt 0.906709 0.634789
vt 0.905249 0.633420
vt 0.906345 0.633865
vt 0.908290 0.635918
vt 0.908792 0.636784
vt 0.907831 0.635097
vt 0.907373 0.634282
vt 0.908366 0.634684
vt 0.903503 0.629547
vt 0.903687 0.630676
vt 0.903870 0.631805
vt 0.904053 0.632935
vt 0.915466 0.638092
vt 0.913940 0.638000
vt 0.912415 0.637909
vt 0.910889 0.637817
vt 0.904785 0.637451
vt 0.904602 0.636322
vt 0.906311 0.637543
vt 0.904419 0.635193
vt 0.904236 0.634064
vt 0.907837 0.637634
vt 0.909363 0.637726
vt 0.903152 0.635565
vt 0.901729 0.634802
vt 0.901801 0.634004
vt 0.903077 0.634597
vt 0.900315 0.634042
vt 0.900557 0.633416
vt 0.898889 0.633292
vt 0.899303 0.632837
vt 0.901856 0.633219
vt 0.902999 0.633633
vt 0.900770 0.632813
vt 0.899691 0.632411
vt 0.894849 0.630775
vt 0.896027 0.630530
vt 0.897132 0.631310
vt 0.896203 0.631614
vt 0.897200 0.630288
vt 0.898052 0.631024
vt 0.898360 0.630029
vt 0.898960 0.630722
vt 0.898221 0.632068
vt 0.897550 0.632447
vt 0.898875 0.631719
vt 0.899522 0.631371
vt 0.902194 0.629657
vt 0.902439 0.630664
vt 0.901262 0.630682
vt 0.900916 0.629785
vt 0.902680 0.631666
vt 0.901587 0.631556
vt 0.902946 0.632675
vt 0.901933 0.632437
vt 0.900118 0.630709
vt 0.899646 0.629916
vt 0.900551 0.631464
vt 0.900983 0.632214
vt 0.900065 0.631999
vt 0.903198 0.636536
vt 0.901611 0.635620
vt 0.900024 0.634705
vt 0.898438 0.633789
vt 0.893494 0.629913
vt 0.893677 0.631042
vt 0.894897 0.629700
vt 0.896301 0.629486
vt 0.897705 0.629272
vt 0.895264 0.631958
vt 0.896851 0.632874
vt 0.901917 0.628632
vt 0.900513 0.628845
vt 0.899109 0.629059
vt 0.894511 0.628691
vt 0.895534 0.627490
vt 0.896514 0.627503
vt 0.895710 0.628574
vt 0.896553 0.626297
vt 0.897311 0.626458
vt 0.897560 0.625095
vt 0.898097 0.625405
vt 0.897480 0.627503
vt 0.896903 0.628456
vt 0.898044 0.626596
vt 0.898602 0.625696
vt 0.900898 0.621665
vt 0.901133 0.622609
vt 0.900106 0.623552
vt 0.899785 0.622814
vt 0.901363 0.623549
vt 0.900407 0.624283
vt 0.901617 0.624477
vt 0.900728 0.625004
vt 0.899108 0.624481
vt 0.898680 0.623957
vt 0.899502 0.624993
vt 0.899894 0.625499
vt 0.901856 0.627573
vt 0.900599 0.627830
vt 0.900645 0.626875
vt 0.901771 0.626541
vt 0.899349 0.628083
vt 0.899547 0.627188
vt 0.898089 0.628358
vt 0.898440 0.627521
vt 0.900677 0.625946
vt 0.901683 0.625517
vt 0.899720 0.626341
vt 0.898770 0.626735
vt 0.899089 0.625977
vt 0.893311 0.628784
vt 0.894531 0.627441
vt 0.895752 0.626099
vt 0.896973 0.624756
vt 0.900635 0.620728
vt 0.899414 0.622070
vt 0.898193 0.623413
vt 0.899000 0.649800
vt 0.899812 0.648241
vt 0.900677 0.648705
vt 0.900047 0.650145
vt 0.900622 0.646692
vt 0.901302 0.647306
vt 0.901421 0.645123
vt 0.901917 0.645888
vt 0.901528 0.649141
vt 0.901089 0.650484
vt 0.901957 0.647869
vt 0.902382 0.646605
vt 0.904109 0.640858
vt 0.904385 0.642552
vt 0.903550 0.643677
vt 0.903214 0.642289
vt 0.904658 0.644239
vt 0.903869 0.645044
vt 0.904949 0.645916
vt 0.904204 0.646402
vt 0.902740 0.644789
vt 0.902324 0.643714
vt 0.903124 0.645828
vt 0.903506 0.646858
vt 0.905387 0.651237
vt 0.904298 0.651102
vt 0.904269 0.649513
vt 0.905236 0.649461
vt 0.903216 0.650963
vt 0.903325 0.649545
vt 0.902126 0.650856
vt 0.902375 0.649605
vt 0.904229 0.647964
vt 0.905083 0.647696
vt 0.903415 0.648197
vt 0.902607 0.648431
vt 0.902832 0.647298
vt 0.897949 0.649414
vt 0.898193 0.651398
vt 0.898926 0.647705
vt 0.899902 0.645996
vt 0.900879 0.644287
vt 0.899414 0.651672
vt 0.900635 0.651947
vt 0.901855 0.652222
vt 0.905029 0.639435
vt 0.903809 0.639160
vt 0.905273 0.641418
vt 0.905518 0.643402
vt 0.905762 0.645386
vt 0.902832 0.640869
vt 0.901855 0.642578
vt 0.906738 0.653320
vt 0.905518 0.653046
vt 0.906494 0.651337
vt 0.904297 0.652771
vt 0.903076 0.652496
vt 0.906250 0.649353
vt 0.906006 0.647369
vt 0.895244 0.640718
vt 0.896488 0.640389
vt 0.896642 0.641604
vt 0.895550 0.642029
vt 0.897724 0.640064
vt 0.897708 0.641202
vt 0.898967 0.639713
vt 0.898781 0.640777
vt 0.896805 0.642784
vt 0.895857 0.643331
vt 0.897709 0.642279
vt 0.898606 0.641776
vt 0.902589 0.639281
vt 0.901787 0.640809
vt 0.900772 0.640795
vt 0.901377 0.639432
vt 0.900987 0.642328
vt 0.900170 0.642125
vt 0.900202 0.643858
vt 0.899581 0.643465
vt 0.899775 0.640798
vt 0.900170 0.639586
vt 0.899385 0.641951
vt 0.898999 0.643097
vt 0.897479 0.648223
vt 0.897038 0.647025
vt 0.897899 0.645824
vt 0.898386 0.646761
vt 0.896602 0.645830
vt 0.897434 0.644895
vt 0.896144 0.644652
vt 0.896951 0.643980
vt 0.898733 0.644641
vt 0.899285 0.645306
vt 0.898219 0.643992
vt 0.897707 0.643350
vt 0.898438 0.642741
vt 0.894958 0.639374
vt 0.896362 0.639099
vt 0.897766 0.638824
vt 0.899170 0.638550
vt 0.903381 0.637726
vt 0.901978 0.638000
vt 0.900574 0.638275
vt 0.915209 0.647115
vt 0.913882 0.645793
vt 0.914137 0.644809
vt 0.915347 0.645880
vt 0.912565 0.644476
vt 0.912960 0.643752
vt 0.911232 0.643169
vt 0.911769 0.642704
vt 0.914372 0.643837
vt 0.915481 0.644650
vt 0.913319 0.643048
vt 0.912273 0.642267
vt 0.907544 0.638972
vt 0.908839 0.638966
vt 0.909827 0.640229
vt 0.908781 0.640372
vt 0.910129 0.638963
vt 0.910860 0.640105
vt 0.911408 0.638935
vt 0.911884 0.639959
vt 0.910803 0.641460
vt 0.910012 0.641764
vt 0.911570 0.641190
vt 0.912330 0.640919
vt 0.915528 0.639451
vt 0.915560 0.640779
vt 0.914317 0.640499
vt 0.914153 0.639285
vt 0.915588 0.642098
vt 0.914462 0.641680
vt 0.915642 0.643433
vt 0.914629 0.642875
vt 0.913106 0.640240
vt 0.912788 0.639123
vt 0.913392 0.641299
vt 0.913678 0.642351
vt 0.912760 0.641846
vt 0.916504 0.649902
vt 0.915039 0.648346
vt 0.916565 0.648438
vt 0.913574 0.646790
vt 0.912109 0.645233
vt 0.910645 0.643677
vt 0.916626 0.646973
vt 0.916687 0.645508
vt 0.916748 0.644043
vt 0.906250 0.639008
vt 0.907715 0.640564
vt 0.909180 0.642120
vt 0.916931 0.639648
vt 0.916870 0.641113
vt 0.916809 0.642578
vt 0.893723 0.632070
vt 0.895146 0.632829
vt 0.895074 0.633677
vt 0.893798 0.633093
vt 0.896560 0.633586
vt 0.896318 0.634257
vt 0.897986 0.634331
vt 0.897572 0.634827
vt 0.895019 0.634511
vt 0.893876 0.634111
vt 0.896105 0.634904
vt 0.897185 0.635293
vt 0.902026 0.636860
vt 0.900848 0.637160
vt 0.899743 0.636371
vt 0.900672 0.636017
vt 0.899675 0.637456
vt 0.898823 0.636706
vt 0.898515 0.637771
vt 0.897916 0.637057
vt 0.898654 0.635605
vt 0.899325 0.635181
vt 0.898000 0.635997
vt 0.897353 0.636388
vt 0.894681 0.638297
vt 0.894436 0.637238
vt 0.895613 0.637179
vt 0.895959 0.638117
vt 0.894195 0.636185
vt 0.895288 0.636263
vt 0.893929 0.635125
vt 0.894942 0.635342
vt 0.896757 0.637111
vt 0.897229 0.637935
vt 0.896324 0.636325
vt 0.895892 0.635546
vt 0.896810 0.635742
vt 0.907639 0.651096
vt 0.907349 0.649329
vt 0.908385 0.649256
vt 0.908756 0.650823
vt 0.907064 0.647572
vt 0.908035 0.647726
vt 0.906755 0.645803
vt 0.907665 0.646186
vt 0.909390 0.649166
vt 0.909864 0.650547
vt 0.908954 0.647851
vt 0.908518 0.646545
vt 0.906362 0.640717
vt 0.907671 0.642010
vt 0.907666 0.643419
vt 0.906499 0.642420
vt 0.908972 0.643299
vt 0.908805 0.644410
vt 0.910283 0.644569
vt 0.909952 0.645385
vt 0.907675 0.644806
vt 0.906639 0.644116
vt 0.908662 0.645482
vt 0.909642 0.646151
vt 0.914026 0.648861
vt 0.913007 0.649335
vt 0.911976 0.647999
vt 0.912773 0.647431
vt 0.911991 0.649803
vt 0.911188 0.648537
vt 0.910989 0.650302
vt 0.910410 0.649103
vt 0.910962 0.646702
vt 0.911525 0.646011
vt 0.910411 0.647341
vt 0.909867 0.647978
vt 0.909343 0.646891
vt 0.907959 0.652893
vt 0.909180 0.652466
vt 0.910400 0.652039
vt 0.911621 0.651611
vt 0.915283 0.650330
vt 0.914062 0.650757
vt 0.912842 0.651184
vt 0.919510 0.658937
vt 0.917839 0.658135
vt 0.917553 0.657120
vt 0.919011 0.657724
vt 0.916178 0.657334
vt 0.916128 0.656518
vt 0.914510 0.656549
vt 0.914696 0.655929
vt 0.917257 0.656123
vt 0.918511 0.656518
vt 0.916059 0.655733
vt 0.914871 0.655347
vt 0.909610 0.653827
vt 0.910605 0.653386
vt 0.911986 0.654246
vt 0.911250 0.654733
vt 0.911598 0.652949
vt 0.912721 0.653781
vt 0.912569 0.652492
vt 0.913438 0.653298
vt 0.913342 0.655080
vt 0.912881 0.655633
vt 0.913800 0.654566
vt 0.914252 0.654055
vt 0.915997 0.651592
vt 0.916673 0.652835
vt 0.915578 0.652989
vt 0.914856 0.651898
vt 0.917342 0.654072
vt 0.916269 0.654056
vt 0.918038 0.655314
vt 0.916983 0.655128
vt 0.914518 0.653152
vt 0.913725 0.652205
vt 0.915258 0.654056
vt 0.915994 0.654954
vt 0.915039 0.654785
vt 0.921875 0.661133
vt 0.919983 0.660156
vt 0.921204 0.659729
vt 0.918091 0.659180
vt 0.916199 0.658203
vt 0.914307 0.657227
vt 0.920532 0.658325
vt 0.919861 0.656921
vt 0.919189 0.655518
vt 0.908630 0.654297
vt 0.910522 0.655273
vt 0.912415 0.656250
vt 0.917175 0.651306
vt 0.917847 0.652710
vt 0.918518 0.654114
vt 0.921537 0.657472
vt 0.920913 0.656350
vt 0.921258 0.654444
vt 0.921851 0.655237
vt 0.920295 0.655230
vt 0.920683 0.653649
vt 0.919664 0.654140
vt 0.920098 0.652879
vt 0.921586 0.652576
vt 0.922161 0.653013
vt 0.921044 0.652133
vt 0.920505 0.651696
vt 0.918024 0.650128
vt 0.918868 0.649000
vt 0.919282 0.650314
vt 0.918575 0.651461
vt 0.919708 0.647884
vt 0.919977 0.649210
vt 0.920546 0.646731
vt 0.920670 0.648075
vt 0.919694 0.651582
vt 0.919124 0.652784
vt 0.920242 0.650456
vt 0.920786 0.649336
vt 0.923134 0.644060
vt 0.922914 0.646309
vt 0.922155 0.646902
vt 0.922269 0.644962
vt 0.922693 0.648547
vt 0.922036 0.648802
vt 0.922486 0.650789
vt 0.921928 0.650706
vt 0.921414 0.647503
vt 0.921410 0.645863
vt 0.921409 0.649071
vt 0.921404 0.650628
vt 0.920898 0.650553
vt 0.922180 0.658569
vt 0.922485 0.656006
vt 0.922791 0.653442
vt 0.923096 0.650879
vt 0.917480 0.648743
vt 0.918457 0.647583
vt 0.919434 0.646423
vt 0.920410 0.645264
vt 0.924316 0.640625
vt 0.924011 0.643188
vt 0.923340 0.641785
vt 0.923706 0.645752
vt 0.923401 0.648315
vt 0.922363 0.642944
vt 0.921387 0.644104
vt 0.917461 0.647481
vt 0.917461 0.646224
vt 0.918253 0.645478
vt 0.918340 0.646517
vt 0.917462 0.644973
vt 0.918178 0.644455
vt 0.917448 0.643727
vt 0.918089 0.643437
vt 0.919025 0.644738
vt 0.919213 0.645556
vt 0.918858 0.643948
vt 0.918690 0.643166
vt 0.917781 0.639817
vt 0.918611 0.640009
vt 0.918433 0.641168
vt 0.917673 0.641122
vt 0.919436 0.640203
vt 0.919172 0.641225
vt 0.920270 0.640375
vt 0.919919 0.641264
vt 0.918268 0.642299
vt 0.917569 0.642420
vt 0.918931 0.642199
vt 0.919589 0.642098
vt 0.922571 0.641413
vt 0.921741 0.642478
vt 0.921126 0.642066
vt 0.921799 0.641072
vt 0.920914 0.643535
vt 0.920463 0.643030
vt 0.920094 0.644609
vt 0.919805 0.644009
vt 0.920519 0.641675
vt 0.921031 0.640735
vt 0.920024 0.642564
vt 0.919533 0.643447
vt 0.919271 0.642904
vt 0.917908 0.638489
vt 0.918823 0.638794
vt 0.919739 0.639099
vt 0.920654 0.639404
vt 0.923401 0.640320
vt 0.922485 0.640015
vt 0.921570 0.639709
vt 0.923303 0.639076
vt 0.922486 0.638879
vt 0.922464 0.637795
vt 0.923190 0.637853
vt 0.921675 0.638680
vt 0.921756 0.637726
vt 0.920857 0.638501
vt 0.921044 0.637674
vt 0.922434 0.636738
vt 0.923075 0.636638
vt 0.921824 0.636817
vt 0.921218 0.636898
vt 0.918513 0.637480
vt 0.919122 0.636498
vt 0.919770 0.636897
vt 0.919298 0.637816
vt 0.919729 0.635523
vt 0.920239 0.636006
vt 0.920328 0.634532
vt 0.920700 0.635101
vt 0.920409 0.637277
vt 0.920080 0.638148
vt 0.920731 0.636453
vt 0.921050 0.635634
vt 0.922345 0.631891
vt 0.922552 0.633071
vt 0.921925 0.633755
vt 0.921673 0.632778
vt 0.922756 0.634245
vt 0.922165 0.634716
vt 0.922974 0.635414
vt 0.922416 0.635673
vt 0.921317 0.634433
vt 0.921006 0.633662
vt 0.921605 0.635177
vt 0.921892 0.635915
vt 0.921387 0.636149
vt 0.924133 0.639252
vt 0.923950 0.637878
vt 0.923767 0.636505
vt 0.923584 0.635132
vt 0.923035 0.631012
vt 0.923218 0.632385
vt 0.923401 0.633759
vt 0.908597 0.655488
vt 0.910299 0.656292
vt 0.910134 0.657282
vt 0.908599 0.656673
vt 0.911990 0.657094
vt 0.911629 0.657887
vt 0.913697 0.657881
vt 0.913139 0.658481
vt 0.909991 0.658255
vt 0.908606 0.657852
vt 0.911308 0.658651
vt 0.912615 0.659043
vt 0.918496 0.660598
vt 0.917005 0.661012
vt 0.915701 0.660155
vt 0.916888 0.659693
vt 0.915520 0.661421
vt 0.914528 0.660596
vt 0.914050 0.661850
vt 0.913367 0.661054
vt 0.914415 0.659325
vt 0.915287 0.658796
vt 0.913567 0.659817
vt 0.912727 0.660308
vt 0.909235 0.662674
vt 0.909024 0.661456
vt 0.910493 0.661323
vt 0.910841 0.662393
vt 0.908819 0.660245
vt 0.910171 0.660277
vt 0.908581 0.659028
vt 0.909822 0.659224
vt 0.911922 0.661180
vt 0.912436 0.662112
vt 0.911453 0.660291
vt 0.910986 0.659409
vt 0.912109 0.659587
vt 0.906860 0.654694
vt 0.906982 0.656067
vt 0.907104 0.657440
vt 0.907227 0.658813
vt 0.920105 0.661530
vt 0.918335 0.661926
vt 0.916565 0.662323
vt 0.914795 0.662720
vt 0.907593 0.662933
vt 0.909485 0.663910
vt 0.907471 0.661560
vt 0.907349 0.660187
vt 0.911255 0.663513
vt 0.913025 0.663116
vt 0.899338 0.652897
vt 0.900364 0.653051
vt 0.901294 0.654364
vt 0.900481 0.654370
vt 0.901386 0.653208
vt 0.902099 0.654375
vt 0.902397 0.653339
vt 0.902894 0.654363
vt 0.902212 0.655645
vt 0.901620 0.655833
vt 0.902788 0.655485
vt 0.903359 0.655323
vt 0.905725 0.654334
vt 0.905904 0.655590
vt 0.904886 0.655173
vt 0.904615 0.654008
vt 0.906080 0.656837
vt 0.905138 0.656304
vt 0.906278 0.658102
vt 0.905410 0.657451
vt 0.903896 0.654779
vt 0.903513 0.653687
vt 0.904246 0.655813
vt 0.904595 0.656840
vt 0.906363 0.661519
vt 0.905157 0.660109
vt 0.905245 0.659213
vt 0.906330 0.660373
vt 0.903959 0.658705
vt 0.904189 0.658072
vt 0.902750 0.657308
vt 0.903122 0.656936
vt 0.905318 0.658326
vt 0.906293 0.659230
vt 0.904392 0.657453
vt 0.903471 0.656587
vt 0.903809 0.656250
vt 0.906851 0.606014
vt 0.906375 0.604724
vt 0.906944 0.604849
vt 0.907430 0.606013
vt 0.905904 0.603442
vt 0.906477 0.603716
vt 0.905417 0.602147
vt 0.905996 0.602571
vt 0.907493 0.604958
vt 0.908004 0.606009
vt 0.907015 0.603960
vt 0.906539 0.602969
vt 0.904296 0.598509
vt 0.905261 0.599641
vt 0.905507 0.600629
vt 0.904675 0.599729
vt 0.906220 0.600767
vt 0.906323 0.601519
vt 0.907181 0.601883
vt 0.907140 0.602400
vt 0.905758 0.601604
vt 0.905053 0.600943
vt 0.906432 0.602247
vt 0.907101 0.602885
vt 0.910044 0.605535
vt 0.909556 0.605694
vt 0.908740 0.604580
vt 0.909087 0.604317
vt 0.909068 0.605849
vt 0.908392 0.604823
vt 0.908593 0.606028
vt 0.908055 0.605088
vt 0.907940 0.603496
vt 0.908134 0.603107
vt 0.907744 0.603851
vt 0.907551 0.604205
vt 0.907064 0.603353
vt 0.906250 0.605988
vt 0.905762 0.604553
vt 0.905273 0.603119
vt 0.904785 0.601685
vt 0.903931 0.597290
vt 0.903320 0.597382
vt 0.905029 0.598633
vt 0.906128 0.599976
vt 0.907227 0.601318
vt 0.903809 0.598816
vt 0.904297 0.600250
vt 0.910522 0.605347
vt 0.909424 0.604004
vt 0.908325 0.602661
vt 0.899547 0.620764
vt 0.898517 0.621969
vt 0.897637 0.621906
vt 0.898458 0.620826
vt 0.897491 0.623165
vt 0.896825 0.622958
vt 0.896476 0.624372
vt 0.896021 0.624021
vt 0.896768 0.621857
vt 0.897375 0.620890
vt 0.896179 0.622777
vt 0.895594 0.623691
vt 0.893160 0.627790
vt 0.893035 0.626791
vt 0.894045 0.625857
vt 0.894266 0.626645
vt 0.892914 0.625796
vt 0.893841 0.625077
vt 0.892771 0.624813
vt 0.893619 0.624306
vt 0.895027 0.624936
vt 0.895364 0.625505
vt 0.894721 0.624381
vt 0.894414 0.623831
vt 0.892841 0.621563
vt 0.893995 0.621357
vt 0.893865 0.622355
vt 0.892823 0.622646
vt 0.895141 0.621156
vt 0.894881 0.622082
vt 0.896300 0.620932
vt 0.895907 0.621790
vt 0.893752 0.623324
vt 0.892808 0.623723
vt 0.894648 0.622959
vt 0.895538 0.622595
vt 0.895182 0.623372
vt 0.902945 0.597355
vt 0.903406 0.598645
vt 0.903038 0.598520
vt 0.902586 0.597356
vt 0.903864 0.599927
vt 0.903474 0.599653
vt 0.904334 0.601222
vt 0.903920 0.600798
vt 0.902684 0.598411
vt 0.902231 0.597360
vt 0.903109 0.599409
vt 0.903532 0.600400
vt 0.905499 0.604860
vt 0.904756 0.603728
vt 0.904474 0.602740
vt 0.905107 0.603641
vt 0.904015 0.602602
vt 0.903854 0.601850
vt 0.903275 0.601486
vt 0.903234 0.600969
vt 0.904193 0.601765
vt 0.904715 0.602427
vt 0.903692 0.601122
vt 0.903195 0.600485
vt 0.901029 0.597834
vt 0.901311 0.597675
vt 0.901960 0.598789
vt 0.901780 0.599052
vt 0.901593 0.597520
vt 0.902144 0.598546
vt 0.901864 0.597341
vt 0.902319 0.598282
vt 0.902596 0.599873
vt 0.902526 0.600262
vt 0.902672 0.599518
vt 0.902746 0.599164
vt 0.903158 0.600016
vt 0.978063 0.309870
vt 0.979871 0.309822
vt 0.981324 0.310523
vt 0.979871 0.310642
vt 0.981672 0.309775
vt 0.982759 0.310414
vt 0.983456 0.309714
vt 0.984180 0.310293
vt 0.982759 0.311205
vt 0.981672 0.311409
vt 0.983814 0.311021
vt 0.984859 0.310836
vt 0.989240 0.309870
vt 0.989362 0.310642
vt 0.987609 0.310523
vt 0.987311 0.309822
vt 0.989477 0.311409
vt 0.987880 0.311205
vt 0.989630 0.312184
vt 0.988183 0.311894
vt 0.985904 0.310414
vt 0.985394 0.309775
vt 0.986365 0.311021
vt 0.986825 0.311623
vt 0.989240 0.314341
vt 0.987311 0.313618
vt 0.987610 0.313037
vt 0.989362 0.313618
vt 0.985394 0.312898
vt 0.985904 0.312463
vt 0.983456 0.312184
vt 0.984180 0.311894
vt 0.987880 0.312463
vt 0.989477 0.312898
vt 0.986365 0.312041
vt 0.984859 0.311623
vt 0.985514 0.311361
vt 0.974121 0.309082
vt 0.976257 0.309082
vt 0.976257 0.309937
vt 0.978394 0.309082
vt 0.980530 0.309082
vt 0.982666 0.309082
vt 0.978394 0.310791
vt 0.980530 0.311646
vt 0.982666 0.312500
vt 0.991211 0.309082
vt 0.991211 0.309937
vt 0.989075 0.309082
vt 0.991211 0.310791
vt 0.991211 0.311646
vt 0.991211 0.312500
vt 0.986938 0.309082
vt 0.984802 0.309082
vt 0.991211 0.315918
vt 0.989075 0.315063
vt 0.991211 0.315063
vt 0.986938 0.314209
vt 0.984802 0.313354
vt 0.991211 0.314209
vt 0.991211 0.313354
vt 0.976092 0.310659
vt 0.978021 0.311382
vt 0.977723 0.311963
vt 0.975970 0.311382
vt 0.979938 0.312102
vt 0.979428 0.312537
vt 0.981876 0.312816
vt 0.981152 0.313106
vt 0.977452 0.312537
vt 0.975855 0.312102
vt 0.978967 0.312959
vt 0.980473 0.313377
vt 0.987269 0.315130
vt 0.985461 0.315178
vt 0.984008 0.314477
vt 0.985461 0.314358
vt 0.983660 0.315225
vt 0.982573 0.314586
vt 0.981876 0.315286
vt 0.981152 0.314707
vt 0.982573 0.313795
vt 0.983660 0.313591
vt 0.981518 0.313979
vt 0.980473 0.314164
vt 0.976092 0.315130
vt 0.975970 0.314358
vt 0.977723 0.314477
vt 0.978021 0.315178
vt 0.975855 0.313591
vt 0.977452 0.313795
vt 0.975702 0.312816
vt 0.977149 0.313106
vt 0.979428 0.314586
vt 0.979938 0.315225
vt 0.978967 0.313979
vt 0.978507 0.313377
vt 0.979818 0.313639
vt 0.974121 0.309937
vt 0.974121 0.310791
vt 0.974121 0.311646
vt 0.974121 0.312500
vt 0.989075 0.315918
vt 0.986938 0.315918
vt 0.984802 0.315918
vt 0.982666 0.315918
vt 0.974121 0.315918
vt 0.974121 0.315063
vt 0.976257 0.315918
vt 0.974121 0.314209
vt 0.974121 0.313354
vt 0.978394 0.315918
vt 0.980530 0.315918
vt 0.978063 0.316706
vt 0.979871 0.316658
vt 0.981324 0.317359
vt 0.979871 0.317478
vt 0.981672 0.316611
vt 0.982759 0.317250
vt 0.983456 0.316550
vt 0.984180 0.317129
vt 0.982759 0.318041
vt 0.981672 0.318245
vt 0.983814 0.317856
vt 0.984859 0.317672
vt 0.989240 0.316706
vt 0.989362 0.317478
vt 0.987609 0.317359
vt 0.987311 0.316658
vt 0.989477 0.318245
vt 0.987880 0.318041
vt 0.989630 0.319020
vt 0.988183 0.318730
vt 0.985904 0.317250
vt 0.985394 0.316611
vt 0.986365 0.317856
vt 0.986825 0.318459
vt 0.989240 0.321177
vt 0.987311 0.320454
vt 0.987610 0.319873
vt 0.989362 0.320454
vt 0.985394 0.319734
vt 0.985904 0.319299
vt 0.983456 0.319020
vt 0.984180 0.318730
vt 0.987880 0.319299
vt 0.989477 0.319734
vt 0.986365 0.318877
vt 0.984859 0.318459
vt 0.985514 0.318197
vt 0.976257 0.316772
vt 0.978394 0.317627
vt 0.980530 0.318481
vt 0.982666 0.319336
vt 0.991211 0.316772
vt 0.991211 0.317627
vt 0.991211 0.318481
vt 0.991211 0.319336
vt 0.991211 0.322754
vt 0.989075 0.321899
vt 0.991211 0.321899
vt 0.986938 0.321045
vt 0.984802 0.320190
vt 0.991211 0.321045
vt 0.991211 0.320190
vt 0.976092 0.317495
vt 0.978021 0.318218
vt 0.977723 0.318799
vt 0.975970 0.318218
vt 0.979938 0.318938
vt 0.979428 0.319373
vt 0.981876 0.319652
vt 0.981152 0.319942
vt 0.977452 0.319373
vt 0.975855 0.318938
vt 0.978967 0.319795
vt 0.980473 0.320213
vt 0.987269 0.321965
vt 0.985461 0.322014
vt 0.984008 0.321313
vt 0.985461 0.321194
vt 0.983660 0.322061
vt 0.982573 0.321422
vt 0.981876 0.322122
vt 0.981152 0.321543
vt 0.982573 0.320631
vt 0.983660 0.320427
vt 0.981518 0.320815
vt 0.980473 0.321000
vt 0.976092 0.321965
vt 0.975970 0.321194
vt 0.977723 0.321313
vt 0.978021 0.322014
vt 0.975855 0.320427
vt 0.977452 0.320631
vt 0.975702 0.319652
vt 0.977149 0.319942
vt 0.979428 0.321422
vt 0.979938 0.322061
vt 0.978967 0.320815
vt 0.978507 0.320213
vt 0.979818 0.320475
vt 0.974121 0.316772
vt 0.974121 0.317627
vt 0.974121 0.318481
vt 0.974121 0.319336
vt 0.989075 0.322754
vt 0.986938 0.322754
vt 0.984802 0.322754
vt 0.982666 0.322754
vt 0.974121 0.322754
vt 0.974121 0.321899
vt 0.976257 0.322754
vt 0.974121 0.321045
vt 0.974121 0.320190
vt 0.978394 0.322754
vt 0.980530 0.322754
vt 0.976092 0.323542
vt 0.978021 0.323494
vt 0.977723 0.324194
vt 0.975970 0.324314
vt 0.979938 0.323447
vt 0.979428 0.324086
vt 0.981876 0.323386
vt 0.981152 0.323965
vt 0.977452 0.324877
vt 0.975855 0.325081
vt 0.978967 0.324692
vt 0.980473 0.324508
vt 0.987269 0.323542
vt 0.985461 0.324314
vt 0.984008 0.324194
vt 0.985461 0.323494
vt 0.983660 0.325081
vt 0.982573 0.324877
vt 0.981876 0.325856
vt 0.981152 0.325566
vt 0.982573 0.324086
vt 0.983660 0.323447
vt 0.981518 0.324692
vt 0.980473 0.325295
vt 0.976092 0.328013
vt 0.975970 0.327290
vt 0.977723 0.326709
vt 0.978021 0.327290
vt 0.975855 0.326570
vt 0.977452 0.326135
vt 0.975702 0.325856
vt 0.977149 0.325566
vt 0.979428 0.326135
vt 0.979938 0.326570
vt 0.978967 0.325713
vt 0.978507 0.325295
vt 0.979818 0.325033
vt 0.974121 0.323608
vt 0.974121 0.324463
vt 0.974121 0.325317
vt 0.974121 0.326172
vt 0.989075 0.323608
vt 0.986938 0.324463
vt 0.984802 0.325317
vt 0.982666 0.326172
vt 0.974121 0.329590
vt 0.974121 0.328735
vt 0.976257 0.328735
vt 0.974121 0.327881
vt 0.974121 0.327026
vt 0.978394 0.327881
vt 0.980530 0.327026
vt 0.989240 0.328801
vt 0.987311 0.328850
vt 0.987610 0.328149
vt 0.989362 0.328030
vt 0.985394 0.328896
vt 0.985904 0.328258
vt 0.983456 0.328958
vt 0.984180 0.328379
vt 0.987880 0.327467
vt 0.989477 0.327263
vt 0.986365 0.327651
vt 0.984859 0.327836
vt 0.978063 0.328801
vt 0.979871 0.328030
vt 0.981324 0.328149
vt 0.979871 0.328850
vt 0.981672 0.327263
vt 0.982759 0.327467
vt 0.983456 0.326488
vt 0.984180 0.326777
vt 0.982759 0.328258
vt 0.981672 0.328896
vt 0.983814 0.327651
vt 0.984859 0.327049
vt 0.989240 0.324331
vt 0.989362 0.325054
vt 0.987609 0.325635
vt 0.987311 0.325054
vt 0.989477 0.325774
vt 0.987880 0.326209
vt 0.989630 0.326488
vt 0.988183 0.326777
vt 0.985904 0.326209
vt 0.985394 0.325774
vt 0.986365 0.326631
vt 0.986825 0.327049
vt 0.985514 0.327311
vt 0.991211 0.329590
vt 0.989075 0.329590
vt 0.991211 0.328735
vt 0.986938 0.329590
vt 0.984802 0.329590
vt 0.982666 0.329590
vt 0.991211 0.327881
vt 0.991211 0.327026
vt 0.991211 0.326172
vt 0.976257 0.329590
vt 0.978394 0.329590
vt 0.980530 0.329590
vt 0.991211 0.323608
vt 0.991211 0.324463
vt 0.991211 0.325317
vt 0.976092 0.330378
vt 0.978021 0.330330
vt 0.977723 0.331030
vt 0.975970 0.331150
vt 0.979938 0.330283
vt 0.979428 0.330922
vt 0.981876 0.330222
vt 0.981152 0.330801
vt 0.977452 0.331713
vt 0.975855 0.331917
vt 0.978967 0.331528
vt 0.980473 0.331344
vt 0.987269 0.330378
vt 0.985461 0.331150
vt 0.984008 0.331030
vt 0.985461 0.330330
vt 0.983660 0.331917
vt 0.982573 0.331713
vt 0.981876 0.332692
vt 0.981152 0.332402
vt 0.982573 0.330922
vt 0.983660 0.330283
vt 0.981518 0.331528
vt 0.980473 0.332131
vt 0.976092 0.334849
vt 0.975970 0.334126
vt 0.977723 0.333545
vt 0.978021 0.334126
vt 0.975855 0.333406
vt 0.977452 0.332971
vt 0.975702 0.332692
vt 0.977149 0.332402
vt 0.979428 0.332971
vt 0.979938 0.333406
vt 0.978967 0.332549
vt 0.978507 0.332131
vt 0.979818 0.331868
vt 0.974121 0.330444
vt 0.974121 0.331299
vt 0.974121 0.332153
vt 0.974121 0.333008
vt 0.989075 0.330444
vt 0.986938 0.331299
vt 0.984802 0.332153
vt 0.982666 0.333008
vt 0.974121 0.336426
vt 0.974121 0.335571
vt 0.976257 0.335571
vt 0.974121 0.334717
vt 0.974121 0.333862
vt 0.978394 0.334717
vt 0.980530 0.333862
vt 0.989240 0.335637
vt 0.987311 0.335686
vt 0.987610 0.334985
vt 0.989362 0.334866
vt 0.985394 0.335732
vt 0.985904 0.335094
vt 0.983456 0.335794
vt 0.984180 0.335215
vt 0.987880 0.334303
vt 0.989477 0.334099
vt 0.986365 0.334487
vt 0.984859 0.334672
vt 0.978063 0.335637
vt 0.979871 0.334866
vt 0.981324 0.334985
vt 0.979871 0.335686
vt 0.981672 0.334099
vt 0.982759 0.334303
vt 0.983456 0.333324
vt 0.984180 0.333613
vt 0.982759 0.335094
vt 0.981672 0.335732
vt 0.983814 0.334487
vt 0.984859 0.333885
vt 0.989240 0.331167
vt 0.989362 0.331890
vt 0.987609 0.332471
vt 0.987311 0.331890
vt 0.989477 0.332610
vt 0.987880 0.333045
vt 0.989630 0.333324
vt 0.988183 0.333613
vt 0.985904 0.333045
vt 0.985394 0.332610
vt 0.986365 0.333467
vt 0.986825 0.333885
vt 0.985514 0.334147
vt 0.991211 0.336426
vt 0.989075 0.336426
vt 0.991211 0.335571
vt 0.986938 0.336426
vt 0.984802 0.336426
vt 0.982666 0.336426
vt 0.991211 0.334717
vt 0.991211 0.333862
vt 0.991211 0.333008
vt 0.976257 0.336426
vt 0.978394 0.336426
vt 0.980530 0.336426
vt 0.991211 0.330444
vt 0.991211 0.331299
vt 0.991211 0.332153
vt 0.978063 0.337214
vt 0.979871 0.337166
vt 0.981324 0.337866
vt 0.979871 0.337986
vt 0.981672 0.337119
vt 0.982759 0.337758
vt 0.983456 0.337058
vt 0.984180 0.337637
vt 0.982759 0.338549
vt 0.981672 0.338753
vt 0.983814 0.338364
vt 0.984859 0.338180
vt 0.989240 0.337214
vt 0.989362 0.337986
vt 0.987609 0.337866
vt 0.987311 0.337166
vt 0.989477 0.338753
vt 0.987880 0.338549
vt 0.989630 0.339528
vt 0.988183 0.339238
vt 0.985904 0.337758
vt 0.985394 0.337119
vt 0.986365 0.338364
vt 0.986825 0.338967
vt 0.989240 0.341685
vt 0.987311 0.340962
vt 0.987610 0.340381
vt 0.989362 0.340962
vt 0.985394 0.340242
vt 0.985904 0.339807
vt 0.983456 0.339528
vt 0.984180 0.339238
vt 0.987880 0.339807
vt 0.989477 0.340241
vt 0.986365 0.339385
vt 0.984859 0.338967
vt 0.985514 0.338704
vt 0.976257 0.337280
vt 0.978394 0.338135
vt 0.980530 0.338989
vt 0.982666 0.339844
vt 0.991211 0.337280
vt 0.991211 0.338135
vt 0.991211 0.338989
vt 0.991211 0.339844
vt 0.991211 0.343262
vt 0.989075 0.342407
vt 0.991211 0.342407
vt 0.986938 0.341553
vt 0.984802 0.340698
vt 0.991211 0.341553
vt 0.991211 0.340698
vt 0.976092 0.338002
vt 0.978021 0.338726
vt 0.977723 0.339307
vt 0.975970 0.338726
vt 0.979938 0.339446
vt 0.979428 0.339881
vt 0.981876 0.340160
vt 0.981152 0.340449
vt 0.977452 0.339881
vt 0.975855 0.339446
vt 0.978967 0.340303
vt 0.980473 0.340721
vt 0.987269 0.342473
vt 0.985461 0.342522
vt 0.984008 0.341821
vt 0.985461 0.341702
vt 0.983660 0.342568
vt 0.982573 0.341929
vt 0.981876 0.342629
vt 0.981152 0.342051
vt 0.982573 0.341139
vt 0.983660 0.340935
vt 0.981518 0.341323
vt 0.980473 0.341508
vt 0.976092 0.342473
vt 0.975970 0.341702
vt 0.977723 0.341821
vt 0.978021 0.342522
vt 0.975855 0.340935
vt 0.977452 0.341139
vt 0.975702 0.340160
vt 0.977149 0.340449
vt 0.979428 0.341929
vt 0.979938 0.342568
vt 0.978967 0.341323
vt 0.978507 0.340721
vt 0.979818 0.340983
vt 0.974121 0.337280
vt 0.974121 0.338135
vt 0.974121 0.338989
vt 0.974121 0.339844
vt 0.989075 0.343262
vt 0.986938 0.343262
vt 0.984802 0.343262
vt 0.982666 0.343262
vt 0.974121 0.343262
vt 0.974121 0.342407
vt 0.976257 0.343262
vt 0.974121 0.341553
vt 0.974121 0.340698
vt 0.978394 0.343262
vt 0.980530 0.343262
vt 0.989240 0.348521
vt 0.987311 0.347798
vt 0.987610 0.347216
vt 0.989362 0.347798
vt 0.985394 0.347077
vt 0.985904 0.346643
vt 0.983456 0.346364
vt 0.984180 0.346074
vt 0.987880 0.346643
vt 0.989477 0.347077
vt 0.986365 0.346221
vt 0.984859 0.345803
vt 0.978063 0.344050
vt 0.979871 0.344001
vt 0.981324 0.344702
vt 0.979871 0.344822
vt 0.981672 0.343955
vt 0.982759 0.344594
vt 0.983456 0.343894
vt 0.984180 0.344473
vt 0.982759 0.345385
vt 0.981672 0.345589
vt 0.983814 0.345200
vt 0.984859 0.345016
vt 0.989240 0.344050
vt 0.989362 0.344822
vt 0.987609 0.344702
vt 0.987311 0.344001
vt 0.989477 0.345588
vt 0.987880 0.345385
vt 0.989630 0.346364
vt 0.988183 0.346074
vt 0.985904 0.344594
vt 0.985394 0.343955
vt 0.986365 0.345200
vt 0.986825 0.345803
vt 0.985514 0.345540
vt 0.991211 0.350098
vt 0.989075 0.349243
vt 0.991211 0.349243
vt 0.986938 0.348389
vt 0.984802 0.347534
vt 0.982666 0.346680
vt 0.991211 0.348389
vt 0.991211 0.347534
vt 0.991211 0.346680
vt 0.976257 0.344116
vt 0.978394 0.344971
vt 0.980530 0.345825
vt 0.991211 0.344116
vt 0.991211 0.344971
vt 0.991211 0.345825
vt 0.976092 0.344838
vt 0.978021 0.345562
vt 0.977723 0.346143
vt 0.975970 0.345562
vt 0.979938 0.346282
vt 0.979428 0.346717
vt 0.981876 0.346996
vt 0.981152 0.347285
vt 0.977452 0.346717
vt 0.975855 0.346282
vt 0.978967 0.347139
vt 0.980473 0.347557
vt 0.987269 0.349309
vt 0.985461 0.349358
vt 0.984008 0.348657
vt 0.985461 0.348538
vt 0.983660 0.349404
vt 0.982573 0.348765
vt 0.981876 0.349465
vt 0.981152 0.348886
vt 0.982573 0.347975
vt 0.983660 0.347771
vt 0.981518 0.348159
vt 0.980473 0.348343
vt 0.976092 0.349309
vt 0.975970 0.348538
vt 0.977723 0.348657
vt 0.978021 0.349358
vt 0.975855 0.347771
vt 0.977452 0.347975
vt 0.975702 0.346996
vt 0.977149 0.347285
vt 0.979428 0.348765
vt 0.979938 0.349404
vt 0.978967 0.348159
vt 0.978507 0.347557
vt 0.979818 0.347819
vt 0.974121 0.344116
vt 0.974121 0.344971
vt 0.974121 0.345825
vt 0.974121 0.346680
vt 0.989075 0.350098
vt 0.986938 0.350098
vt 0.984802 0.350098
vt 0.982666 0.350098
vt 0.974121 0.350098
vt 0.974121 0.349243
vt 0.976257 0.350098
vt 0.974121 0.348389
vt 0.974121 0.347534
vt 0.978394 0.350098
vt 0.980530 0.350098
vt 0.987269 0.350886
vt 0.985461 0.351658
vt 0.984008 0.351538
vt 0.985461 0.350837
vt 0.983660 0.352424
vt 0.982573 0.352221
vt 0.981876 0.353200
vt 0.981152 0.352910
vt 0.982573 0.351430
vt 0.983660 0.350791
vt 0.981518 0.352036
vt 0.980473 0.352639
vt 0.976092 0.355357
vt 0.975970 0.354634
vt 0.977723 0.354052
vt 0.978021 0.354634
vt 0.975855 0.353913
vt 0.977452 0.353479
vt 0.975702 0.353200
vt 0.977149 0.352910
vt 0.979428 0.353479
vt 0.979938 0.353913
vt 0.978967 0.353057
vt 0.978507 0.352639
vt 0.976092 0.350886
vt 0.978021 0.350837
vt 0.977723 0.351538
vt 0.975970 0.351658
vt 0.979938 0.350791
vt 0.979428 0.351430
vt 0.981876 0.350730
vt 0.981152 0.351309
vt 0.977452 0.352220
vt 0.975855 0.352425
vt 0.978967 0.352036
vt 0.980473 0.351852
vt 0.979818 0.352376
vt 0.989075 0.350952
vt 0.986938 0.351807
vt 0.984802 0.352661
vt 0.982666 0.353516
vt 0.974121 0.356934
vt 0.974121 0.356079
vt 0.976257 0.356079
vt 0.974121 0.355225
vt 0.974121 0.354370
vt 0.974121 0.353516
vt 0.978394 0.355225
vt 0.980530 0.354370
vt 0.974121 0.350952
vt 0.974121 0.351807
vt 0.974121 0.352661
vt 0.978063 0.356145
vt 0.979871 0.355374
vt 0.981324 0.355493
vt 0.979871 0.356194
vt 0.981672 0.354607
vt 0.982759 0.354811
vt 0.983456 0.353832
vt 0.984180 0.354121
vt 0.982759 0.355601
vt 0.981672 0.356240
vt 0.983814 0.354995
vt 0.984859 0.354393
vt 0.989240 0.351674
vt 0.989362 0.352398
vt 0.987609 0.352979
vt 0.987311 0.352398
vt 0.989477 0.353118
vt 0.987880 0.353553
vt 0.989630 0.353832
vt 0.988183 0.354121
vt 0.985904 0.353553
vt 0.985394 0.353118
vt 0.986365 0.353975
vt 0.986825 0.354393
vt 0.989240 0.356145
vt 0.987311 0.356194
vt 0.987610 0.355493
vt 0.989362 0.355373
vt 0.985394 0.356240
vt 0.985904 0.355601
vt 0.983456 0.356301
vt 0.984180 0.355722
vt 0.987880 0.354811
vt 0.989477 0.354607
vt 0.986365 0.354995
vt 0.984859 0.355179
vt 0.985514 0.354655
vt 0.976257 0.356934
vt 0.978394 0.356934
vt 0.980530 0.356934
vt 0.982666 0.356934
vt 0.991211 0.350952
vt 0.991211 0.351807
vt 0.991211 0.352661
vt 0.991211 0.353516
vt 0.991211 0.356934
vt 0.989075 0.356934
vt 0.991211 0.356079
vt 0.986938 0.356934
vt 0.984802 0.356934
vt 0.991211 0.355225
vt 0.991211 0.354370
vt 0.978063 0.357722
vt 0.979871 0.357673
vt 0.981324 0.358374
vt 0.979871 0.358494
vt 0.981672 0.357627
vt 0.982759 0.358266
vt 0.983456 0.357566
vt 0.984180 0.358145
vt 0.982759 0.359056
vt 0.981672 0.359260
vt 0.983814 0.358872
vt 0.984859 0.358688
vt 0.989240 0.357722
vt 0.989362 0.358494
vt 0.987609 0.358374
vt 0.987311 0.357673
vt 0.989477 0.359260
vt 0.987880 0.359056
vt 0.989630 0.360035
vt 0.988183 0.359746
vt 0.985904 0.358266
vt 0.985394 0.357627
vt 0.986365 0.358872
vt 0.986825 0.359474
vt 0.989240 0.362193
vt 0.987311 0.361470
vt 0.987610 0.360888
vt 0.989362 0.361470
vt 0.985394 0.360749
vt 0.985904 0.360314
vt 0.983456 0.360035
vt 0.984180 0.359746
vt 0.987880 0.360314
vt 0.989477 0.360749
vt 0.986365 0.359893
vt 0.984859 0.359474
vt 0.985514 0.359212
vt 0.976257 0.357788
vt 0.978394 0.358643
vt 0.980530 0.359497
vt 0.982666 0.360352
vt 0.991211 0.357788
vt 0.991211 0.358643
vt 0.991211 0.359497
vt 0.991211 0.360352
vt 0.991211 0.363770
vt 0.989075 0.362915
vt 0.991211 0.362915
vt 0.986938 0.362061
vt 0.984802 0.361206
vt 0.991211 0.362061
vt 0.991211 0.361206
vt 0.976092 0.358510
vt 0.978021 0.359233
vt 0.977723 0.359815
vt 0.975970 0.359233
vt 0.979938 0.359954
vt 0.979428 0.360389
vt 0.981876 0.360668
vt 0.981152 0.360957
vt 0.977452 0.360389
vt 0.975855 0.359954
vt 0.978967 0.360811
vt 0.980473 0.361229
vt 0.987269 0.362981
vt 0.985461 0.363030
vt 0.984008 0.362329
vt 0.985461 0.362209
vt 0.983660 0.363076
vt 0.982573 0.362437
vt 0.981876 0.363137
vt 0.981152 0.362558
vt 0.982573 0.361647
vt 0.983660 0.361443
vt 0.981518 0.361831
vt 0.980473 0.362015
vt 0.976092 0.362981
vt 0.975970 0.362209
vt 0.977723 0.362329
vt 0.978021 0.363030
vt 0.975855 0.361443
vt 0.977452 0.361647
vt 0.975702 0.360668
vt 0.977149 0.360957
vt 0.979428 0.362437
vt 0.979938 0.363076
vt 0.978967 0.361831
vt 0.978507 0.361229
vt 0.979818 0.361491
vt 0.974121 0.357788
vt 0.974121 0.358643
vt 0.974121 0.359497
vt 0.974121 0.360352
vt 0.989075 0.363770
vt 0.986938 0.363770
vt 0.984802 0.363770
vt 0.982666 0.363770
vt 0.974121 0.363770
vt 0.974121 0.362915
vt 0.976257 0.363770
vt 0.974121 0.362061
vt 0.974121 0.361206
vt 0.978394 0.363770
vt 0.980530 0.363770
s 1
usemtl AK_Soulstealer_MI
f 1234/1/373 1235/2/373 1239/3/373 1238/4/373
f 1235/2/373 1236/5/374 1240/6/373 1239/3/373
f 1236/5/374 1237/7/374 1241/8/373 1240/6/373
f 1238/4/373 1239/3/373 1243/9/373 1242/10/374
f 1239/3/373 1240/6/373 1244/11/373 1243/9/373
f 1240/6/373 1241/8/373 1245/12/373 1244/11/373
f 1246/13/373 1247/14/373 1251/15/374 1250/16/374
f 1247/14/373 1248/17/374 1252/18/373 1251/15/374
f 1248/17/374 1249/19/374 1253/20/374 1252/18/373
f 1250/16/374 1251/15/374 1255/21/373 1254/22/374
f 1251/15/374 1252/18/373 1256/23/373 1255/21/373
f 1252/18/373 1253/20/374 1257/24/373 1256/23/373
f 1258/25/374 1259/26/373 1263/27/373 1262/28/373
f 1259/26/373 1260/29/373 1264/30/373 1263/27/373
f 1260/29/373 1261/31/374 1265/32/373 1264/30/373
f 1262/28/373 1263/27/373 1267/33/374 1266/34/374
f 1263/27/373 1264/30/373 1268/35/373 1267/33/374
f 1264/30/373 1265/32/373 1269/36/373 1268/35/373
f 1254/22/374 1255/21/373 1241/8/373 1237/7/374
f 1255/21/373 1256/23/373 1245/12/373 1241/8/373
f 1266/34/374 1267/33/374 1253/20/374 1249/19/374
f 1267/33/374 1268/35/373 1257/24/373 1253/20/374
f 1242/10/374 1243/9/373 1265/32/373 1261/31/374
f 1243/9/373 1244/11/373 1269/36/373 1265/32/373
f 1244/11/373 1245/12/373 1233/37/373 1269/36/373
f 1256/23/373 1257/24/373 1233/37/373 1245/12/373
f 1268/35/373 1269/36/373 1233/37/373 1257/24/373
f 1/38/1 71/39/59 1234/1/373 64/40/57
f 71/39/59 72/41/59 1235/2/373 1234/1/373
f 72/41/59 73/42/59 1236/5/374 1235/2/373
f 73/42/59 74/43/59 1237/7/374 1236/5/374
f 64/40/57 1234/1/373 1238/4/373 65/44/57
f 65/44/57 1238/4/373 1242/10/374 66/45/57
f 66/45/57 1242/10/374 1261/31/374 67/46/57
f 3/47/3 547/48/208 1246/13/373 77/49/59
f 547/48/208 548/50/208 1247/14/373 1246/13/373
f 548/50/208 549/51/208 1248/17/374 1247/14/373
f 549/51/208 550/52/208 1249/19/374 1248/17/374
f 77/49/59 1246/13/373 1250/16/374 76/53/59
f 76/53/59 1250/16/374 1254/22/374 75/54/59
f 75/54/59 1254/22/374 1237/7/374 74/43/59
f 2/55/2 70/56/58 1258/25/374 553/57/208
f 70/56/58 69/58/58 1259/26/373 1258/25/374
f 69/58/58 68/59/57 1260/29/373 1259/26/373
f 68/59/57 67/46/57 1261/31/374 1260/29/373
f 553/57/208 1258/25/374 1262/28/373 552/60/208
f 552/60/208 1262/28/373 1266/34/374 551/61/208
f 551/61/208 1266/34/374 1249/19/374 550/52/208
f 1271/62/375 1272/63/376 1276/64/376 1275/65/378
f 1272/63/376 1273/66/376 1277/67/376 1276/64/376
f 1273/66/376 1274/68/377 1278/69/377 1277/67/376
f 1275/65/378 1276/64/376 1280/70/376 1279/71/376
f 1276/64/376 1277/67/376 1281/72/377 1280/70/376
f 1277/67/376 1278/69/377 1282/73/376 1281/72/377
f 1283/74/375 1284/75/375 1288/76/376 1287/77/375
f 1284/75/375 1285/78/376 1289/79/376 1288/76/376
f 1285/78/376 1286/80/375 1290/81/376 1289/79/376
f 1287/77/375 1288/76/376 1292/82/376 1291/83/376
f 1288/76/376 1289/79/376 1293/84/376 1292/82/376
f 1289/79/376 1290/81/376 1294/85/375 1293/84/376
f 1295/86/376 1296/87/376 1300/88/376 1299/89/375
f 1296/87/376 1297/90/376 1301/91/376 1300/88/376
f 1297/90/376 1298/92/376 1302/93/376 1301/91/376
f 1299/89/375 1300/88/376 1304/94/375 1303/95/375
f 1300/88/376 1301/91/376 1305/96/375 1304/94/375
f 1301/91/376 1302/93/376 1306/97/376 1305/96/375
f 1291/83/376 1292/82/376 1278/69/377 1274/68/377
f 1292/82/376 1293/84/376 1282/73/376 1278/69/377
f 1303/95/375 1304/94/375 1290/81/376 1286/80/375
f 1304/94/375 1305/96/375 1294/85/375 1290/81/376
f 1279/71/376 1280/70/376 1302/93/376 1298/92/376
f 1280/70/376 1281/72/377 1306/97/376 1302/93/376
f 1281/72/377 1282/73/376 1270/98/375 1306/97/376
f 1293/84/376 1294/85/375 1270/98/375 1282/73/376
f 1305/96/375 1306/97/376 1270/98/375 1294/85/375
f 1/38/1 78/99/60 1271/62/375 71/39/59
f 78/99/60 79/100/61 1272/63/376 1271/62/375
f 79/100/61 80/101/60 1273/66/376 1272/63/376
f 80/101/60 81/102/60 1274/68/377 1273/66/376
f 71/39/59 1271/62/375 1275/65/378 72/41/59
f 72/41/59 1275/65/378 1279/71/376 73/42/59
f 73/42/59 1279/71/376 1298/92/376 74/43/59
f 4/103/4 546/104/207 1283/74/375 84/105/62
f 546/104/207 545/106/207 1284/75/375 1283/74/375
f 545/106/207 544/107/207 1285/78/376 1284/75/375
f 544/107/207 543/108/207 1286/80/375 1285/78/376
f 84/105/62 1283/74/375 1287/77/375 83/109/60
f 83/109/60 1287/77/375 1291/83/376 82/110/62
f 82/110/62 1291/83/376 1274/68/377 81/102/60
f 3/47/3 77/49/59 1295/86/376 540/111/207
f 77/49/59 76/53/59 1296/87/376 1295/86/376
f 76/53/59 75/54/59 1297/90/376 1296/87/376
f 75/54/59 74/43/59 1298/92/376 1297/90/376
f 540/111/207 1295/86/376 1299/89/375 541/112/207
f 541/112/207 1299/89/375 1303/95/375 542/113/207
f 542/113/207 1303/95/375 1286/80/375 543/108/207
f 1308/114/379 1309/115/379 1313/116/379 1312/117/379
f 1309/115/379 1310/118/379 1314/119/379 1313/116/379
f 1310/118/379 1311/120/379 1315/121/379 1314/119/379
f 1312/117/379 1313/116/379 1317/122/379 1316/123/379
f 1313/116/379 1314/119/379 1318/124/379 1317/122/379
f 1314/119/379 1315/121/379 1319/125/379 1318/124/379
f 1320/126/379 1321/127/379 1325/128/379 1324/129/379
f 1321/127/379 1322/130/379 1326/131/379 1325/128/379
f 1322/130/379 1323/132/379 1327/133/379 1326/131/379
f 1324/129/379 1325/128/379 1329/134/380 1328/135/379
f 1325/128/379 1326/131/379 1330/136/380 1329/134/380
f 1326/131/379 1327/133/379 1331/137/379 1330/136/380
f 1332/138/379 1333/139/379 1337/140/379 1336/141/379
f 1333/139/379 1334/142/379 1338/143/379 1337/140/379
f 1334/142/379 1335/144/379 1339/145/379 1338/143/379
f 1336/141/379 1337/140/379 1341/146/379 1340/147/379
f 1337/140/379 1338/143/379 1342/148/379 1341/146/379
f 1338/143/379 1339/145/379 1343/149/379 1342/148/379
f 1328/135/379 1329/134/380 1315/121/379 1311/120/379
f 1329/134/380 1330/136/380 1319/125/379 1315/121/379
f 1340/147/379 1341/146/379 1327/133/379 1323/132/379
f 1341/146/379 1342/148/379 1331/137/379 1327/133/379
f 1316/123/379 1317/122/379 1339/145/379 1335/144/379
f 1317/122/379 1318/124/379 1343/149/379 1339/145/379
f 1318/124/379 1319/125/379 1307/150/379 1343/149/379
f 1330/136/380 1331/137/379 1307/150/379 1319/125/379
f 1342/148/379 1343/149/379 1307/150/379 1331/137/379
f 1/38/1 85/151/63 1308/114/379 78/99/60
f 85/151/63 86/152/63 1309/115/379 1308/114/379
f 86/152/63 87/153/63 1310/118/379 1309/115/379
f 87/153/63 88/154/63 1311/120/379 1310/118/379
f 78/99/60 1308/114/379 1312/117/379 79/100/61
f 79/100/61 1312/117/379 1316/123/379 80/101/60
f 80/101/60 1316/123/379 1335/144/379 81/102/60
f 5/155/5 98/156/65 1320/126/379 91/157/63
f 98/156/65 97/158/65 1321/127/379 1320/126/379
f 97/158/65 96/159/65 1322/130/379 1321/127/379
f 96/159/65 95/160/65 1323/132/379 1322/130/379
f 91/157/63 1320/126/379 1324/129/379 90/161/63
f 90/161/63 1324/129/379 1328/135/379 89/162/63
f 89/162/63 1328/135/379 1311/120/379 88/154/63
f 4/103/4 84/105/62 1332/138/379 92/163/64
f 84/105/62 83/109/60 1333/139/379 1332/138/379
f 83/109/60 82/110/62 1334/142/379 1333/139/379
f 82/110/62 81/102/60 1335/144/379 1334/142/379
f 92/163/64 1332/138/379 1336/141/379 93/164/65
f 93/164/65 1336/141/379 1340/147/379 94/165/64
f 94/165/64 1340/147/379 1323/132/379 95/160/65
f 1345/166/381 1346/167/381 1350/168/381 1349/169/381
f 1346/167/381 1347/170/382 1351/171/383 1350/168/381
f 1347/170/382 1348/172/381 1352/173/381 1351/171/383
f 1349/169/381 1350/168/381 1354/174/381 1353/175/381
f 1350/168/381 1351/171/383 1355/176/382 1354/174/381
f 1351/171/383 1352/173/381 1356/177/384 1355/176/382
f 1357/178/381 1358/179/383 1362/180/382 1361/181/381
f 1358/179/383 1359/182/383 1363/183/383 1362/180/382
f 1359/182/383 1360/184/381 1364/185/381 1363/183/383
f 1361/181/381 1362/180/382 1366/186/384 1365/187/381
f 1362/180/382 1363/183/383 1367/188/381 1366/186/384
f 1363/183/383 1364/185/381 1368/189/381 1367/188/381
f 1369/190/381 1370/191/381 1374/192/381 1373/193/381
f 1370/191/381 1371/194/381 1375/195/381 1374/192/381
f 1371/194/381 1372/196/381 1376/197/381 1375/195/381
f 1373/193/381 1374/192/381 1378/198/381 1377/199/381
f 1374/192/381 1375/195/381 1379/200/383 1378/198/381
f 1375/195/381 1376/197/381 1380/201/381 1379/200/383
f 1365/187/381 1366/186/384 1352/173/381 1348/172/381
f 1366/186/384 1367/188/381 1356/177/384 1352/173/381
f 1377/199/381 1378/198/381 1364/185/381 1360/184/381
f 1378/198/381 1379/200/383 1368/189/381 1364/185/381
f 1353/175/381 1354/174/381 1376/197/381 1372/196/381
f 1354/174/381 1355/176/382 1380/201/381 1376/197/381
f 1355/176/382 1356/177/384 1344/202/381 1380/201/381
f 1367/188/381 1368/189/381 1344/202/381 1356/177/384
f 1379/200/383 1380/201/381 1344/202/381 1368/189/381
f 5/155/5 99/203/66 1345/166/381 98/156/65
f 99/203/66 100/204/66 1346/167/381 1345/166/381
f 100/204/66 101/205/67 1347/170/382 1346/167/381
f 101/205/67 102/206/67 1348/172/381 1347/170/382
f 98/156/65 1345/166/381 1349/169/381 97/158/65
f 97/158/65 1349/169/381 1353/175/381 96/159/65
f 96/159/65 1353/175/381 1372/196/381 95/160/65
f 6/207/6 539/208/206 1357/178/381 105/209/66
f 539/208/206 538/210/206 1358/179/383 1357/178/381
f 538/210/206 537/211/206 1359/182/383 1358/179/383
f 537/211/206 536/212/206 1360/184/381 1359/182/383
f 105/209/66 1357/178/381 1361/181/381 104/213/66
f 104/213/66 1361/181/381 1365/187/381 103/214/66
f 103/214/66 1365/187/381 1348/172/381 102/206/67
f 4/103/4 92/163/64 1369/190/381 533/215/206
f 92/163/64 93/164/65 1370/191/381 1369/190/381
f 93/164/65 94/165/64 1371/194/381 1370/191/381
f 94/165/64 95/160/65 1372/196/381 1371/194/381
f 533/215/206 1369/190/381 1373/193/381 534/216/206
f 534/216/206 1373/193/381 1377/199/381 535/217/206
f 535/217/206 1377/199/381 1360/184/381 536/212/206
f 1382/218/385 1383/219/386 1387/220/387 1386/221/385
f 1383/219/386 1384/222/385 1388/223/385 1387/220/387
f 1384/222/385 1385/224/385 1389/225/385 1388/223/385
f 1386/221/385 1387/220/387 1391/226/385 1390/227/385
f 1387/220/387 1388/223/385 1392/228/385 1391/226/385
f 1388/223/385 1389/225/385 1393/229/385 1392/228/385
f 1394/230/385 1395/231/385 1399/232/387 1398/233/385
f 1395/231/385 1396/234/385 1400/235/385 1399/232/387
f 1396/234/385 1397/236/385 1401/237/385 1400/235/385
f 1398/233/385 1399/232/387 1403/238/385 1402/239/385
f 1399/232/387 1400/235/385 1404/240/385 1403/238/385
f 1400/235/385 1401/237/385 1405/241/385 1404/240/385
f 1406/242/385 1407/243/385 1411/244/385 1410/245/385
f 1407/243/385 1408/246/385 1412/247/388 1411/244/385
f 1408/246/385 1409/248/385 1413/249/387 1412/247/388
f 1410/245/385 1411/244/385 1415/250/385 1414/251/385
f 1411/244/385 1412/247/388 1416/252/385 1415/250/385
f 1412/247/388 1413/249/387 1417/253/385 1416/252/385
f 1402/239/385 1403/238/385 1389/225/385 1385/224/385
f 1403/238/385 1404/240/385 1393/229/385 1389/225/385
f 1414/251/385 1415/250/385 1401/237/385 1397/236/385
f 1415/250/385 1416/252/385 1405/241/385 1401/237/385
f 1390/227/385 1391/226/385 1413/249/387 1409/248/385
f 1391/226/385 1392/228/385 1417/253/385 1413/249/387
f 1392/228/385 1393/229/385 1381/254/385 1417/253/385
f 1404/240/385 1405/241/385 1381/254/385 1393/229/385
f 1416/252/385 1417/253/385 1381/254/385 1405/241/385
f 6/207/6 105/209/66 1382/218/385 113/255/70
f 105/209/66 104/213/66 1383/219/386 1382/218/385
f 104/213/66 103/214/66 1384/222/385 1383/219/386
f 103/214/66 102/206/67 1385/224/385 1384/222/385
f 113/255/70 1382/218/385 1386/221/385 114/256/70
f 114/256/70 1386/221/385 1390/227/385 115/257/70
f 115/257/70 1390/227/385 1409/248/385 116/258/70
f 5/155/5 106/259/68 1394/230/385 99/203/66
f 106/259/68 107/260/68 1395/231/385 1394/230/385
f 107/260/68 108/261/68 1396/234/385 1395/231/385
f 108/261/68 109/262/68 1397/236/385 1396/234/385
f 99/203/66 1394/230/385 1398/233/385 100/204/66
f 100/204/66 1398/233/385 1402/239/385 101/205/67
f 101/205/67 1402/239/385 1385/224/385 102/206/67
f 7/263/7 119/264/70 1406/242/385 112/265/68
f 119/264/70 118/266/70 1407/243/385 1406/242/385
f 118/266/70 117/267/70 1408/246/385 1407/243/385
f 117/267/70 116/258/70 1409/248/385 1408/246/385
f 112/265/68 1406/242/385 1410/245/385 111/268/69
f 111/268/69 1410/245/385 1414/251/385 110/269/68
f 110/269/68 1414/251/385 1397/236/385 109/262/68
f 1419/270/389 1420/271/389 1424/272/389 1423/273/389
f 1420/271/389 1421/274/389 1425/275/389 1424/272/389
f 1421/274/389 1422/276/389 1426/277/389 1425/275/389
f 1423/273/389 1424/272/389 1428/278/389 1427/279/389
f 1424/272/389 1425/275/389 1429/280/389 1428/278/389
f 1425/275/389 1426/277/389 1430/281/389 1429/280/389
f 1431/282/389 1432/283/389 1436/284/389 1435/285/389
f 1432/283/389 1433/286/389 1437/287/389 1436/284/389
f 1433/286/389 1434/288/389 1438/289/389 1437/287/389
f 1435/285/389 1436/284/389 1440/290/389 1439/291/389
f 1436/284/389 1437/287/389 1441/292/389 1440/290/389
f 1437/287/389 1438/289/389 1442/293/389 1441/292/389
f 1443/294/389 1444/295/389 1448/296/389 1447/297/389
f 1444/295/389 1445/298/389 1449/299/389 1448/296/389
f 1445/298/389 1446/300/389 1450/301/389 1449/299/389
f 1447/297/389 1448/296/389 1452/302/389 1451/303/389
f 1448/296/389 1449/299/389 1453/304/389 1452/302/389
f 1449/299/389 1450/301/389 1454/305/389 1453/304/389
f 1439/291/389 1440/290/389 1426/277/389 1422/276/389
f 1440/290/389 1441/292/389 1430/281/389 1426/277/389
f 1451/303/389 1452/302/389 1438/289/389 1434/288/389
f 1452/302/389 1453/304/389 1442/293/389 1438/289/389
f 1427/279/389 1428/278/389 1450/301/389 1446/300/389
f 1428/278/389 1429/280/389 1454/305/389 1450/301/389
f 1429/280/389 1430/281/389 1418/306/389 1454/305/389
f 1441/292/389 1442/293/389 1418/306/389 1430/281/389
f 1453/304/389 1454/305/389 1418/306/389 1442/293/389
f 7/263/7 120/307/71 1419/270/389 119/264/70
f 120/307/71 121/308/71 1420/271/389 1419/270/389
f 121/308/71 122/309/71 1421/274/389 1420/271/389
f 122/309/71 123/310/71 1422/276/389 1421/274/389
f 119/264/70 1419/270/389 1423/273/389 118/266/70
f 118/266/70 1423/273/389 1427/279/389 117/267/70
f 117/267/70 1427/279/389 1446/300/389 116/258/70
f 8/311/8 532/312/205 1431/282/389 126/313/71
f 532/312/205 531/314/205 1432/283/389 1431/282/389
f 531/314/205 530/315/205 1433/286/389 1432/283/389
f 530/315/205 529/316/205 1434/288/389 1433/286/389
f 126/313/71 1431/282/389 1435/285/389 125/317/72
f 125/317/72 1435/285/389 1439/291/389 124/318/71
f 124/318/71 1439/291/389 1422/276/389 123/310/71
f 6/207/6 113/255/70 1443/294/389 526/319/205
f 113/255/70 114/256/70 1444/295/389 1443/294/389
f 114/256/70 115/257/70 1445/298/389 1444/295/389
f 115/257/70 116/258/70 1446/300/389 1445/298/389
f 526/319/205 1443/294/389 1447/297/389 527/320/205
f 527/320/205 1447/297/389 1451/303/389 528/321/205
f 528/321/205 1451/303/389 1434/288/389 529/316/205
f 1456/322/391 1457/323/391 1461/324/391 1460/325/391
f 1457/323/391 1458/326/391 1462/327/392 1461/324/391
f 1458/326/391 1459/328/391 1463/329/392 1462/327/392
f 1460/325/391 1461/324/391 1465/330/391 1464/331/391
f 1461/324/391 1462/327/392 1466/332/392 1465/330/391
f 1462/327/392 1463/329/392 1467/333/391 1466/332/392
f 1468/334/391 1469/335/392 1473/336/391 1472/337/391
f 1469/335/392 1470/338/391 1474/339/391 1473/336/391
f 1470/338/391 1471/340/391 1475/341/391 1474/339/391
f 1472/337/391 1473/336/391 1477/342/391 1476/343/391
f 1473/336/391 1474/339/391 1478/344/391 1477/342/391
f 1474/339/391 1475/341/391 1479/345/390 1478/344/391
f 1480/346/391 1481/347/391 1485/348/391 1484/349/391
f 1481/347/391 1482/350/391 1486/351/391 1485/348/391
f 1482/350/391 1483/352/391 1487/353/391 1486/351/391
f 1484/349/391 1485/348/391 1489/354/391 1488/355/391
f 1485/348/391 1486/351/391 1490/356/391 1489/354/391
f 1486/351/391 1487/353/391 1491/357/391 1490/356/391
f 1476/343/391 1477/342/391 1463/329/392 1459/328/391
f 1477/342/391 1478/344/391 1467/333/391 1463/329/392
f 1488/355/391 1489/354/391 1475/341/391 1471/340/391
f 1489/354/391 1490/356/391 1479/345/390 1475/341/391
f 1464/331/391 1465/330/391 1487/353/391 1483/352/391
f 1465/330/391 1466/332/392 1491/357/391 1487/353/391
f 1466/332/392 1467/333/391 1455/358/390 1491/357/391
f 1478/344/391 1479/345/390 1455/358/390 1467/333/391
f 1490/356/391 1491/357/391 1455/358/390 1479/345/390
f 7/263/7 127/359/73 1456/322/391 120/307/71
f 127/359/73 128/360/73 1457/323/391 1456/322/391
f 128/360/73 129/361/74 1458/326/391 1457/323/391
f 129/361/74 130/362/73 1459/328/391 1458/326/391
f 120/307/71 1456/322/391 1460/325/391 121/308/71
f 121/308/71 1460/325/391 1464/331/391 122/309/71
f 122/309/71 1464/331/391 1483/352/391 123/310/71
f 9/363/9 140/364/76 1468/334/391 133/365/74
f 140/364/76 139/366/76 1469/335/392 1468/334/391
f 139/366/76 138/367/76 1470/338/391 1469/335/392
f 138/367/76 137/368/76 1471/340/391 1470/338/391
f 133/365/74 1468/334/391 1472/337/391 132/369/73
f 132/369/73 1472/337/391 1476/343/391 131/370/75
f 131/370/75 1476/343/391 1459/328/391 130/362/73
f 8/311/8 126/313/71 1480/346/391 134/371/76
f 126/313/71 125/317/72 1481/347/391 1480/346/391
f 125/317/72 124/318/71 1482/350/391 1481/347/391
f 124/318/71 123/310/71 1483/352/391 1482/350/391
f 134/371/76 1480/346/391 1484/349/391 135/372/77
f 135/372/77 1484/349/391 1488/355/391 136/373/76
f 136/373/76 1488/355/391 1471/340/391 137/368/76
f 1493/374/394 1494/375/393 1498/376/394 1497/377/393
f 1494/375/393 1495/378/394 1499/379/395 1498/376/394
f 1495/378/394 1496/380/393 1500/381/394 1499/379/395
f 1497/377/393 1498/376/394 1502/382/394 1501/383/393
f 1498/376/394 1499/379/395 1503/384/394 1502/382/394
f 1499/379/395 1500/381/394 1504/385/394 1503/384/394
f 1505/386/394 1506/387/394 1510/388/393 1509/389/393
f 1506/387/394 1507/390/393 1511/391/393 1510/388/393
f 1507/390/393 1508/392/393 1512/393/393 1511/391/393
f 1509/389/393 1510/388/393 1514/394/393 1513/395/393
f 1510/388/393 1511/391/393 1515/396/395 1514/394/393
f 1511/391/393 1512/393/393 1516/397/393 1515/396/395
f 1517/398/394 1518/399/394 1522/400/394 1521/401/393
f 1518/399/394 1519/402/393 1523/403/394 1522/400/394
f 1519/402/393 1520/404/393 1524/405/394 1523/403/394
f 1521/401/393 1522/400/394 1526/406/393 1525/407/394
f 1522/400/394 1523/403/394 1527/408/393 1526/406/393
f 1523/403/394 1524/405/394 1528/409/394 1527/408/393
f 1513/395/393 1514/394/393 1500/381/394 1496/380/393
f 1514/394/393 1515/396/395 1504/385/394 1500/381/394
f 1525/407/394 1526/406/393 1512/393/393 1508/392/393
f 1526/406/393 1527/408/393 1516/397/393 1512/393/393
f 1501/383/393 1502/382/394 1524/405/394 1520/404/393
f 1502/382/394 1503/384/394 1528/409/394 1524/405/394
f 1503/384/394 1504/385/394 1492/410/393 1528/409/394
f 1515/396/395 1516/397/393 1492/410/393 1504/385/394
f 1527/408/393 1528/409/394 1492/410/393 1516/397/393
f 10/411/10 154/412/81 1493/374/394 147/413/79
f 154/412/81 153/414/81 1494/375/393 1493/374/394
f 153/414/81 152/415/83 1495/378/394 1494/375/393
f 152/415/83 151/416/81 1496/380/393 1495/378/394
f 147/413/79 1493/374/394 1497/377/393 146/417/79
f 146/417/79 1497/377/393 1501/383/393 145/418/79
f 145/418/79 1501/383/393 1520/404/393 144/419/79
f 8/311/8 134/371/76 1505/386/394 148/420/80
f 134/371/76 135/372/77 1506/387/394 1505/386/394
f 135/372/77 136/373/76 1507/390/393 1506/387/394
f 136/373/76 137/368/76 1508/392/393 1507/390/393
f 148/420/80 1505/386/394 1509/389/393 149/421/81
f 149/421/81 1509/389/393 1513/395/393 150/422/82
f 150/422/82 1513/395/393 1496/380/393 151/416/81
f 9/363/9 141/423/78 1517/398/394 140/364/76
f 141/423/78 142/424/79 1518/399/394 1517/398/394
f 142/424/79 143/425/79 1519/402/393 1518/399/394
f 143/425/79 144/419/79 1520/404/393 1519/402/393
f 140/364/76 1517/398/394 1521/401/393 139/366/76
f 139/366/76 1521/401/393 1525/407/394 138/367/76
f 138/367/76 1525/407/394 1508/392/393 137/368/76
f 1530/426/397 1531/427/398 1535/428/400 1534/429/397
f 1531/427/398 1532/430/399 1536/431/399 1535/428/400
f 1532/430/399 1533/432/397 1537/433/397 1536/431/399
f 1534/429/397 1535/428/400 1539/434/399 1538/435/400
f 1535/428/400 1536/431/399 1540/436/401 1539/434/399
f 1536/431/399 1537/433/397 1541/437/397 1540/436/401
f 1542/438/399 1543/439/399 1547/440/399 1546/441/398
f 1543/439/399 1544/442/397 1548/443/402 1547/440/399
f 1544/442/397 1545/444/397 1549/445/397 1548/443/402
f 1546/441/398 1547/440/399 1551/446/397 1550/447/398
f 1547/440/399 1548/443/402 1552/448/397 1551/446/397
f 1548/443/402 1549/445/397 1553/449/396 1552/448/397
f 1554/450/397 1555/451/398 1559/452/397 1558/453/399
f 1555/451/398 1556/454/398 1560/455/396 1559/452/397
f 1556/454/398 1557/456/399 1561/457/398 1560/455/396
f 1558/453/399 1559/452/397 1563/458/396 1562/459/397
f 1559/452/397 1560/455/396 1564/460/397 1563/458/396
f 1560/455/396 1561/457/398 1565/461/397 1564/460/397
f 1550/447/398 1551/446/397 1537/433/397 1533/432/397
f 1551/446/397 1552/448/397 1541/437/397 1537/433/397
f 1562/459/397 1563/458/396 1549/445/397 1545/444/397
f 1563/458/396 1564/460/397 1553/449/396 1549/445/397
f 1538/435/400 1539/434/399 1561/457/398 1557/456/399
f 1539/434/399 1540/436/401 1565/461/397 1561/457/398
f 1540/436/401 1541/437/397 1529/462/396 1565/461/397
f 1552/448/397 1553/449/396 1529/462/396 1541/437/397
f 1564/460/397 1565/461/397 1529/462/396 1553/449/396
f 8/311/8 148/420/80 1530/426/397 519/463/202
f 148/420/80 149/421/81 1531/427/398 1530/426/397
f 149/421/81 150/422/82 1532/430/399 1531/427/398
f 150/422/82 151/416/81 1533/432/397 1532/430/399
f 519/463/202 1530/426/397 1534/429/397 520/464/203
f 520/464/203 1534/429/397 1538/435/400 521/465/204
f 521/465/204 1538/435/400 1557/456/399 522/466/202
f 10/411/10 155/467/84 1542/438/399 154/412/81
f 155/467/84 156/468/84 1543/439/399 1542/438/399
f 156/468/84 157/469/85 1544/442/397 1543/439/399
f 157/469/85 158/470/84 1545/444/397 1544/442/397
f 154/412/81 1542/438/399 1546/441/398 153/414/81
f 153/414/81 1546/441/398 1550/447/398 152/415/83
f 152/415/83 1550/447/398 1533/432/397 151/416/81
f 11/471/11 525/472/204 1554/450/397 161/473/84
f 525/472/204 524/474/202 1555/451/398 1554/450/397
f 524/474/202 523/475/204 1556/454/398 1555/451/398
f 523/475/204 522/466/202 1557/456/399 1556/454/398
f 161/473/84 1554/450/397 1558/453/399 160/476/85
f 160/476/85 1558/453/399 1562/459/397 159/477/84
f 159/477/84 1562/459/397 1545/444/397 158/470/84
f 1567/478/404 1568/479/405 1572/480/405 1571/481/405
f 1568/479/405 1569/482/406 1573/483/407 1572/480/405
f 1569/482/406 1570/484/405 1574/485/408 1573/483/407
f 1571/481/405 1572/480/405 1576/486/405 1575/487/409
f 1572/480/405 1573/483/407 1577/488/404 1576/486/405
f 1573/483/407 1574/485/408 1578/489/405 1577/488/404
f 1579/490/405 1580/491/405 1584/492/405 1583/493/404
f 1580/491/405 1581/494/405 1585/495/410 1584/492/405
f 1581/494/405 1582/496/410 1586/497/404 1585/495/410
f 1583/493/404 1584/492/405 1588/498/405 1587/499/405
f 1584/492/405 1585/495/410 1589/500/406 1588/498/405
f 1585/495/410 1586/497/404 1590/501/404 1589/500/406
f 1591/502/404 1592/503/409 1596/504/405 1595/505/405
f 1592/503/409 1593/506/404 1597/507/405 1596/504/405
f 1593/506/404 1594/508/404 1598/509/404 1597/507/405
f 1595/505/405 1596/504/405 1600/510/405 1599/511/405
f 1596/504/405 1597/507/405 1601/512/405 1600/510/405
f 1597/507/405 1598/509/404 1602/513/403 1601/512/405
f 1587/499/405 1588/498/405 1574/485/408 1570/484/405
f 1588/498/405 1589/500/406 1578/489/405 1574/485/408
f 1599/511/405 1600/510/405 1586/497/404 1582/496/410
f 1600/510/405 1601/512/405 1590/501/404 1586/497/404
f 1575/487/409 1576/486/405 1598/509/404 1594/508/404
f 1576/486/405 1577/488/404 1602/513/403 1598/509/404
f 1577/488/404 1578/489/405 1566/514/403 1602/513/403
f 1589/500/406 1590/501/404 1566/514/403 1578/489/405
f 1601/512/405 1602/513/403 1566/514/403 1590/501/404
f 10/411/10 162/515/86 1567/478/404 155/467/84
f 162/515/86 163/516/87 1568/479/405 1567/478/404
f 163/516/87 164/517/86 1569/482/406 1568/479/405
f 164/517/86 165/518/88 1570/484/405 1569/482/406
f 155/467/84 1567/478/404 1571/481/405 156/468/84
f 156/468/84 1571/481/405 1575/487/409 157/469/85
f 157/469/85 1575/487/409 1594/508/404 158/470/84
f 12/519/12 175/520/92 1579/490/405 168/521/86
f 175/520/92 174/522/90 1580/491/405 1579/490/405
f 174/522/90 173/523/91 1581/494/405 1580/491/405
f 173/523/91 172/524/91 1582/496/410 1581/494/405
f 168/521/86 1579/490/405 1583/493/404 167/525/89
f 167/525/89 1583/493/404 1587/499/405 166/526/86
f 166/526/86 1587/499/405 1570/484/405 165/518/88
f 11/471/11 161/473/84 1591/502/404 169/527/90
f 161/473/84 160/476/85 1592/503/409 1591/502/404
f 160/476/85 159/477/84 1593/506/404 1592/503/409
f 159/477/84 158/470/84 1594/508/404 1593/506/404
f 169/527/90 1591/502/404 1595/505/405 170/528/90
f 170/528/90 1595/505/405 1599/511/405 171/529/90
f 171/529/90 1599/511/405 1582/496/410 172/524/91
f 1604/530/412 1605/531/412 1609/532/412 1608/533/412
f 1605/531/412 1606/534/411 1610/535/412 1609/532/412
f 1606/534/411 1607/536/412 1611/537/412 1610/535/412
f 1608/533/412 1609/532/412 1613/538/412 1612/539/411
f 1609/532/412 1610/535/412 1614/540/413 1613/538/412
f 1610/535/412 1611/537/412 1615/541/411 1614/540/413
f 1616/542/411 1617/543/412 1621/544/414 1620/545/412
f 1617/543/412 1618/546/411 1622/547/411 1621/544/414
f 1618/546/411 1619/548/412 1623/549/412 1622/547/411
f 1620/545/412 1621/544/414 1625/550/414 1624/551/411
f 1621/544/414 1622/547/411 1626/552/412 1625/550/414
f 1622/547/411 1623/549/412 1627/553/411 1626/552/412
f 1628/554/412 1629/555/411 1633/556/412 1632/557/412
f 1629/555/411 1630/558/411 1634/559/411 1633/556/412
f 1630/558/411 1631/560/411 1635/561/411 1634/559/411
f 1632/557/412 1633/556/412 1637/562/412 1636/563/413
f 1633/556/412 1634/559/411 1638/564/411 1637/562/412
f 1634/559/411 1635/561/411 1639/565/411 1638/564/411
f 1624/551/411 1625/550/414 1611/537/412 1607/536/412
f 1625/550/414 1626/552/412 1615/541/411 1611/537/412
f 1636/563/413 1637/562/412 1623/549/412 1619/548/412
f 1637/562/412 1638/564/411 1627/553/411 1623/549/412
f 1612/539/411 1613/538/412 1635/561/411 1631/560/411
f 1613/538/412 1614/540/413 1639/565/411 1635/561/411
f 1614/540/413 1615/541/411 1603/566/411 1639/565/411
f 1626/552/412 1627/553/411 1603/566/411 1615/541/411
f 1638/564/411 1639/565/411 1603/566/411 1627/553/411
f 11/471/11 169/527/90 1604/530/412 512/567/197
f 169/527/90 170/528/90 1605/531/412 1604/530/412
f 170/528/90 171/529/90 1606/534/411 1605/531/412
f 171/529/90 172/524/91 1607/536/412 1606/534/411
f 512/567/197 1604/530/412 1608/533/412 513/568/198
f 513/568/198 1608/533/412 1612/539/411 514/569/199
f 514/569/199 1612/539/411 1631/560/411 515/570/199
f 12/519/12 176/571/93 1616/542/411 175/520/92
f 176/571/93 177/572/93 1617/543/412 1616/542/411
f 177/572/93 178/573/93 1618/546/411 1617/543/412
f 178/573/93 179/574/93 1619/548/412 1618/546/411
f 175/520/92 1616/542/411 1620/545/412 174/522/90
f 174/522/90 1620/545/412 1624/551/411 173/523/91
f 173/523/91 1624/551/411 1607/536/412 172/524/91
f 13/575/13 518/576/198 1628/554/412 182/577/93
f 518/576/198 517/578/201 1629/555/411 1628/554/412
f 517/578/201 516/579/200 1630/558/411 1629/555/411
f 516/579/200 515/570/199 1631/560/411 1630/558/411
f 182/577/93 1628/554/412 1632/557/412 181/580/93
f 181/580/93 1632/557/412 1636/563/413 180/581/94
f 180/581/94 1636/563/413 1619/548/412 179/574/93
f 1641/582/415 1642/583/415 1646/584/415 1645/585/415
f 1642/583/415 1643/586/416 1647/587/415 1646/584/415
f 1643/586/416 1644/588/417 1648/589/418 1647/587/415
f 1645/585/415 1646/584/415 1650/590/415 1649/591/415
f 1646/584/415 1647/587/415 1651/592/415 1650/590/415
f 1647/587/415 1648/589/418 1652/593/419 1651/592/415
f 1653/594/415 1654/595/420 1658/596/415 1657/597/420
f 1654/595/420 1655/598/421 1659/599/415 1658/596/415
f 1655/598/421 1656/600/415 1660/601/415 1659/599/415
f 1657/597/420 1658/596/415 1662/602/415 1661/603/417
f 1658/596/415 1659/599/415 1663/604/415 1662/602/415
f 1659/599/415 1660/601/415 1664/605/419 1663/604/415
f 1665/606/415 1666/607/415 1670/608/415 1669/609/420
f 1666/607/415 1667/610/415 1671/611/415 1670/608/415
f 1667/610/415 1668/612/415 1672/613/416 1671/611/415
f 1669/609/420 1670/608/415 1674/614/420 1673/615/416
f 1670/608/415 1671/611/415 1675/616/415 1674/614/420
f 1671/611/415 1672/613/416 1676/617/415 1675/616/415
f 1661/603/417 1662/602/415 1648/589/418 1644/588/417
f 1662/602/415 1663/604/415 1652/593/419 1648/589/418
f 1673/615/416 1674/614/420 1660/601/415 1656/600/415
f 1674/614/420 1675/616/415 1664/605/419 1660/601/415
f 1649/591/415 1650/590/415 1672/613/416 1668/612/415
f 1650/590/415 1651/592/415 1676/617/415 1672/613/416
f 1651/592/415 1652/593/419 1640/618/415 1676/617/415
f 1663/604/415 1664/605/419 1640/618/415 1652/593/419
f 1675/616/415 1676/617/415 1640/618/415 1664/605/419
f 13/575/13 182/577/93 1641/582/415 505/619/194
f 182/577/93 181/580/93 1642/583/415 1641/582/415
f 181/580/93 180/581/94 1643/586/416 1642/583/415
f 180/581/94 179/574/93 1644/588/417 1643/586/416
f 505/619/194 1641/582/415 1645/585/415 506/620/194
f 506/620/194 1645/585/415 1649/591/415 507/621/195
f 507/621/195 1649/591/415 1668/612/415 508/622/196
f 12/519/12 183/623/95 1653/594/415 176/571/93
f 183/623/95 184/624/96 1654/595/420 1653/594/415
f 184/624/96 185/625/96 1655/598/421 1654/595/420
f 185/625/96 186/626/96 1656/600/415 1655/598/421
f 176/571/93 1653/594/415 1657/597/420 177/572/93
f 177/572/93 1657/597/420 1661/603/417 178/573/93
f 178/573/93 1661/603/417 1644/588/417 179/574/93
f 14/627/14 511/628/195 1665/606/415 189/629/96
f 511/628/195 510/630/196 1666/607/415 1665/606/415
f 510/630/196 509/631/196 1667/610/415 1666/607/415
f 509/631/196 508/622/196 1668/612/415 1667/610/415
f 189/629/96 1665/606/415 1669/609/420 188/632/97
f 188/632/97 1669/609/420 1673/615/416 187/633/96
f 187/633/96 1673/615/416 1656/600/415 186/626/96
f 1678/634/423 1679/635/423 1683/636/424 1682/637/423
f 1679/635/423 1680/638/423 1684/639/425 1683/636/424
f 1680/638/423 1681/640/423 1685/641/426 1684/639/425
f 1682/637/423 1683/636/424 1687/642/427 1686/643/422
f 1683/636/424 1684/639/425 1688/644/423 1687/642/427
f 1684/639/425 1685/641/426 1689/645/423 1688/644/423
f 1690/646/423 1691/647/423 1695/648/427 1694/649/427
f 1691/647/423 1692/650/423 1696/651/423 1695/648/427
f 1692/650/423 1693/652/423 1697/653/427 1696/651/423
f 1694/649/427 1695/648/427 1699/654/428 1698/655/423
f 1695/648/427 1696/651/423 1700/656/422 1699/654/428
f 1696/651/423 1697/653/427 1701/657/427 1700/656/422
f 1702/658/423 1703/659/423 1707/660/427 1706/661/427
f 1703/659/423 1704/662/423 1708/663/423 1707/660/427
f 1704/662/423 1705/664/423 1709/665/429 1708/663/423
f 1706/661/427 1707/660/427 1711/666/427 1710/667/423
f 1707/660/427 1708/663/423 1712/668/427 1711/666/427
f 1708/663/423 1709/665/429 1713/669/427 1712/668/427
f 1698/655/423 1699/654/428 1685/641/426 1681/640/423
f 1699/654/428 1700/656/422 1689/645/423 1685/641/426
f 1710/667/423 1711/666/427 1697/653/427 1693/652/423
f 1711/666/427 1712/668/427 1701/657/427 1697/653/427
f 1686/643/422 1687/642/427 1709/665/429 1705/664/423
f 1687/642/427 1688/644/423 1713/669/427 1709/665/429
f 1688/644/423 1689/645/423 1677/670/422 1713/669/427
f 1700/656/422 1701/657/427 1677/670/422 1689/645/423
f 1712/668/427 1713/669/427 1677/670/422 1701/657/427
f 14/627/14 189/629/96 1678/634/423 204/671/110
f 189/629/96 188/632/97 1679/635/423 1678/634/423
f 188/632/97 187/633/96 1680/638/423 1679/635/423
f 187/633/96 186/626/96 1681/640/423 1680/638/423
f 204/671/110 1678/634/423 1682/637/423 205/672/111
f 205/672/111 1682/637/423 1686/643/422 206/673/110
f 206/673/110 1686/643/422 1705/664/423 207/674/110
f 12/519/12 190/675/98 1690/646/423 183/623/95
f 190/675/98 191/676/99 1691/647/423 1690/646/423
f 191/676/99 192/677/100 1692/650/423 1691/647/423
f 192/677/100 193/678/101 1693/652/423 1692/650/423
f 183/623/95 1690/646/423 1694/649/427 184/624/96
f 184/624/96 1694/649/427 1698/655/423 185/625/96
f 185/625/96 1698/655/423 1681/640/423 186/626/96
f 15/679/15 210/680/112 1702/658/423 196/681/104
f 210/680/112 209/682/110 1703/659/423 1702/658/423
f 209/682/110 208/683/110 1704/662/423 1703/659/423
f 208/683/110 207/674/110 1705/664/423 1704/662/423
f 196/681/104 1702/658/423 1706/661/427 195/684/103
f 195/684/103 1706/661/427 1710/667/423 194/685/102
f 194/685/102 1710/667/423 1693/652/423 193/678/101
f 1715/686/431 1716/687/432 1720/688/434 1719/689/433
f 1716/687/432 1717/690/432 1721/691/430 1720/688/434
f 1717/690/432 1718/692/432 1722/693/432 1721/691/430
f 1719/689/433 1720/688/434 1724/694/435 1723/695/430
f 1720/688/434 1721/691/430 1725/696/434 1724/694/435
f 1721/691/430 1722/693/432 1726/697/436 1725/696/434
f 1727/698/430 1728/699/433 1732/700/434 1731/701/431
f 1728/699/433 1729/702/434 1733/703/431 1732/700/434
f 1729/702/434 1730/704/430 1734/705/432 1733/703/431
f 1731/701/431 1732/700/434 1736/706/433 1735/707/437
f 1732/700/434 1733/703/431 1737/708/431 1736/706/433
f 1733/703/431 1734/705/432 1738/709/438 1737/708/431
f 1739/710/432 1740/711/430 1744/712/439 1743/713/437
f 1740/711/430 1741/714/434 1745/715/430 1744/712/439
f 1741/714/434 1742/716/431 1746/717/440 1745/715/430
f 1743/713/437 1744/712/439 1748/718/431 1747/719/430
f 1744/712/439 1745/715/430 1749/720/441 1748/718/431
f 1745/715/430 1746/717/440 1750/721/437 1749/720/441
f 1735/707/437 1736/706/433 1722/693/432 1718/692/432
f 1736/706/433 1737/708/431 1726/697/436 1722/693/432
f 1747/719/430 1748/718/431 1734/705/432 1730/704/430
f 1748/718/431 1749/720/441 1738/709/438 1734/705/432
f 1723/695/430 1724/694/435 1746/717/440 1742/716/431
f 1724/694/435 1725/696/434 1750/721/437 1746/717/440
f 1725/696/434 1726/697/436 1714/722/430 1750/721/437
f 1737/708/431 1738/709/438 1714/722/430 1726/697/436
f 1749/720/441 1750/721/437 1714/722/430 1738/709/438
f 16/723/16 211/724/113 1715/686/431 197/725/105
f 211/724/113 212/726/114 1716/687/432 1715/686/431
f 212/726/114 213/727/115 1717/690/432 1716/687/432
f 213/727/115 214/728/116 1718/692/432 1717/690/432
f 197/725/105 1715/686/431 1719/689/433 198/729/106
f 198/729/106 1719/689/433 1723/695/430 199/730/107
f 199/730/107 1723/695/430 1742/716/431 200/731/108
f 14/627/14 204/671/110 1727/698/430 217/732/117
f 204/671/110 205/672/111 1728/699/433 1727/698/430
f 205/672/111 206/673/110 1729/702/434 1728/699/433
f 206/673/110 207/674/110 1730/704/430 1729/702/434
f 217/732/117 1727/698/430 1731/701/431 216/733/117
f 216/733/117 1731/701/431 1735/707/437 215/734/116
f 215/734/116 1735/707/437 1718/692/432 214/728/116
f 15/679/15 203/735/105 1739/710/432 210/680/112
f 203/735/105 202/736/108 1740/711/430 1739/710/432
f 202/736/108 201/737/109 1741/714/434 1740/711/430
f 201/737/109 200/731/108 1742/716/431 1741/714/434
f 210/680/112 1739/710/432 1743/713/437 209/682/110
f 209/682/110 1743/713/437 1747/719/430 208/683/110
f 208/683/110 1747/719/430 1730/704/430 207/674/110
f 1752/738/442 1753/739/443 1757/740/442 1756/741/442
f 1753/739/443 1754/742/443 1758/743/443 1757/740/442
f 1754/742/443 1755/744/442 1759/745/443 1758/743/443
f 1756/741/442 1757/740/442 1761/746/442 1760/747/442
f 1757/740/442 1758/743/443 1762/748/442 1761/746/442
f 1758/743/443 1759/745/443 1763/749/442 1762/748/442
f 1764/750/442 1765/751/442 1769/752/442 1768/753/443
f 1765/751/442 1766/754/442 1770/755/442 1769/752/442
f 1766/754/442 1767/756/442 1771/757/442 1770/755/442
f 1768/753/443 1769/752/442 1773/758/442 1772/759/443
f 1769/752/442 1770/755/442 1774/760/442 1773/758/442
f 1770/755/442 1771/757/442 1775/761/443 1774/760/442
f 1776/762/442 1777/763/443 1781/764/442 1780/765/442
f 1777/763/443 1778/766/443 1782/767/442 1781/764/442
f 1778/766/443 1779/768/443 1783/769/442 1782/767/442
f 1780/765/442 1781/764/442 1785/770/442 1784/771/442
f 1781/764/442 1782/767/442 1786/772/443 1785/770/442
f 1782/767/442 1783/769/442 1787/773/442 1786/772/443
f 1772/759/443 1773/758/442 1759/745/443 1755/744/442
f 1773/758/442 1774/760/442 1763/749/442 1759/745/443
f 1784/771/442 1785/770/442 1771/757/442 1767/756/442
f 1785/770/442 1786/772/443 1775/761/443 1771/757/442
f 1760/747/442 1761/746/442 1783/769/442 1779/768/443
f 1761/746/442 1762/748/442 1787/773/442 1783/769/442
f 1762/748/442 1763/749/442 1751/774/442 1787/773/442
f 1774/760/442 1775/761/443 1751/774/442 1763/749/442
f 1786/772/443 1787/773/442 1751/774/442 1775/761/443
f 14/627/14 217/732/117 1752/738/442 259/775/127
f 217/732/117 216/733/117 1753/739/443 1752/738/442
f 216/733/117 215/734/116 1754/742/443 1753/739/443
f 215/734/116 214/728/116 1755/744/442 1754/742/443
f 259/775/127 1752/738/442 1756/741/442 258/776/129
f 258/776/129 1756/741/442 1760/747/442 257/777/128
f 257/777/128 1760/747/442 1779/768/443 256/778/127
f 16/723/16 231/779/120 1764/750/442 211/724/113
f 231/779/120 230/780/120 1765/751/442 1764/750/442
f 230/780/120 229/781/120 1766/754/442 1765/751/442
f 229/781/120 228/782/121 1767/756/442 1766/754/442
f 211/724/113 1764/750/442 1768/753/443 212/726/114
f 212/726/114 1768/753/443 1772/759/443 213/727/115
f 213/727/115 1772/759/443 1755/744/442 214/728/116
f 18/783/18 253/784/126 1776/762/442 225/785/120
f 253/784/126 254/786/126 1777/763/443 1776/762/442
f 254/786/126 255/787/126 1778/766/443 1777/763/443
f 255/787/126 256/778/127 1779/768/443 1778/766/443
f 225/785/120 1776/762/442 1780/765/442 226/788/120
f 226/788/120 1780/765/442 1784/771/442 227/789/120
f 227/789/120 1784/771/442 1767/756/442 228/782/121
f 1789/790/444 1790/791/445 1794/792/444 1793/793/445
f 1790/791/445 1791/794/444 1795/795/444 1794/792/444
f 1791/794/444 1792/796/444 1796/797/446 1795/795/444
f 1793/793/445 1794/792/444 1798/798/444 1797/799/444
f 1794/792/444 1795/795/444 1799/800/444 1798/798/444
f 1795/795/444 1796/797/446 1800/801/447 1799/800/444
f 1801/802/444 1802/803/444 1806/804/444 1805/805/444
f 1802/803/444 1803/806/447 1807/807/447 1806/804/444
f 1803/806/447 1804/808/445 1808/809/445 1807/807/447
f 1805/805/444 1806/804/444 1810/810/444 1809/811/444
f 1806/804/444 1807/807/447 1811/812/448 1810/810/444
f 1807/807/447 1808/809/445 1812/813/444 1811/812/448
f 1813/814/445 1814/815/444 1818/816/444 1817/817/444
f 1814/815/444 1815/818/445 1819/819/445 1818/816/444
f 1815/818/445 1816/820/445 1820/821/445 1819/819/445
f 1817/817/444 1818/816/444 1822/822/444 1821/823/444
f 1818/816/444 1819/819/445 1823/824/444 1822/822/444
f 1819/819/445 1820/821/445 1824/825/445 1823/824/444
f 1809/811/444 1810/810/444 1796/797/446 1792/796/444
f 1810/810/444 1811/812/448 1800/801/447 1796/797/446
f 1821/823/444 1822/822/444 1808/809/445 1804/808/445
f 1822/822/444 1823/824/444 1812/813/444 1808/809/445
f 1797/799/444 1798/798/444 1820/821/445 1816/820/445
f 1798/798/444 1799/800/444 1824/825/445 1820/821/445
f 1799/800/444 1800/801/447 1788/826/444 1824/825/445
f 1811/812/448 1812/813/444 1788/826/444 1800/801/447
f 1823/824/444 1824/825/445 1788/826/444 1812/813/444
f 16/723/16 224/827/118 1789/790/444 231/779/120
f 224/827/118 223/828/119 1790/791/445 1789/790/444
f 223/828/119 222/829/119 1791/794/444 1790/791/445
f 222/829/119 221/830/118 1792/796/444 1791/794/444
f 231/779/120 1789/790/444 1793/793/445 230/780/120
f 230/780/120 1793/793/445 1797/799/444 229/781/120
f 229/781/120 1797/799/444 1816/820/445 228/782/121
f 17/831/17 239/832/123 1801/802/444 218/833/118
f 239/832/123 240/834/124 1802/803/444 1801/802/444
f 240/834/124 241/835/124 1803/806/447 1802/803/444
f 241/835/124 242/836/124 1804/808/445 1803/806/447
f 218/833/118 1801/802/444 1805/805/444 219/837/118
f 219/837/118 1805/805/444 1809/811/444 220/838/119
f 220/838/119 1809/811/444 1792/796/444 221/830/118
f 18/783/18 225/785/120 1813/814/445 245/839/123
f 225/785/120 226/788/120 1814/815/444 1813/814/445
f 226/788/120 227/789/120 1815/818/445 1814/815/444
f 227/789/120 228/782/121 1816/820/445 1815/818/445
f 245/839/123 1813/814/445 1817/817/444 244/840/124
f 244/840/124 1817/817/444 1821/823/444 243/841/124
f 243/841/124 1821/823/444 1804/808/445 242/836/124
f 1826/842/449 1827/843/450 1831/844/449 1830/845/449
f 1827/843/450 1828/846/450 1832/847/449 1831/844/449
f 1828/846/450 1829/848/449 1833/849/449 1832/847/449
f 1830/845/449 1831/844/449 1835/850/449 1834/851/449
f 1831/844/449 1832/847/449 1836/852/449 1835/850/449
f 1832/847/449 1833/849/449 1837/853/449 1836/852/449
f 1838/854/450 1839/855/449 1843/856/449 1842/857/449
f 1839/855/449 1840/858/450 1844/859/449 1843/856/449
f 1840/858/450 1841/860/450 1845/861/450 1844/859/449
f 1842/857/449 1843/856/449 1847/862/449 1846/863/449
f 1843/856/449 1844/859/449 1848/864/449 1847/862/449
f 1844/859/449 1845/861/450 1849/865/450 1848/864/449
f 1850/866/449 1851/867/449 1855/868/449 1854/869/449
f 1851/867/449 1852/870/449 1856/871/449 1855/868/449
f 1852/870/449 1853/872/449 1857/873/450 1856/871/449
f 1854/869/449 1855/868/449 1859/874/450 1858/875/449
f 1855/868/449 1856/871/449 1860/876/449 1859/874/450
f 1856/871/449 1857/873/450 1861/877/449 1860/876/449
f 1846/863/449 1847/862/449 1833/849/449 1829/848/449
f 1847/862/449 1848/864/449 1837/853/449 1833/849/449
f 1858/875/449 1859/874/450 1845/861/450 1841/860/450
f 1859/874/450 1860/876/449 1849/865/450 1845/861/450
f 1834/851/449 1835/850/449 1857/873/450 1853/872/449
f 1835/850/449 1836/852/449 1861/877/449 1857/873/450
f 1836/852/449 1837/853/449 1825/878/449 1861/877/449
f 1848/864/449 1849/865/450 1825/878/449 1837/853/449
f 1860/876/449 1861/877/449 1825/878/449 1849/865/450
f 18/783/18 245/839/123 1826/842/449 238/879/122
f 245/839/123 244/840/124 1827/843/450 1826/842/449
f 244/840/124 243/841/124 1828/846/450 1827/843/450
f 243/841/124 242/836/124 1829/848/449 1828/846/450
f 238/879/122 1826/842/449 1830/845/449 237/880/122
f 237/880/122 1830/845/449 1834/851/449 236/881/122
f 236/881/122 1834/851/449 1853/872/449 235/882/122
f 17/831/17 504/883/193 1838/854/450 239/832/123
f 504/883/193 503/884/193 1839/855/449 1838/854/450
f 503/884/193 502/885/192 1840/858/450 1839/855/449
f 502/885/192 501/886/192 1841/860/450 1840/858/450
f 239/832/123 1838/854/450 1842/857/449 240/834/124
f 240/834/124 1842/857/449 1846/863/449 241/835/124
f 241/835/124 1846/863/449 1829/848/449 242/836/124
f 19/887/19 232/888/122 1850/866/449 498/889/192
f 232/888/122 233/890/122 1851/867/449 1850/866/449
f 233/890/122 234/891/122 1852/870/449 1851/867/449
f 234/891/122 235/882/122 1853/872/449 1852/870/449
f 498/889/192 1850/866/449 1854/869/449 499/892/192
f 499/892/192 1854/869/449 1858/875/449 500/893/192
f 500/893/192 1858/875/449 1841/860/450 501/886/192
f 1863/894/452 1864/895/452 1868/896/452 1867/897/452
f 1864/895/452 1865/898/452 1869/899/451 1868/896/452
f 1865/898/452 1866/900/452 1870/901/452 1869/899/451
f 1867/897/452 1868/896/452 1872/902/452 1871/903/452
f 1868/896/452 1869/899/451 1873/904/452 1872/902/452
f 1869/899/451 1870/901/452 1874/905/452 1873/904/452
f 1875/906/452 1876/907/452 1880/908/452 1879/909/452
f 1876/907/452 1877/910/452 1881/911/452 1880/908/452
f 1877/910/452 1878/912/452 1882/913/452 1881/911/452
f 1879/909/452 1880/908/452 1884/914/452 1883/915/452
f 1880/908/452 1881/911/452 1885/916/452 1884/914/452
f 1881/911/452 1882/913/452 1886/917/451 1885/916/452
f 1887/918/452 1888/919/452 1892/920/452 1891/921/451
f 1888/919/452 1889/922/452 1893/923/452 1892/920/452
f 1889/922/452 1890/924/452 1894/925/452 1893/923/452
f 1891/921/451 1892/920/452 1896/926/452 1895/927/452
f 1892/920/452 1893/923/452 1897/928/452 1896/926/452
f 1893/923/452 1894/925/452 1898/929/451 1897/928/452
f 1883/915/452 1884/914/452 1870/901/452 1866/900/452
f 1884/914/452 1885/916/452 1874/905/452 1870/901/452
f 1895/927/452 1896/926/452 1882/913/452 1878/912/452
f 1896/926/452 1897/928/452 1886/917/451 1882/913/452
f 1871/903/452 1872/902/452 1894/925/452 1890/924/452
f 1872/902/452 1873/904/452 1898/929/451 1894/925/452
f 1873/904/452 1874/905/452 1862/930/451 1898/929/451
f 1885/916/452 1886/917/451 1862/930/451 1874/905/452
f 1897/928/452 1898/929/451 1862/930/451 1886/917/451
f 18/783/18 238/879/122 1863/894/452 246/931/125
f 238/879/122 237/880/122 1864/895/452 1863/894/452
f 237/880/122 236/881/122 1865/898/452 1864/895/452
f 236/881/122 235/882/122 1866/900/452 1865/898/452
f 246/931/125 1863/894/452 1867/897/452 247/932/125
f 247/932/125 1867/897/452 1871/903/452 248/933/125
f 248/933/125 1871/903/452 1890/924/452 249/934/125
f 19/887/19 274/935/134 1875/906/452 232/888/122
f 274/935/134 275/936/134 1876/907/452 1875/906/452
f 275/936/134 276/937/135 1877/910/452 1876/907/452
f 276/937/135 277/938/135 1878/912/452 1877/910/452
f 232/888/122 1875/906/452 1879/909/452 233/890/122
f 233/890/122 1879/909/452 1883/915/452 234/891/122
f 234/891/122 1883/915/452 1866/900/452 235/882/122
f 20/939/20 252/940/125 1887/918/452 280/941/136
f 252/940/125 251/942/125 1888/919/452 1887/918/452
f 251/942/125 250/943/125 1889/922/452 1888/919/452
f 250/943/125 249/934/125 1890/924/452 1889/922/452
f 280/941/136 1887/918/452 1891/921/451 279/944/135
f 279/944/135 1891/921/451 1895/927/452 278/945/135
f 278/945/135 1895/927/452 1878/912/452 277/938/135
f 1900/946/453 1901/947/453 1905/948/453 1904/949/453
f 1901/947/453 1902/950/453 1906/951/453 1905/948/453
f 1902/950/453 1903/952/453 1907/953/453 1906/951/453
f 1904/949/453 1905/948/453 1909/954/453 1908/955/453
f 1905/948/453 1906/951/453 1910/956/454 1909/954/453
f 1906/951/453 1907/953/453 1911/957/453 1910/956/454
f 1912/958/453 1913/959/453 1917/960/453 1916/961/453
f 1913/959/453 1914/962/453 1918/963/453 1917/960/453
f 1914/962/453 1915/964/453 1919/965/453 1918/963/453
f 1916/961/453 1917/960/453 1921/966/454 1920/967/453
f 1917/960/453 1918/963/453 1922/968/453 1921/966/454
f 1918/963/453 1919/965/453 1923/969/453 1922/968/453
f 1924/970/453 1925/971/453 1929/972/453 1928/973/453
f 1925/971/453 1926/974/453 1930/975/453 1929/972/453
f 1926/974/453 1927/976/453 1931/977/453 1930/975/453
f 1928/973/453 1929/972/453 1933/978/453 1932/979/453
f 1929/972/453 1930/975/453 1934/980/453 1933/978/453
f 1930/975/453 1931/977/453 1935/981/453 1934/980/453
f 1920/967/453 1921/966/454 1907/953/453 1903/952/453
f 1921/966/454 1922/968/453 1911/957/453 1907/953/453
f 1932/979/453 1933/978/453 1919/965/453 1915/964/453
f 1933/978/453 1934/980/453 1923/969/453 1919/965/453
f 1908/955/453 1909/954/453 1931/977/453 1927/976/453
f 1909/954/453 1910/956/454 1935/981/453 1931/977/453
f 1910/956/454 1911/957/453 1899/982/453 1935/981/453
f 1922/968/453 1923/969/453 1899/982/453 1911/957/453
f 1934/980/453 1935/981/453 1899/982/453 1923/969/453
f 20/939/20 288/983/141 1900/946/453 252/940/125
f 288/983/141 289/984/141 1901/947/453 1900/946/453
f 289/984/141 290/985/141 1902/950/453 1901/947/453
f 290/985/141 291/986/141 1903/952/453 1902/950/453
f 252/940/125 1900/946/453 1904/949/453 251/942/125
f 251/942/125 1904/949/453 1908/955/453 250/943/125
f 250/943/125 1908/955/453 1927/976/453 249/934/125
f 14/627/14 259/775/127 1912/958/453 294/987/141
f 259/775/127 258/776/129 1913/959/453 1912/958/453
f 258/776/129 257/777/128 1914/962/453 1913/959/453
f 257/777/128 256/778/127 1915/964/453 1914/962/453
f 294/987/141 1912/958/453 1916/961/453 293/988/141
f 293/988/141 1916/961/453 1920/967/453 292/989/141
f 292/989/141 1920/967/453 1903/952/453 291/986/141
f 18/783/18 246/931/125 1924/970/453 253/784/126
f 246/931/125 247/932/125 1925/971/453 1924/970/453
f 247/932/125 248/933/125 1926/974/453 1925/971/453
f 248/933/125 249/934/125 1927/976/453 1926/974/453
f 253/784/126 1924/970/453 1928/973/453 254/786/126
f 254/786/126 1928/973/453 1932/979/453 255/787/126
f 255/787/126 1932/979/453 1915/964/453 256/778/127
f 1937/990/455 1938/991/455 1942/992/456 1941/993/455
f 1938/991/455 1939/994/455 1943/995/455 1942/992/456
f 1939/994/455 1940/996/455 1944/997/455 1943/995/455
f 1941/993/455 1942/992/456 1946/998/455 1945/999/455
f 1942/992/456 1943/995/455 1947/1000/455 1946/998/455
f 1943/995/455 1944/997/455 1948/1001/455 1947/1000/455
f 1949/1002/455 1950/1003/455 1954/1004/455 1953/1005/455
f 1950/1003/455 1951/1006/455 1955/1007/455 1954/1004/455
f 1951/1006/455 1952/1008/455 1956/1009/455 1955/1007/455
f 1953/1005/455 1954/1004/455 1958/1010/455 1957/1011/455
f 1954/1004/455 1955/1007/455 1959/1012/455 1958/1010/455
f 1955/1007/455 1956/1009/455 1960/1013/455 1959/1012/455
f 1961/1014/455 1962/1015/455 1966/1016/455 1965/1017/455
f 1962/1015/455 1963/1018/455 1967/1019/455 1966/1016/455
f 1963/1018/455 1964/1020/455 1968/1021/455 1967/1019/455
f 1965/1017/455 1966/1016/455 1970/1022/455 1969/1023/455
f 1966/1016/455 1967/1019/455 1971/1024/455 1970/1022/455
f 1967/1019/455 1968/1021/455 1972/1025/455 1971/1024/455
f 1957/1011/455 1958/1010/455 1944/997/455 1940/996/455
f 1958/1010/455 1959/1012/455 1948/1001/455 1944/997/455
f 1969/1023/455 1970/1022/455 1956/1009/455 1952/1008/455
f 1970/1022/455 1971/1024/455 1960/1013/455 1956/1009/455
f 1945/999/455 1946/998/455 1968/1021/455 1964/1020/455
f 1946/998/455 1947/1000/455 1972/1025/455 1968/1021/455
f 1947/1000/455 1948/1001/455 1936/1026/455 1972/1025/455
f 1959/1012/455 1960/1013/455 1936/1026/455 1948/1001/455
f 1971/1024/455 1972/1025/455 1936/1026/455 1960/1013/455
f 21/1027/21 309/1028/145 1937/990/455 260/1029/130
f 309/1028/145 310/1030/145 1938/991/455 1937/990/455
f 310/1030/145 311/1031/145 1939/994/455 1938/991/455
f 311/1031/145 312/1032/145 1940/996/455 1939/994/455
f 260/1029/130 1937/990/455 1941/993/455 261/1033/130
f 261/1033/130 1941/993/455 1945/999/455 262/1034/131
f 262/1034/131 1945/999/455 1964/1020/455 263/1035/131
f 8/311/8 295/1036/142 1949/1002/455 315/1037/145
f 295/1036/142 296/1038/143 1950/1003/455 1949/1002/455
f 296/1038/143 297/1039/142 1951/1006/455 1950/1003/455
f 297/1039/142 298/1040/143 1952/1008/455 1951/1006/455
f 315/1037/145 1949/1002/455 1953/1005/455 314/1041/145
f 314/1041/145 1953/1005/455 1957/1011/455 313/1042/145
f 313/1042/145 1957/1011/455 1940/996/455 312/1032/145
f 20/939/20 266/1043/131 1961/1014/455 301/1044/142
f 266/1043/131 265/1045/130 1962/1015/455 1961/1014/455
f 265/1045/130 264/1046/130 1963/1018/455 1962/1015/455
f 264/1046/130 263/1035/131 1964/1020/455 1963/1018/455
f 301/1044/142 1961/1014/455 1965/1017/455 300/1047/142
f 300/1047/142 1965/1017/455 1969/1023/455 299/1048/143
f 299/1048/143 1969/1023/455 1952/1008/455 298/1040/143
f 1974/1049/457 1975/1050/458 1979/1051/458 1978/1052/457
f 1975/1050/458 1976/1053/457 1980/1054/458 1979/1051/458
f 1976/1053/457 1977/1055/457 1981/1056/459 1980/1054/458
f 1978/1052/457 1979/1051/458 1983/1057/457 1982/1058/457
f 1979/1051/458 1980/1054/458 1984/1059/458 1983/1057/457
f 1980/1054/458 1981/1056/459 1985/1060/457 1984/1059/458
f 1986/1061/457 1987/1062/457 1991/1063/459 1990/1064/458
f 1987/1062/457 1988/1065/457 1992/1066/458 1991/1063/459
f 1988/1065/457 1989/1067/457 1993/1068/458 1992/1066/458
f 1990/1064/458 1991/1063/459 1995/1069/459 1994/1070/458
f 1991/1063/459 1992/1066/458 1996/1071/458 1995/1069/459
f 1992/1066/458 1993/1068/458 1997/1072/457 1996/1071/458
f 1998/1073/457 1999/1074/458 2003/1075/457 2002/1076/457
f 1999/1074/458 2000/1077/458 2004/1078/458 2003/1075/457
f 2000/1077/458 2001/1079/458 2005/1080/458 2004/1078/458
f 2002/1076/457 2003/1075/457 2007/1081/457 2006/1082/457
f 2003/1075/457 2004/1078/458 2008/1083/457 2007/1081/457
f 2004/1078/458 2005/1080/458 2009/1084/458 2008/1083/457
f 1994/1070/458 1995/1069/459 1981/1056/459 1977/1055/457
f 1995/1069/459 1996/1071/458 1985/1060/457 1981/1056/459
f 2006/1082/457 2007/1081/457 1993/1068/458 1989/1067/457
f 2007/1081/457 2008/1083/457 1997/1072/457 1993/1068/458
f 1982/1058/457 1983/1057/457 2005/1080/458 2001/1079/458
f 1983/1057/457 1984/1059/458 2009/1084/458 2005/1080/458
f 1984/1059/458 1985/1060/457 1973/1085/457 2009/1084/458
f 1996/1071/458 1997/1072/457 1973/1085/457 1985/1060/457
f 2008/1083/457 2009/1084/458 1973/1085/457 1997/1072/457
f 21/1027/21 260/1029/130 1974/1049/457 302/1086/144
f 260/1029/130 261/1033/130 1975/1050/458 1974/1049/457
f 261/1033/130 262/1034/131 1976/1053/457 1975/1050/458
f 262/1034/131 263/1035/131 1977/1055/457 1976/1053/457
f 302/1086/144 1974/1049/457 1978/1052/457 303/1087/144
f 303/1087/144 1978/1052/457 1982/1058/457 304/1088/144
f 304/1088/144 1982/1058/457 2001/1079/458 305/1089/144
f 20/939/20 280/941/136 1986/1061/457 266/1043/131
f 280/941/136 279/944/135 1987/1062/457 1986/1061/457
f 279/944/135 278/945/135 1988/1065/457 1987/1062/457
f 278/945/135 277/938/135 1989/1067/457 1988/1065/457
f 266/1043/131 1986/1061/457 1990/1064/458 265/1045/130
f 265/1045/130 1990/1064/458 1994/1070/458 264/1046/130
f 264/1046/130 1994/1070/458 1977/1055/457 263/1035/131
f 19/887/19 308/1090/144 1998/1073/457 274/935/134
f 308/1090/144 307/1091/144 1999/1074/458 1998/1073/457
f 307/1091/144 306/1092/144 2000/1077/458 1999/1074/458
f 306/1092/144 305/1089/144 2001/1079/458 2000/1077/458
f 274/935/134 1998/1073/457 2002/1076/457 275/936/134
f 275/936/134 2002/1076/457 2006/1082/457 276/937/135
f 276/937/135 2006/1082/457 1989/1067/457 277/938/135
f 2011/1093/461 2012/1094/461 2016/1095/461 2015/1096/461
f 2012/1094/461 2013/1097/460 2017/1098/461 2016/1095/461
f 2013/1097/460 2014/1099/461 2018/1100/460 2017/1098/461
f 2015/1096/461 2016/1095/461 2020/1101/461 2019/1102/460
f 2016/1095/461 2017/1098/461 2021/1103/461 2020/1101/461
f 2017/1098/461 2018/1100/460 2022/1104/460 2021/1103/461
f 2023/1105/461 2024/1106/461 2028/1107/460 2027/1108/461
f 2024/1106/461 2025/1109/460 2029/1110/461 2028/1107/460
f 2025/1109/460 2026/1111/461 2030/1112/461 2029/1110/461
f 2027/1108/461 2028/1107/460 2032/1113/460 2031/1114/461
f 2028/1107/460 2029/1110/461 2033/1115/460 2032/1113/460
f 2029/1110/461 2030/1112/461 2034/1116/461 2033/1115/460
f 2035/1117/461 2036/1118/460 2040/1119/461 2039/1120/461
f 2036/1118/460 2037/1121/461 2041/1122/461 2040/1119/461
f 2037/1121/461 2038/1123/461 2042/1124/461 2041/1122/461
f 2039/1120/461 2040/1119/461 2044/1125/461 2043/1126/460
f 2040/1119/461 2041/1122/461 2045/1127/461 2044/1125/461
f 2041/1122/461 2042/1124/461 2046/1128/461 2045/1127/461
f 2031/1114/461 2032/1113/460 2018/1100/460 2014/1099/461
f 2032/1113/460 2033/1115/460 2022/1104/460 2018/1100/460
f 2043/1126/460 2044/1125/461 2030/1112/461 2026/1111/461
f 2044/1125/461 2045/1127/461 2034/1116/461 2030/1112/461
f 2019/1102/460 2020/1101/461 2042/1124/461 2038/1123/461
f 2020/1101/461 2021/1103/461 2046/1128/461 2042/1124/461
f 2021/1103/461 2022/1104/460 2010/1129/460 2046/1128/461
f 2033/1115/460 2034/1116/461 2010/1129/460 2022/1104/460
f 2045/1127/461 2046/1128/461 2010/1129/460 2034/1116/461
f 8/311/8 519/463/202 2011/1093/461 295/1036/142
f 519/463/202 520/464/203 2012/1094/461 2011/1093/461
f 520/464/203 521/465/204 2013/1097/460 2012/1094/461
f 521/465/204 522/466/202 2014/1099/461 2013/1097/460
f 295/1036/142 2011/1093/461 2015/1096/461 296/1038/143
f 296/1038/143 2015/1096/461 2019/1102/460 297/1039/142
f 297/1039/142 2019/1102/460 2038/1123/461 298/1040/143
f 11/471/11 267/1130/132 2023/1105/461 525/472/204
f 267/1130/132 268/1131/132 2024/1106/461 2023/1105/461
f 268/1131/132 269/1132/132 2025/1109/460 2024/1106/461
f 269/1132/132 270/1133/132 2026/1111/461 2025/1109/460
f 525/472/204 2023/1105/461 2027/1108/461 524/474/202
f 524/474/202 2027/1108/461 2031/1114/461 523/475/204
f 523/475/204 2031/1114/461 2014/1099/461 522/466/202
f 20/939/20 301/1044/142 2035/1117/461 273/1134/132
f 301/1044/142 300/1047/142 2036/1118/460 2035/1117/461
f 300/1047/142 299/1048/143 2037/1121/461 2036/1118/460
f 299/1048/143 298/1040/143 2038/1123/461 2037/1121/461
f 273/1134/132 2035/1117/461 2039/1120/461 272/1135/132
f 272/1135/132 2039/1120/461 2043/1126/460 271/1136/133
f 271/1136/133 2043/1126/460 2026/1111/461 270/1133/132
f 2048/1137/462 2049/1138/463 2053/1139/462 2052/1140/463
f 2049/1138/463 2050/1141/464 2054/1142/462 2053/1139/462
f 2050/1141/464 2051/1143/462 2055/1144/462 2054/1142/462
f 2052/1140/463 2053/1139/462 2057/1145/464 2056/1146/462
f 2053/1139/462 2054/1142/462 2058/1147/462 2057/1145/464
f 2054/1142/462 2055/1144/462 2059/1148/464 2058/1147/462
f 2060/1149/462 2061/1150/465 2065/1151/462 2064/1152/462
f 2061/1150/465 2062/1153/464 2066/1154/464 2065/1151/462
f 2062/1153/464 2063/1155/462 2067/1156/464 2066/1154/464
f 2064/1152/462 2065/1151/462 2069/1157/462 2068/1158/462
f 2065/1151/462 2066/1154/464 2070/1159/464 2069/1157/462
f 2066/1154/464 2067/1156/464 2071/1160/464 2070/1159/464
f 2072/1161/462 2073/1162/463 2077/1163/465 2076/1164/464
f 2073/1162/463 2074/1165/465 2078/1166/465 2077/1163/465
f 2074/1165/465 2075/1167/464 2079/1168/465 2078/1166/465
f 2076/1164/464 2077/1163/465 2081/1169/462 2080/1170/462
f 2077/1163/465 2078/1166/465 2082/1171/462 2081/1169/462
f 2078/1166/465 2079/1168/465 2083/1172/462 2082/1171/462
f 2068/1158/462 2069/1157/462 2055/1144/462 2051/1143/462
f 2069/1157/462 2070/1159/464 2059/1148/464 2055/1144/462
f 2080/1170/462 2081/1169/462 2067/1156/464 2063/1155/462
f 2081/1169/462 2082/1171/462 2071/1160/464 2067/1156/464
f 2056/1146/462 2057/1145/464 2079/1168/465 2075/1167/464
f 2057/1145/464 2058/1147/462 2083/1172/462 2079/1168/465
f 2058/1147/462 2059/1148/464 2047/1173/462 2083/1172/462
f 2070/1159/464 2071/1160/464 2047/1173/462 2059/1148/464
f 2082/1171/462 2083/1172/462 2047/1173/462 2071/1160/464
f 20/939/20 273/1134/132 2048/1137/462 281/1174/137
f 273/1134/132 272/1135/132 2049/1138/463 2048/1137/462
f 272/1135/132 271/1136/133 2050/1141/464 2049/1138/463
f 271/1136/133 270/1133/132 2051/1143/462 2050/1141/464
f 281/1174/137 2048/1137/462 2052/1140/463 282/1175/138
f 282/1175/138 2052/1140/463 2056/1146/462 283/1176/139
f 283/1176/139 2056/1146/462 2075/1167/464 284/1177/140
f 11/471/11 512/567/197 2060/1149/462 267/1130/132
f 512/567/197 513/568/198 2061/1150/465 2060/1149/462
f 513/568/198 514/569/199 2062/1153/464 2061/1150/465
f 514/569/199 515/570/199 2063/1155/462 2062/1153/464
f 267/1130/132 2060/1149/462 2064/1152/462 268/1131/132
f 268/1131/132 2064/1152/462 2068/1158/462 269/1132/132
f 269/1132/132 2068/1158/462 2051/1143/462 270/1133/132
f 13/575/13 287/1178/138 2072/1161/462 518/576/198
f 287/1178/138 286/1179/138 2073/1162/463 2072/1161/462
f 286/1179/138 285/1180/138 2074/1165/465 2073/1162/463
f 285/1180/138 284/1177/140 2075/1167/464 2074/1165/465
f 518/576/198 2072/1161/462 2076/1164/464 517/578/201
f 517/578/201 2076/1164/464 2080/1170/462 516/579/200
f 516/579/200 2080/1170/462 2063/1155/462 515/570/199
f 2085/1181/467 2086/1182/467 2090/1183/467 2089/1184/467
f 2086/1182/467 2087/1185/467 2091/1186/467 2090/1183/467
f 2087/1185/467 2088/1187/466 2092/1188/468 2091/1186/467
f 2089/1184/467 2090/1183/467 2094/1189/466 2093/1190/466
f 2090/1183/467 2091/1186/467 2095/1191/467 2094/1189/466
f 2091/1186/467 2092/1188/468 2096/1192/466 2095/1191/467
f 2097/1193/467 2098/1194/467 2102/1195/466 2101/1196/467
f 2098/1194/467 2099/1197/467 2103/1198/466 2102/1195/466
f 2099/1197/467 2100/1199/467 2104/1200/467 2103/1198/466
f 2101/1196/467 2102/1195/466 2106/1201/466 2105/1202/466
f 2102/1195/466 2103/1198/466 2107/1203/467 2106/1201/466
f 2103/1198/466 2104/1200/467 2108/1204/469 2107/1203/467
f 2109/1205/466 2110/1206/468 2114/1207/468 2113/1208/467
f 2110/1206/468 2111/1209/467 2115/1210/467 2114/1207/468
f 2111/1209/467 2112/1211/467 2116/1212/467 2115/1210/467
f 2113/1208/467 2114/1207/468 2118/1213/467 2117/1214/466
f 2114/1207/468 2115/1210/467 2119/1215/466 2118/1213/467
f 2115/1210/467 2116/1212/467 2120/1216/467 2119/1215/466
f 2105/1202/466 2106/1201/466 2092/1188/468 2088/1187/466
f 2106/1201/466 2107/1203/467 2096/1192/466 2092/1188/468
f 2117/1214/466 2118/1213/467 2104/1200/467 2100/1199/467
f 2118/1213/467 2119/1215/466 2108/1204/469 2104/1200/467
f 2093/1190/466 2094/1189/466 2116/1212/467 2112/1211/467
f 2094/1189/466 2095/1191/467 2120/1216/467 2116/1212/467
f 2095/1191/467 2096/1192/466 2084/1217/466 2120/1216/467
f 2107/1203/467 2108/1204/469 2084/1217/466 2096/1192/466
f 2119/1215/466 2120/1216/467 2084/1217/466 2108/1204/469
f 14/627/14 294/987/141 2085/1181/467 511/628/195
f 294/987/141 293/988/141 2086/1182/467 2085/1181/467
f 293/988/141 292/989/141 2087/1185/467 2086/1182/467
f 292/989/141 291/986/141 2088/1187/466 2087/1185/467
f 511/628/195 2085/1181/467 2089/1184/467 510/630/196
f 510/630/196 2089/1184/467 2093/1190/466 509/631/196
f 509/631/196 2093/1190/466 2112/1211/467 508/622/196
f 20/939/20 281/1174/137 2097/1193/467 288/983/141
f 281/1174/137 282/1175/138 2098/1194/467 2097/1193/467
f 282/1175/138 283/1176/139 2099/1197/467 2098/1194/467
f 283/1176/139 284/1177/140 2100/1199/467 2099/1197/467
f 288/983/141 2097/1193/467 2101/1196/467 289/984/141
f 289/984/141 2101/1196/467 2105/1202/466 290/985/141
f 290/985/141 2105/1202/466 2088/1187/466 291/986/141
f 13/575/13 505/619/194 2109/1205/466 287/1178/138
f 505/619/194 506/620/194 2110/1206/468 2109/1205/466
f 506/620/194 507/621/195 2111/1209/467 2110/1206/468
f 507/621/195 508/622/196 2112/1211/467 2111/1209/467
f 287/1178/138 2109/1205/466 2113/1208/467 286/1179/138
f 286/1179/138 2113/1208/467 2117/1214/466 285/1180/138
f 285/1180/138 2117/1214/466 2100/1199/467 284/1177/140
f 2122/1218/470 2123/1219/470 2127/1220/470 2126/1221/470
f 2123/1219/470 2124/1222/470 2128/1223/470 2127/1220/470
f 2124/1222/470 2125/1224/470 2129/1225/470 2128/1223/470
f 2126/1221/470 2127/1220/470 2131/1226/470 2130/1227/470
f 2127/1220/470 2128/1223/470 2132/1228/470 2131/1226/470
f 2128/1223/470 2129/1225/470 2133/1229/470 2132/1228/470
f 2134/1230/470 2135/1231/470 2139/1232/470 2138/1233/470
f 2135/1231/470 2136/1234/470 2140/1235/470 2139/1232/470
f 2136/1234/470 2137/1236/470 2141/1237/470 2140/1235/470
f 2138/1233/470 2139/1232/470 2143/1238/470 2142/1239/470
f 2139/1232/470 2140/1235/470 2144/1240/470 2143/1238/470
f 2140/1235/470 2141/1237/470 2145/1241/470 2144/1240/470
f 2146/1242/470 2147/1243/470 2151/1244/470 2150/1245/470
f 2147/1243/470 2148/1246/470 2152/1247/470 2151/1244/470
f 2148/1246/470 2149/1248/470 2153/1249/470 2152/1247/470
f 2150/1245/470 2151/1244/470 2155/1250/470 2154/1251/470
f 2151/1244/470 2152/1247/470 2156/1252/470 2155/1250/470
f 2152/1247/470 2153/1249/470 2157/1253/470 2156/1252/470
f 2142/1239/470 2143/1238/470 2129/1225/470 2125/1224/470
f 2143/1238/470 2144/1240/470 2133/1229/470 2129/1225/470
f 2154/1251/470 2155/1250/470 2141/1237/470 2137/1236/470
f 2155/1250/470 2156/1252/470 2145/1241/470 2141/1237/470
f 2130/1227/470 2131/1226/470 2153/1249/470 2149/1248/470
f 2131/1226/470 2132/1228/470 2157/1253/470 2153/1249/470
f 2132/1228/470 2133/1229/470 2121/1254/470 2157/1253/470
f 2144/1240/470 2145/1241/470 2121/1254/470 2133/1229/470
f 2156/1252/470 2157/1253/470 2121/1254/470 2145/1241/470
f 23/1255/23 330/1256/149 2122/1218/470 365/1257/158
f 330/1256/149 331/1258/150 2123/1219/470 2122/1218/470
f 331/1258/150 332/1259/149 2124/1222/470 2123/1219/470
f 332/1259/149 333/1260/150 2125/1224/470 2124/1222/470
f 365/1257/158 2122/1218/470 2126/1221/470 366/1261/158
f 366/1261/158 2126/1221/470 2130/1227/470 367/1262/159
f 367/1262/159 2130/1227/470 2149/1248/470 368/1263/158
f 21/1027/21 302/1086/144 2134/1230/470 336/1264/149
f 302/1086/144 303/1087/144 2135/1231/470 2134/1230/470
f 303/1087/144 304/1088/144 2136/1234/470 2135/1231/470
f 304/1088/144 305/1089/144 2137/1236/470 2136/1234/470
f 336/1264/149 2134/1230/470 2138/1233/470 335/1265/149
f 335/1265/149 2138/1233/470 2142/1239/470 334/1266/150
f 334/1266/150 2142/1239/470 2125/1224/470 333/1260/150
f 19/887/19 371/1267/160 2146/1242/470 308/1090/144
f 371/1267/160 370/1268/158 2147/1243/470 2146/1242/470
f 370/1268/158 369/1269/158 2148/1246/470 2147/1243/470
f 369/1269/158 368/1263/158 2149/1248/470 2148/1246/470
f 308/1090/144 2146/1242/470 2150/1245/470 307/1091/144
f 307/1091/144 2150/1245/470 2154/1251/470 306/1092/144
f 306/1092/144 2154/1251/470 2137/1236/470 305/1089/144
f 2159/1270/471 2160/1271/471 2164/1272/471 2163/1273/471
f 2160/1271/471 2161/1274/471 2165/1275/471 2164/1272/471
f 2161/1274/471 2162/1276/471 2166/1277/471 2165/1275/471
f 2163/1273/471 2164/1272/471 2168/1278/471 2167/1279/471
f 2164/1272/471 2165/1275/471 2169/1280/471 2168/1278/471
f 2165/1275/471 2166/1277/471 2170/1281/472 2169/1280/471
f 2171/1282/471 2172/1283/471 2176/1284/471 2175/1285/471
f 2172/1283/471 2173/1286/471 2177/1287/472 2176/1284/471
f 2173/1286/471 2174/1288/471 2178/1289/471 2177/1287/472
f 2175/1285/471 2176/1284/471 2180/1290/472 2179/1291/471
f 2176/1284/471 2177/1287/472 2181/1292/472 2180/1290/472
f 2177/1287/472 2178/1289/471 2182/1293/471 2181/1292/472
f 2183/1294/471 2184/1295/471 2188/1296/471 2187/1297/471
f 2184/1295/471 2185/1298/471 2189/1299/471 2188/1296/471
f 2185/1298/471 2186/1300/471 2190/1301/471 2189/1299/471
f 2187/1297/471 2188/1296/471 2192/1302/472 2191/1303/471
f 2188/1296/471 2189/1299/471 2193/1304/472 2192/1302/472
f 2189/1299/471 2190/1301/471 2194/1305/472 2193/1304/472
f 2179/1291/471 2180/1290/472 2166/1277/471 2162/1276/471
f 2180/1290/472 2181/1292/472 2170/1281/472 2166/1277/471
f 2191/1303/471 2192/1302/472 2178/1289/471 2174/1288/471
f 2192/1302/472 2193/1304/472 2182/1293/471 2178/1289/471
f 2167/1279/471 2168/1278/471 2190/1301/471 2186/1300/471
f 2168/1278/471 2169/1280/471 2194/1305/472 2190/1301/471
f 2169/1280/471 2170/1281/472 2158/1306/471 2194/1305/472
f 2181/1292/472 2182/1293/471 2158/1306/471 2170/1281/472
f 2193/1304/472 2194/1305/472 2158/1306/471 2182/1293/471
f 8/311/8 315/1037/145 2159/1270/471 532/312/205
f 315/1037/145 314/1041/145 2160/1271/471 2159/1270/471
f 314/1041/145 313/1042/145 2161/1274/471 2160/1271/471
f 313/1042/145 312/1032/145 2162/1276/471 2161/1274/471
f 532/312/205 2159/1270/471 2163/1273/471 531/314/205
f 531/314/205 2163/1273/471 2167/1279/471 530/315/205
f 530/315/205 2167/1279/471 2186/1300/471 529/316/205
f 21/1027/21 329/1307/148 2171/1282/471 309/1028/145
f 329/1307/148 328/1308/148 2172/1283/471 2171/1282/471
f 328/1308/148 327/1309/148 2173/1286/471 2172/1283/471
f 327/1309/148 326/1310/148 2174/1288/471 2173/1286/471
f 309/1028/145 2171/1282/471 2175/1285/471 310/1030/145
f 310/1030/145 2175/1285/471 2179/1291/471 311/1031/145
f 311/1031/145 2179/1291/471 2162/1276/471 312/1032/145
f 6/207/6 526/319/205 2183/1294/471 323/1311/148
f 526/319/205 527/320/205 2184/1295/471 2183/1294/471
f 527/320/205 528/321/205 2185/1298/471 2184/1295/471
f 528/321/205 529/316/205 2186/1300/471 2185/1298/471
f 323/1311/148 2183/1294/471 2187/1297/471 324/1312/148
f 324/1312/148 2187/1297/471 2191/1303/471 325/1313/148
f 325/1313/148 2191/1303/471 2174/1288/471 326/1310/148
f 2196/1314/473 2197/1315/473 2201/1316/473 2200/1317/473
f 2197/1315/473 2198/1318/473 2202/1319/473 2201/1316/473
f 2198/1318/473 2199/1320/473 2203/1321/473 2202/1319/473
f 2200/1317/473 2201/1316/473 2205/1322/473 2204/1323/473
f 2201/1316/473 2202/1319/473 2206/1324/473 2205/1322/473
f 2202/1319/473 2203/1321/473 2207/1325/473 2206/1324/473
f 2208/1326/473 2209/1327/473 2213/1328/473 2212/1329/473
f 2209/1327/473 2210/1330/473 2214/1331/473 2213/1328/473
f 2210/1330/473 2211/1332/473 2215/1333/473 2214/1331/473
f 2212/1329/473 2213/1328/473 2217/1334/473 2216/1335/473
f 2213/1328/473 2214/1331/473 2218/1336/473 2217/1334/473
f 2214/1331/473 2215/1333/473 2219/1337/473 2218/1336/473
f 2220/1338/473 2221/1339/473 2225/1340/473 2224/1341/473
f 2221/1339/473 2222/1342/473 2226/1343/473 2225/1340/473
f 2222/1342/473 2223/1344/473 2227/1345/473 2226/1343/473
f 2224/1341/473 2225/1340/473 2229/1346/473 2228/1347/473
f 2225/1340/473 2226/1343/473 2230/1348/473 2229/1346/473
f 2226/1343/473 2227/1345/473 2231/1349/473 2230/1348/473
f 2216/1335/473 2217/1334/473 2203/1321/473 2199/1320/473
f 2217/1334/473 2218/1336/473 2207/1325/473 2203/1321/473
f 2228/1347/473 2229/1346/473 2215/1333/473 2211/1332/473
f 2229/1346/473 2230/1348/473 2219/1337/473 2215/1333/473
f 2204/1323/473 2205/1322/473 2227/1345/473 2223/1344/473
f 2205/1322/473 2206/1324/473 2231/1349/473 2227/1345/473
f 2206/1324/473 2207/1325/473 2195/1350/473 2231/1349/473
f 2218/1336/473 2219/1337/473 2195/1350/473 2207/1325/473
f 2230/1348/473 2231/1349/473 2195/1350/473 2219/1337/473
f 22/1351/22 484/1352/188 2196/1314/473 316/1353/146
f 484/1352/188 485/1354/188 2197/1315/473 2196/1314/473
f 485/1354/188 486/1355/188 2198/1318/473 2197/1315/473
f 486/1355/188 487/1356/189 2199/1320/473 2198/1318/473
f 316/1353/146 2196/1314/473 2200/1317/473 317/1357/147
f 317/1357/147 2200/1317/473 2204/1323/473 318/1358/147
f 318/1358/147 2204/1323/473 2223/1344/473 319/1359/147
f 6/207/6 323/1311/148 2208/1326/473 490/1360/188
f 323/1311/148 324/1312/148 2209/1327/473 2208/1326/473
f 324/1312/148 325/1313/148 2210/1330/473 2209/1327/473
f 325/1313/148 326/1310/148 2211/1332/473 2210/1330/473
f 490/1360/188 2208/1326/473 2212/1329/473 489/1361/188
f 489/1361/188 2212/1329/473 2216/1335/473 488/1362/189
f 488/1362/189 2216/1335/473 2199/1320/473 487/1356/189
f 21/1027/21 322/1363/147 2220/1338/473 329/1307/148
f 322/1363/147 321/1364/147 2221/1339/473 2220/1338/473
f 321/1364/147 320/1365/147 2222/1342/473 2221/1339/473
f 320/1365/147 319/1359/147 2223/1344/473 2222/1342/473
f 329/1307/148 2220/1338/473 2224/1341/473 328/1308/148
f 328/1308/148 2224/1341/473 2228/1347/473 327/1309/148
f 327/1309/148 2228/1347/473 2211/1332/473 326/1310/148
f 2233/1366/475 2234/1367/475 2238/1368/475 2237/1369/474
f 2234/1367/475 2235/1370/475 2239/1371/475 2238/1368/475
f 2235/1370/475 2236/1372/475 2240/1373/475 2239/1371/475
f 2237/1369/474 2238/1368/475 2242/1374/475 2241/1375/475
f 2238/1368/475 2239/1371/475 2243/1376/475 2242/1374/475
f 2239/1371/475 2240/1373/475 2244/1377/475 2243/1376/475
f 2245/1378/475 2246/1379/475 2250/1380/475 2249/1381/475
f 2246/1379/475 2247/1382/475 2251/1383/475 2250/1380/475
f 2247/1382/475 2248/1384/475 2252/1385/475 2251/1383/475
f 2249/1381/475 2250/1380/475 2254/1386/475 2253/1387/475
f 2250/1380/475 2251/1383/475 2255/1388/474 2254/1386/475
f 2251/1383/475 2252/1385/475 2256/1389/474 2255/1388/474
f 2257/1390/475 2258/1391/475 2262/1392/475 2261/1393/475
f 2258/1391/475 2259/1394/475 2263/1395/475 2262/1392/475
f 2259/1394/475 2260/1396/475 2264/1397/475 2263/1395/475
f 2261/1393/475 2262/1392/475 2266/1398/475 2265/1399/475
f 2262/1392/475 2263/1395/475 2267/1400/475 2266/1398/475
f 2263/1395/475 2264/1397/475 2268/1401/475 2267/1400/475
f 2253/1387/475 2254/1386/475 2240/1373/475 2236/1372/475
f 2254/1386/475 2255/1388/474 2244/1377/475 2240/1373/475
f 2265/1399/475 2266/1398/475 2252/1385/475 2248/1384/475
f 2266/1398/475 2267/1400/475 2256/1389/474 2252/1385/475
f 2241/1375/475 2242/1374/475 2264/1397/475 2260/1396/475
f 2242/1374/475 2243/1376/475 2268/1401/475 2264/1397/475
f 2243/1376/475 2244/1377/475 2232/1402/474 2268/1401/475
f 2255/1388/474 2256/1389/474 2232/1402/474 2244/1377/475
f 2267/1400/475 2268/1401/475 2232/1402/474 2256/1389/474
f 21/1027/21 336/1264/149 2233/1366/475 322/1363/147
f 336/1264/149 335/1265/149 2234/1367/475 2233/1366/475
f 335/1265/149 334/1266/150 2235/1370/475 2234/1367/475
f 334/1266/150 333/1260/150 2236/1372/475 2235/1370/475
f 322/1363/147 2233/1366/475 2237/1369/474 321/1364/147
f 321/1364/147 2237/1369/474 2241/1375/475 320/1365/147
f 320/1365/147 2241/1375/475 2260/1396/475 319/1359/147
f 23/1255/23 357/1403/155 2245/1378/475 330/1256/149
f 357/1403/155 356/1404/155 2246/1379/475 2245/1378/475
f 356/1404/155 355/1405/154 2247/1382/475 2246/1379/475
f 355/1405/154 354/1406/154 2248/1384/475 2247/1382/475
f 330/1256/149 2245/1378/475 2249/1381/475 331/1258/150
f 331/1258/150 2249/1381/475 2253/1387/475 332/1259/149
f 332/1259/149 2253/1387/475 2236/1372/475 333/1260/150
f 22/1351/22 316/1353/146 2257/1390/475 351/1407/154
f 316/1353/146 317/1357/147 2258/1391/475 2257/1390/475
f 317/1357/147 318/1358/147 2259/1394/475 2258/1391/475
f 318/1358/147 319/1359/147 2260/1396/475 2259/1394/475
f 351/1407/154 2257/1390/475 2261/1393/475 352/1408/154
f 352/1408/154 2261/1393/475 2265/1399/475 353/1409/155
f 353/1409/155 2265/1399/475 2248/1384/475 354/1406/154
f 2270/1410/476 2271/1411/477 2275/1412/476 2274/1413/476
f 2271/1411/477 2272/1414/477 2276/1415/477 2275/1412/476
f 2272/1414/477 2273/1416/476 2277/1417/477 2276/1415/477
f 2274/1413/476 2275/1412/476 2279/1418/478 2278/1419/477
f 2275/1412/476 2276/1415/477 2280/1420/477 2279/1418/478
f 2276/1415/477 2277/1417/477 2281/1421/477 2280/1420/477
f 2282/1422/476 2283/1423/477 2287/1424/478 2286/1425/477
f 2283/1423/477 2284/1426/476 2288/1427/478 2287/1424/478
f 2284/1426/476 2285/1428/476 2289/1429/476 2288/1427/478
f 2286/1425/477 2287/1424/478 2291/1430/478 2290/1431/478
f 2287/1424/478 2288/1427/478 2292/1432/477 2291/1430/478
f 2288/1427/478 2289/1429/476 2293/1433/476 2292/1432/477
f 2294/1434/476 2295/1435/476 2299/1436/477 2298/1437/476
f 2295/1435/476 2296/1438/477 2300/1439/476 2299/1436/477
f 2296/1438/477 2297/1440/477 2301/1441/477 2300/1439/476
f 2298/1437/476 2299/1436/477 2303/1442/476 2302/1443/476
f 2299/1436/477 2300/1439/476 2304/1444/476 2303/1442/476
f 2300/1439/476 2301/1441/477 2305/1445/477 2304/1444/476
f 2290/1431/478 2291/1430/478 2277/1417/477 2273/1416/476
f 2291/1430/478 2292/1432/477 2281/1421/477 2277/1417/477
f 2302/1443/476 2303/1442/476 2289/1429/476 2285/1428/476
f 2303/1442/476 2304/1444/476 2293/1433/476 2289/1429/476
f 2278/1419/477 2279/1418/478 2301/1441/477 2297/1440/477
f 2279/1418/478 2280/1420/477 2305/1445/477 2301/1441/477
f 2280/1420/477 2281/1421/477 2269/1446/476 2305/1445/477
f 2292/1432/477 2293/1433/476 2269/1446/476 2281/1421/477
f 2304/1444/476 2305/1445/477 2269/1446/476 2293/1433/476
f 23/1255/23 350/1447/152 2270/1410/476 343/1448/151
f 350/1447/152 349/1449/153 2271/1411/477 2270/1410/476
f 349/1449/153 348/1450/153 2272/1414/477 2271/1411/477
f 348/1450/153 347/1451/153 2273/1416/476 2272/1414/477
f 343/1448/151 2270/1410/476 2274/1413/476 342/1452/151
f 342/1452/151 2274/1413/476 2278/1419/477 341/1453/151
f 341/1453/151 2278/1419/477 2297/1440/477 340/1454/151
f 25/1455/25 399/1456/168 2282/1422/476 344/1457/152
f 399/1456/168 398/1458/168 2283/1423/477 2282/1422/476
f 398/1458/168 397/1459/168 2284/1426/476 2283/1423/477
f 397/1459/168 396/1460/169 2285/1428/476 2284/1426/476
f 344/1457/152 2282/1422/476 2286/1425/477 345/1461/153
f 345/1461/153 2286/1425/477 2290/1431/478 346/1462/152
f 346/1462/152 2290/1431/478 2273/1416/476 347/1451/153
f 24/1463/24 337/1464/151 2294/1434/476 393/1465/168
f 337/1464/151 338/1466/151 2295/1435/476 2294/1434/476
f 338/1466/151 339/1467/151 2296/1438/477 2295/1435/476
f 339/1467/151 340/1454/151 2297/1440/477 2296/1438/477
f 393/1465/168 2294/1434/476 2298/1437/476 394/1468/168
f 394/1468/168 2298/1437/476 2302/1443/476 395/1469/168
f 395/1469/168 2302/1443/476 2285/1428/476 396/1460/169
f 2307/1470/479 2308/1471/480 2312/1472/480 2311/1473/479
f 2308/1471/480 2309/1474/479 2313/1475/479 2312/1472/480
f 2309/1474/479 2310/1476/479 2314/1477/481 2313/1475/479
f 2311/1473/479 2312/1472/480 2316/1478/480 2315/1479/479
f 2312/1472/480 2313/1475/479 2317/1480/480 2316/1478/480
f 2313/1475/479 2314/1477/481 2318/1481/480 2317/1480/480
f 2319/1482/480 2320/1483/479 2324/1484/482 2323/1485/479
f 2320/1483/479 2321/1486/479 2325/1487/480 2324/1484/482
f 2321/1486/479 2322/1488/480 2326/1489/480 2325/1487/480
f 2323/1485/479 2324/1484/482 2328/1490/484 2327/1491/483
f 2324/1484/482 2325/1487/480 2329/1492/483 2328/1490/484
f 2325/1487/480 2326/1489/480 2330/1493/479 2329/1492/483
f 2331/1494/479 2332/1495/484 2336/1496/480 2335/1497/480
f 2332/1495/484 2333/1498/479 2337/1499/480 2336/1496/480
f 2333/1498/479 2334/1500/479 2338/1501/480 2337/1499/480
f 2335/1497/480 2336/1496/480 2340/1502/479 2339/1503/480
f 2336/1496/480 2337/1499/480 2341/1504/479 2340/1502/479
f 2337/1499/480 2338/1501/480 2342/1505/480 2341/1504/479
f 2327/1491/483 2328/1490/484 2314/1477/481 2310/1476/479
f 2328/1490/484 2329/1492/483 2318/1481/480 2314/1477/481
f 2339/1503/480 2340/1502/479 2326/1489/480 2322/1488/480
f 2340/1502/479 2341/1504/479 2330/1493/479 2326/1489/480
f 2315/1479/479 2316/1478/480 2338/1501/480 2334/1500/479
f 2316/1478/480 2317/1480/480 2342/1505/480 2338/1501/480
f 2317/1480/480 2318/1481/480 2306/1506/479 2342/1505/480
f 2329/1492/483 2330/1493/479 2306/1506/479 2318/1481/480
f 2341/1504/479 2342/1505/480 2306/1506/479 2330/1493/479
f 24/1463/24 477/1507/186 2307/1470/479 337/1464/151
f 477/1507/186 478/1508/186 2308/1471/480 2307/1470/479
f 478/1508/186 479/1509/186 2309/1474/479 2308/1471/480
f 479/1509/186 480/1510/186 2310/1476/479 2309/1474/479
f 337/1464/151 2307/1470/479 2311/1473/479 338/1466/151
f 338/1466/151 2311/1473/479 2315/1479/479 339/1467/151
f 339/1467/151 2315/1479/479 2334/1500/479 340/1454/151
f 22/1351/22 351/1407/154 2319/1482/480 483/1511/186
f 351/1407/154 352/1408/154 2320/1483/479 2319/1482/480
f 352/1408/154 353/1409/155 2321/1486/479 2320/1483/479
f 353/1409/155 354/1406/154 2322/1488/480 2321/1486/479
f 483/1511/186 2319/1482/480 2323/1485/479 482/1512/187
f 482/1512/187 2323/1485/479 2327/1491/483 481/1513/186
f 481/1513/186 2327/1491/483 2310/1476/479 480/1510/186
f 23/1255/23 343/1448/151 2331/1494/479 357/1403/155
f 343/1448/151 342/1452/151 2332/1495/484 2331/1494/479
f 342/1452/151 341/1453/151 2333/1498/479 2332/1495/484
f 341/1453/151 340/1454/151 2334/1500/479 2333/1498/479
f 357/1403/155 2331/1494/479 2335/1497/480 356/1404/155
f 356/1404/155 2335/1497/480 2339/1503/480 355/1405/154
f 355/1405/154 2339/1503/480 2322/1488/480 354/1406/154
f 2344/1514/485 2345/1515/485 2349/1516/485 2348/1517/485
f 2345/1515/485 2346/1518/485 2350/1519/485 2349/1516/485
f 2346/1518/485 2347/1520/486 2351/1521/485 2350/1519/485
f 2348/1517/485 2349/1516/485 2353/1522/485 2352/1523/486
f 2349/1516/485 2350/1519/485 2354/1524/485 2353/1522/485
f 2350/1519/485 2351/1521/485 2355/1525/485 2354/1524/485
f 2356/1526/485 2357/1527/485 2361/1528/485 2360/1529/485
f 2357/1527/485 2358/1530/485 2362/1531/485 2361/1528/485
f 2358/1530/485 2359/1532/486 2363/1533/486 2362/1531/485
f 2360/1529/485 2361/1528/485 2365/1534/485 2364/1535/485
f 2361/1528/485 2362/1531/485 2366/1536/485 2365/1534/485
f 2362/1531/485 2363/1533/486 2367/1537/485 2366/1536/485
f 2368/1538/485 2369/1539/485 2373/1540/485 2372/1541/485
f 2369/1539/485 2370/1542/485 2374/1543/486 2373/1540/485
f 2370/1542/485 2371/1544/485 2375/1545/486 2374/1543/486
f 2372/1541/485 2373/1540/485 2377/1546/486 2376/1547/485
f 2373/1540/485 2374/1543/486 2378/1548/486 2377/1546/486
f 2374/1543/486 2375/1545/486 2379/1549/486 2378/1548/486
f 2364/1535/485 2365/1534/485 2351/1521/485 2347/1520/486
f 2365/1534/485 2366/1536/485 2355/1525/485 2351/1521/485
f 2376/1547/485 2377/1546/486 2363/1533/486 2359/1532/486
f 2377/1546/486 2378/1548/486 2367/1537/485 2363/1533/486
f 2352/1523/486 2353/1522/485 2375/1545/486 2371/1544/485
f 2353/1522/485 2354/1524/485 2379/1549/486 2375/1545/486
f 2354/1524/485 2355/1525/485 2343/1550/485 2379/1549/486
f 2366/1536/485 2367/1537/485 2343/1550/485 2355/1525/485
f 2378/1548/486 2379/1549/486 2343/1550/485 2367/1537/485
f 23/1255/23 358/1551/156 2344/1514/485 350/1447/152
f 358/1551/156 359/1552/156 2345/1515/485 2344/1514/485
f 359/1552/156 360/1553/156 2346/1518/485 2345/1515/485
f 360/1553/156 361/1554/156 2347/1520/486 2346/1518/485
f 350/1447/152 2344/1514/485 2348/1517/485 349/1449/153
f 349/1449/153 2348/1517/485 2352/1523/486 348/1450/153
f 348/1450/153 2352/1523/486 2371/1544/485 347/1451/153
f 26/1555/26 392/1556/166 2356/1526/485 364/1557/156
f 392/1556/166 391/1558/167 2357/1527/485 2356/1526/485
f 391/1558/167 390/1559/166 2358/1530/485 2357/1527/485
f 390/1559/166 389/1560/166 2359/1532/486 2358/1530/485
f 364/1557/156 2356/1526/485 2360/1529/485 363/1561/156
f 363/1561/156 2360/1529/485 2364/1535/485 362/1562/157
f 362/1562/157 2364/1535/485 2347/1520/486 361/1554/156
f 25/1455/25 344/1457/152 2368/1538/485 386/1563/166
f 344/1457/152 345/1461/153 2369/1539/485 2368/1538/485
f 345/1461/153 346/1462/152 2370/1542/485 2369/1539/485
f 346/1462/152 347/1451/153 2371/1544/485 2370/1542/485
f 386/1563/166 2368/1538/485 2372/1541/485 387/1564/166
f 387/1564/166 2372/1541/485 2376/1547/485 388/1565/166
f 388/1565/166 2376/1547/485 2359/1532/486 389/1560/166
f 2381/1566/487 2382/1567/487 2386/1568/488 2385/1569/487
f 2382/1567/487 2383/1570/487 2387/1571/487 2386/1568/488
f 2383/1570/487 2384/1572/487 2388/1573/487 2387/1571/487
f 2385/1569/487 2386/1568/488 2390/1574/487 2389/1575/487
f 2386/1568/488 2387/1571/487 2391/1576/489 2390/1574/487
f 2387/1571/487 2388/1573/487 2392/1577/487 2391/1576/489
f 2393/1578/487 2394/1579/487 2398/1580/488 2397/1581/487
f 2394/1579/487 2395/1582/487 2399/1583/487 2398/1580/488
f 2395/1582/487 2396/1584/487 2400/1585/487 2399/1583/487
f 2397/1581/487 2398/1580/488 2402/1586/487 2401/1587/487
f 2398/1580/488 2399/1583/487 2403/1588/487 2402/1586/487
f 2399/1583/487 2400/1585/487 2404/1589/487 2403/1588/487
f 2405/1590/487 2406/1591/487 2410/1592/487 2409/1593/487
f 2406/1591/487 2407/1594/487 2411/1595/487 2410/1592/487
f 2407/1594/487 2408/1596/487 2412/1597/487 2411/1595/487
f 2409/1593/487 2410/1592/487 2414/1598/489 2413/1599/487
f 2410/1592/487 2411/1595/487 2415/1600/487 2414/1598/489
f 2411/1595/487 2412/1597/487 2416/1601/487 2415/1600/487
f 2401/1587/487 2402/1586/487 2388/1573/487 2384/1572/487
f 2402/1586/487 2403/1588/487 2392/1577/487 2388/1573/487
f 2413/1599/487 2414/1598/489 2400/1585/487 2396/1584/487
f 2414/1598/489 2415/1600/487 2404/1589/487 2400/1585/487
f 2389/1575/487 2390/1574/487 2412/1597/487 2408/1596/487
f 2390/1574/487 2391/1576/489 2416/1601/487 2412/1597/487
f 2391/1576/489 2392/1577/487 2380/1602/487 2416/1601/487
f 2403/1588/487 2404/1589/487 2380/1602/487 2392/1577/487
f 2415/1600/487 2416/1601/487 2380/1602/487 2404/1589/487
f 19/887/19 378/1603/161 2381/1566/487 371/1267/160
f 378/1603/161 377/1604/161 2382/1567/487 2381/1566/487
f 377/1604/161 376/1605/162 2383/1570/487 2382/1567/487
f 376/1605/162 375/1606/161 2384/1572/487 2383/1570/487
f 371/1267/160 2381/1566/487 2385/1569/487 370/1268/158
f 370/1268/158 2385/1569/487 2389/1575/487 369/1269/158
f 369/1269/158 2389/1575/487 2408/1596/487 368/1263/158
f 26/1555/26 364/1557/156 2393/1578/487 372/1607/161
f 364/1557/156 363/1561/156 2394/1579/487 2393/1578/487
f 363/1561/156 362/1562/157 2395/1582/487 2394/1579/487
f 362/1562/157 361/1554/156 2396/1584/487 2395/1582/487
f 372/1607/161 2393/1578/487 2397/1581/487 373/1608/161
f 373/1608/161 2397/1581/487 2401/1587/487 374/1609/162
f 374/1609/162 2401/1587/487 2384/1572/487 375/1606/161
f 23/1255/23 365/1257/158 2405/1590/487 358/1551/156
f 365/1257/158 366/1261/158 2406/1591/487 2405/1590/487
f 366/1261/158 367/1262/159 2407/1594/487 2406/1591/487
f 367/1262/159 368/1263/158 2408/1596/487 2407/1594/487
f 358/1551/156 2405/1590/487 2409/1593/487 359/1552/156
f 359/1552/156 2409/1593/487 2413/1599/487 360/1553/156
f 360/1553/156 2413/1599/487 2396/1584/487 361/1554/156
f 2418/1610/491 2419/1611/491 2423/1612/491 2422/1613/492
f 2419/1611/491 2420/1614/491 2424/1615/491 2423/1612/491
f 2420/1614/491 2421/1616/491 2425/1617/491 2424/1615/491
f 2422/1613/492 2423/1612/491 2427/1618/491 2426/1619/491
f 2423/1612/491 2424/1615/491 2428/1620/491 2427/1618/491
f 2424/1615/491 2425/1617/491 2429/1621/491 2428/1620/491
f 2430/1622/491 2431/1623/491 2435/1624/491 2434/1625/491
f 2431/1623/491 2432/1626/491 2436/1627/491 2435/1624/491
f 2432/1626/491 2433/1628/491 2437/1629/491 2436/1627/491
f 2434/1625/491 2435/1624/491 2439/1630/491 2438/1631/491
f 2435/1624/491 2436/1627/491 2440/1632/491 2439/1630/491
f 2436/1627/491 2437/1629/491 2441/1633/491 2440/1632/491
f 2442/1634/491 2443/1635/491 2447/1636/491 2446/1637/491
f 2443/1635/491 2444/1638/491 2448/1639/491 2447/1636/491
f 2444/1638/491 2445/1640/491 2449/1641/491 2448/1639/491
f 2446/1637/491 2447/1636/491 2451/1642/491 2450/1643/491
f 2447/1636/491 2448/1639/491 2452/1644/491 2451/1642/491
f 2448/1639/491 2449/1641/491 2453/1645/491 2452/1644/491
f 2438/1631/491 2439/1630/491 2425/1617/491 2421/1616/491
f 2439/1630/491 2440/1632/491 2429/1621/491 2425/1617/491
f 2450/1643/491 2451/1642/491 2437/1629/491 2433/1628/491
f 2451/1642/491 2452/1644/491 2441/1633/491 2437/1629/491
f 2426/1619/491 2427/1618/491 2449/1641/491 2445/1640/491
f 2427/1618/491 2428/1620/491 2453/1645/491 2449/1641/491
f 2428/1620/491 2429/1621/491 2417/1646/490 2453/1645/491
f 2440/1632/491 2441/1633/491 2417/1646/490 2429/1621/491
f 2452/1644/491 2453/1645/491 2417/1646/490 2441/1633/491
f 19/887/19 498/889/192 2418/1610/491 378/1603/161
f 498/889/192 499/892/192 2419/1611/491 2418/1610/491
f 499/892/192 500/893/192 2420/1614/491 2419/1611/491
f 500/893/192 501/886/192 2421/1616/491 2420/1614/491
f 378/1603/161 2418/1610/491 2422/1613/492 377/1604/161
f 377/1604/161 2422/1613/492 2426/1619/491 376/1605/162
f 376/1605/162 2426/1619/491 2445/1640/491 375/1606/161
f 17/831/17 385/1647/164 2430/1622/491 504/883/193
f 385/1647/164 384/1648/164 2431/1623/491 2430/1622/491
f 384/1648/164 383/1649/165 2432/1626/491 2431/1623/491
f 383/1649/165 382/1650/163 2433/1628/491 2432/1626/491
f 504/883/193 2430/1622/491 2434/1625/491 503/884/193
f 503/884/193 2434/1625/491 2438/1631/491 502/885/192
f 502/885/192 2438/1631/491 2421/1616/491 501/886/192
f 26/1555/26 372/1607/161 2442/1634/491 379/1651/163
f 372/1607/161 373/1608/161 2443/1635/491 2442/1634/491
f 373/1608/161 374/1609/162 2444/1638/491 2443/1635/491
f 374/1609/162 375/1606/161 2445/1640/491 2444/1638/491
f 379/1651/163 2442/1634/491 2446/1637/491 380/1652/163
f 380/1652/163 2446/1637/491 2450/1643/491 381/1653/164
f 381/1653/164 2450/1643/491 2433/1628/491 382/1650/163
f 2455/1654/494 2456/1655/494 2460/1656/493 2459/1657/493
f 2456/1655/494 2457/1658/493 2461/1659/493 2460/1656/493
f 2457/1658/493 2458/1660/493 2462/1661/493 2461/1659/493
f 2459/1657/493 2460/1656/493 2464/1662/493 2463/1663/493
f 2460/1656/493 2461/1659/493 2465/1664/493 2464/1662/493
f 2461/1659/493 2462/1661/493 2466/1665/493 2465/1664/493
f 2467/1666/493 2468/1667/493 2472/1668/493 2471/1669/493
f 2468/1667/493 2469/1670/493 2473/1671/493 2472/1668/493
f 2469/1670/493 2470/1672/493 2474/1673/494 2473/1671/493
f 2471/1669/493 2472/1668/493 2476/1674/493 2475/1675/493
f 2472/1668/493 2473/1671/493 2477/1676/493 2476/1674/493
f 2473/1671/493 2474/1673/494 2478/1677/493 2477/1676/493
f 2479/1678/493 2480/1679/493 2484/1680/494 2483/1681/493
f 2480/1679/493 2481/1682/493 2485/1683/494 2484/1680/494
f 2481/1682/493 2482/1684/494 2486/1685/494 2485/1683/494
f 2483/1681/493 2484/1680/494 2488/1686/494 2487/1687/494
f 2484/1680/494 2485/1683/494 2489/1688/494 2488/1686/494
f 2485/1683/494 2486/1685/494 2490/1689/493 2489/1688/494
f 2475/1675/493 2476/1674/493 2462/1661/493 2458/1660/493
f 2476/1674/493 2477/1676/493 2466/1665/493 2462/1661/493
f 2487/1687/494 2488/1686/494 2474/1673/494 2470/1672/493
f 2488/1686/494 2489/1688/494 2478/1677/493 2474/1673/494
f 2463/1663/493 2464/1662/493 2486/1685/494 2482/1684/494
f 2464/1662/493 2465/1664/493 2490/1689/493 2486/1685/494
f 2465/1664/493 2466/1665/493 2454/1690/493 2490/1689/493
f 2477/1676/493 2478/1677/493 2454/1690/493 2466/1665/493
f 2489/1688/494 2490/1689/493 2454/1690/493 2478/1677/493
f 25/1455/25 406/1691/170 2455/1654/494 399/1456/168
f 406/1691/170 405/1692/170 2456/1655/494 2455/1654/494
f 405/1692/170 404/1693/170 2457/1658/493 2456/1655/494
f 404/1693/170 403/1694/170 2458/1660/493 2457/1658/493
f 399/1456/168 2455/1654/494 2459/1657/493 398/1458/168
f 398/1458/168 2459/1657/493 2463/1663/493 397/1459/168
f 397/1459/168 2463/1663/493 2482/1684/494 396/1460/169
f 27/1695/27 413/1696/172 2467/1666/493 400/1697/170
f 413/1696/172 412/1698/172 2468/1667/493 2467/1666/493
f 412/1698/172 411/1699/172 2469/1670/493 2468/1667/493
f 411/1699/172 410/1700/172 2470/1672/493 2469/1670/493
f 400/1697/170 2467/1666/493 2471/1669/493 401/1701/171
f 401/1701/171 2471/1669/493 2475/1675/493 402/1702/170
f 402/1702/170 2475/1675/493 2458/1660/493 403/1694/170
f 24/1463/24 393/1465/168 2479/1678/493 407/1703/172
f 393/1465/168 394/1468/168 2480/1679/493 2479/1678/493
f 394/1468/168 395/1469/168 2481/1682/493 2480/1679/493
f 395/1469/168 396/1460/169 2482/1684/494 2481/1682/493
f 407/1703/172 2479/1678/493 2483/1681/493 408/1704/172
f 408/1704/172 2483/1681/493 2487/1687/494 409/1705/172
f 409/1705/172 2487/1687/494 2470/1672/493 410/1700/172
f 2492/1706/495 2493/1707/495 2497/1708/495 2496/1709/495
f 2493/1707/495 2494/1710/495 2498/1711/495 2497/1708/495
f 2494/1710/495 2495/1712/495 2499/1713/495 2498/1711/495
f 2496/1709/495 2497/1708/495 2501/1714/495 2500/1715/495
f 2497/1708/495 2498/1711/495 2502/1716/495 2501/1714/495
f 2498/1711/495 2499/1713/495 2503/1717/495 2502/1716/495
f 2504/1718/495 2505/1719/495 2509/1720/495 2508/1721/495
f 2505/1719/495 2506/1722/495 2510/1723/495 2509/1720/495
f 2506/1722/495 2507/1724/495 2511/1725/495 2510/1723/495
f 2508/1721/495 2509/1720/495 2513/1726/495 2512/1727/495
f 2509/1720/495 2510/1723/495 2514/1728/495 2513/1726/495
f 2510/1723/495 2511/1725/495 2515/1729/495 2514/1728/495
f 2516/1730/495 2517/1731/495 2521/1732/495 2520/1733/495
f 2517/1731/495 2518/1734/495 2522/1735/495 2521/1732/495
f 2518/1734/495 2519/1736/495 2523/1737/495 2522/1735/495
f 2520/1733/495 2521/1732/495 2525/1738/495 2524/1739/495
f 2521/1732/495 2522/1735/495 2526/1740/495 2525/1738/495
f 2522/1735/495 2523/1737/495 2527/1741/495 2526/1740/495
f 2512/1727/495 2513/1726/495 2499/1713/495 2495/1712/495
f 2513/1726/495 2514/1728/495 2503/1717/495 2499/1713/495
f 2524/1739/495 2525/1738/495 2511/1725/495 2507/1724/495
f 2525/1738/495 2526/1740/495 2515/1729/495 2511/1725/495
f 2500/1715/495 2501/1714/495 2523/1737/495 2519/1736/495
f 2501/1714/495 2502/1716/495 2527/1741/495 2523/1737/495
f 2502/1716/495 2503/1717/495 2491/1742/495 2527/1741/495
f 2514/1728/495 2515/1729/495 2491/1742/495 2503/1717/495
f 2526/1740/495 2527/1741/495 2491/1742/495 2515/1729/495
f 24/1463/24 407/1703/172 2492/1706/495 448/1743/180
f 407/1703/172 408/1704/172 2493/1707/495 2492/1706/495
f 408/1704/172 409/1705/172 2494/1710/495 2493/1707/495
f 409/1705/172 410/1700/172 2495/1712/495 2494/1710/495
f 448/1743/180 2492/1706/495 2496/1709/495 447/1744/180
f 447/1744/180 2496/1709/495 2500/1715/495 446/1745/180
f 446/1745/180 2500/1715/495 2519/1736/495 445/1746/180
f 27/1695/27 420/1747/173 2504/1718/495 413/1696/172
f 420/1747/173 419/1748/175 2505/1719/495 2504/1718/495
f 419/1748/175 418/1749/175 2506/1722/495 2505/1719/495
f 418/1749/175 417/1750/173 2507/1724/495 2506/1722/495
f 413/1696/172 2504/1718/495 2508/1721/495 412/1698/172
f 412/1698/172 2508/1721/495 2512/1727/495 411/1699/172
f 411/1699/172 2512/1727/495 2495/1712/495 410/1700/172
f 28/1751/28 442/1752/180 2516/1730/495 414/1753/173
f 442/1752/180 443/1754/180 2517/1731/495 2516/1730/495
f 443/1754/180 444/1755/180 2518/1734/495 2517/1731/495
f 444/1755/180 445/1746/180 2519/1736/495 2518/1734/495
f 414/1753/173 2516/1730/495 2520/1733/495 415/1756/174
f 415/1756/174 2520/1733/495 2524/1739/495 416/1757/174
f 416/1757/174 2524/1739/495 2507/1724/495 417/1750/173
f 2529/1758/496 2530/1759/496 2534/1760/496 2533/1761/496
f 2530/1759/496 2531/1762/496 2535/1763/496 2534/1760/496
f 2531/1762/496 2532/1764/496 2536/1765/496 2535/1763/496
f 2533/1761/496 2534/1760/496 2538/1766/496 2537/1767/496
f 2534/1760/496 2535/1763/496 2539/1768/496 2538/1766/496
f 2535/1763/496 2536/1765/496 2540/1769/496 2539/1768/496
f 2541/1770/496 2542/1771/496 2546/1772/496 2545/1773/496
f 2542/1771/496 2543/1774/496 2547/1775/496 2546/1772/496
f 2543/1774/496 2544/1776/496 2548/1777/496 2547/1775/496
f 2545/1773/496 2546/1772/496 2550/1778/496 2549/1779/496
f 2546/1772/496 2547/1775/496 2551/1780/496 2550/1778/496
f 2547/1775/496 2548/1777/496 2552/1781/496 2551/1780/496
f 2553/1782/496 2554/1783/496 2558/1784/496 2557/1785/496
f 2554/1783/496 2555/1786/496 2559/1787/496 2558/1784/496
f 2555/1786/496 2556/1788/496 2560/1789/496 2559/1787/496
f 2557/1785/496 2558/1784/496 2562/1790/496 2561/1791/496
f 2558/1784/496 2559/1787/496 2563/1792/496 2562/1790/496
f 2559/1787/496 2560/1789/496 2564/1793/496 2563/1792/496
f 2549/1779/496 2550/1778/496 2536/1765/496 2532/1764/496
f 2550/1778/496 2551/1780/496 2540/1769/496 2536/1765/496
f 2561/1791/496 2562/1790/496 2548/1777/496 2544/1776/496
f 2562/1790/496 2563/1792/496 2552/1781/496 2548/1777/496
f 2537/1767/496 2538/1766/496 2560/1789/496 2556/1788/496
f 2538/1766/496 2539/1768/496 2564/1793/496 2560/1789/496
f 2539/1768/496 2540/1769/496 2528/1794/496 2564/1793/496
f 2551/1780/496 2552/1781/496 2528/1794/496 2540/1769/496
f 2563/1792/496 2564/1793/496 2528/1794/496 2552/1781/496
f 28/1751/28 434/1795/178 2529/1758/496 427/1796/176
f 434/1795/178 433/1797/177 2530/1759/496 2529/1758/496
f 433/1797/177 432/1798/177 2531/1762/496 2530/1759/496
f 432/1798/177 431/1799/177 2532/1764/496 2531/1762/496
f 427/1796/176 2529/1758/496 2533/1761/496 426/1800/176
f 426/1800/176 2533/1761/496 2537/1767/496 425/1801/176
f 425/1801/176 2537/1767/496 2556/1788/496 424/1802/176
f 2/55/2 553/57/208 2541/1770/496 428/1803/177
f 553/57/208 552/60/208 2542/1771/496 2541/1770/496
f 552/60/208 551/61/208 2543/1774/496 2542/1771/496
f 551/61/208 550/52/208 2544/1776/496 2543/1774/496
f 428/1803/177 2541/1770/496 2545/1773/496 429/1804/177
f 429/1804/177 2545/1773/496 2549/1779/496 430/1805/178
f 430/1805/178 2549/1779/496 2532/1764/496 431/1799/177
f 3/47/3 421/1806/176 2553/1782/496 547/48/208
f 421/1806/176 422/1807/176 2554/1783/496 2553/1782/496
f 422/1807/176 423/1808/176 2555/1786/496 2554/1783/496
f 423/1808/176 424/1802/176 2556/1788/496 2555/1786/496
f 547/48/208 2553/1782/496 2557/1785/496 548/50/208
f 548/50/208 2557/1785/496 2561/1791/496 549/51/208
f 549/51/208 2561/1791/496 2544/1776/496 550/52/208
f 2566/1809/497 2567/1810/497 2571/1811/497 2570/1812/497
f 2567/1810/497 2568/1813/497 2572/1814/497 2571/1811/497
f 2568/1813/497 2569/1815/497 2573/1816/497 2572/1814/497
f 2570/1812/497 2571/1811/497 2575/1817/497 2574/1818/497
f 2571/1811/497 2572/1814/497 2576/1819/497 2575/1817/497
f 2572/1814/497 2573/1816/497 2577/1820/497 2576/1819/497
f 2578/1821/497 2579/1822/497 2583/1823/497 2582/1824/497
f 2579/1822/497 2580/1825/497 2584/1826/497 2583/1823/497
f 2580/1825/497 2581/1827/497 2585/1828/497 2584/1826/497
f 2582/1824/497 2583/1823/497 2587/1829/497 2586/1830/497
f 2583/1823/497 2584/1826/497 2588/1831/497 2587/1829/497
f 2584/1826/497 2585/1828/497 2589/1832/497 2588/1831/497
f 2590/1833/497 2591/1834/497 2595/1835/497 2594/1836/497
f 2591/1834/497 2592/1837/497 2596/1838/497 2595/1835/497
f 2592/1837/497 2593/1839/497 2597/1840/497 2596/1838/497
f 2594/1836/497 2595/1835/497 2599/1841/497 2598/1842/497
f 2595/1835/497 2596/1838/497 2600/1843/497 2599/1841/497
f 2596/1838/497 2597/1840/497 2601/1844/497 2600/1843/497
f 2586/1830/497 2587/1829/497 2573/1816/497 2569/1815/497
f 2587/1829/497 2588/1831/497 2577/1820/497 2573/1816/497
f 2598/1842/497 2599/1841/497 2585/1828/497 2581/1827/497
f 2599/1841/497 2600/1843/497 2589/1832/497 2585/1828/497
f 2574/1818/497 2575/1817/497 2597/1840/497 2593/1839/497
f 2575/1817/497 2576/1819/497 2601/1844/497 2597/1840/497
f 2576/1819/497 2577/1820/497 2565/1845/497 2601/1844/497
f 2588/1831/497 2589/1832/497 2565/1845/497 2577/1820/497
f 2600/1843/497 2601/1844/497 2565/1845/497 2589/1832/497
f 28/1751/28 427/1796/176 2566/1809/497 435/1846/179
f 427/1796/176 426/1800/176 2567/1810/497 2566/1809/497
f 426/1800/176 425/1801/176 2568/1813/497 2567/1810/497
f 425/1801/176 424/1802/176 2569/1815/497 2568/1813/497
f 435/1846/179 2566/1809/497 2570/1812/497 436/1847/179
f 436/1847/179 2570/1812/497 2574/1818/497 437/1848/179
f 437/1848/179 2574/1818/497 2593/1839/497 438/1849/179
f 3/47/3 463/1850/184 2578/1821/497 421/1806/176
f 463/1850/184 464/1851/184 2579/1822/497 2578/1821/497
f 464/1851/184 465/1852/184 2580/1825/497 2579/1822/497
f 465/1852/184 466/1853/184 2581/1827/497 2580/1825/497
f 421/1806/176 2578/1821/497 2582/1824/497 422/1807/176
f 422/1807/176 2582/1824/497 2586/1830/497 423/1808/176
f 423/1808/176 2586/1830/497 2569/1815/497 424/1802/176
f 29/1854/29 441/1855/179 2590/1833/497 469/1856/184
f 441/1855/179 440/1857/179 2591/1834/497 2590/1833/497
f 440/1857/179 439/1858/179 2592/1837/497 2591/1834/497
f 439/1858/179 438/1849/179 2593/1839/497 2592/1837/497
f 469/1856/184 2590/1833/497 2594/1836/497 468/1859/184
f 468/1859/184 2594/1836/497 2598/1842/497 467/1860/184
f 467/1860/184 2598/1842/497 2581/1827/497 466/1853/184
f 2603/1861/498 2604/1862/498 2608/1863/498 2607/1864/498
f 2604/1862/498 2605/1865/498 2609/1866/498 2608/1863/498
f 2605/1865/498 2606/1867/498 2610/1868/498 2609/1866/498
f 2607/1864/498 2608/1863/498 2612/1869/498 2611/1870/498
f 2608/1863/498 2609/1866/498 2613/1871/498 2612/1869/498
f 2609/1866/498 2610/1868/498 2614/1872/498 2613/1871/498
f 2615/1873/498 2616/1874/498 2620/1875/498 2619/1876/498
f 2616/1874/498 2617/1877/498 2621/1878/498 2620/1875/498
f 2617/1877/498 2618/1879/498 2622/1880/498 2621/1878/498
f 2619/1876/498 2620/1875/498 2624/1881/498 2623/1882/498
f 2620/1875/498 2621/1878/498 2625/1883/498 2624/1881/498
f 2621/1878/498 2622/1880/498 2626/1884/498 2625/1883/498
f 2627/1885/498 2628/1886/498 2632/1887/498 2631/1888/498
f 2628/1886/498 2629/1889/498 2633/1890/498 2632/1887/498
f 2629/1889/498 2630/1891/498 2634/1892/498 2633/1890/498
f 2631/1888/498 2632/1887/498 2636/1893/498 2635/1894/498
f 2632/1887/498 2633/1890/498 2637/1895/498 2636/1893/498
f 2633/1890/498 2634/1892/498 2638/1896/498 2637/1895/498
f 2623/1882/498 2624/1881/498 2610/1868/498 2606/1867/498
f 2624/1881/498 2625/1883/498 2614/1872/498 2610/1868/498
f 2635/1894/498 2636/1893/498 2622/1880/498 2618/1879/498
f 2636/1893/498 2637/1895/498 2626/1884/498 2622/1880/498
f 2611/1870/498 2612/1869/498 2634/1892/498 2630/1891/498
f 2612/1869/498 2613/1871/498 2638/1896/498 2634/1892/498
f 2613/1871/498 2614/1872/498 2602/1897/498 2638/1896/498
f 2625/1883/498 2626/1884/498 2602/1897/498 2614/1872/498
f 2637/1895/498 2638/1896/498 2602/1897/498 2626/1884/498
f 28/1751/28 435/1846/179 2603/1861/498 442/1752/180
f 435/1846/179 436/1847/179 2604/1862/498 2603/1861/498
f 436/1847/179 437/1848/179 2605/1865/498 2604/1862/498
f 437/1848/179 438/1849/179 2606/1867/498 2605/1865/498
f 442/1752/180 2603/1861/498 2607/1864/498 443/1754/180
f 443/1754/180 2607/1864/498 2611/1870/498 444/1755/180
f 444/1755/180 2611/1870/498 2630/1891/498 445/1746/180
f 29/1854/29 449/1898/181 2615/1873/498 441/1855/179
f 449/1898/181 450/1899/181 2616/1874/498 2615/1873/498
f 450/1899/181 451/1900/181 2617/1877/498 2616/1874/498
f 451/1900/181 452/1901/181 2618/1879/498 2617/1877/498
f 441/1855/179 2615/1873/498 2619/1876/498 440/1857/179
f 440/1857/179 2619/1876/498 2623/1882/498 439/1858/179
f 439/1858/179 2623/1882/498 2606/1867/498 438/1849/179
f 24/1463/24 448/1743/180 2627/1885/498 455/1902/182
f 448/1743/180 447/1744/180 2628/1886/498 2627/1885/498
f 447/1744/180 446/1745/180 2629/1889/498 2628/1886/498
f 446/1745/180 445/1746/180 2630/1891/498 2629/1889/498
f 455/1902/182 2627/1885/498 2631/1888/498 454/1903/181
f 454/1903/181 2631/1888/498 2635/1894/498 453/1904/182
f 453/1904/182 2635/1894/498 2618/1879/498 452/1901/181
f 2640/1905/499 2641/1906/499 2645/1907/500 2644/1908/500
f 2641/1906/499 2642/1909/499 2646/1910/500 2645/1907/500
f 2642/1909/499 2643/1911/499 2647/1912/499 2646/1910/500
f 2644/1908/500 2645/1907/500 2649/1913/499 2648/1914/499
f 2645/1907/500 2646/1910/500 2650/1915/499 2649/1913/499
f 2646/1910/500 2647/1912/499 2651/1916/499 2650/1915/499
f 2652/1917/499 2653/1918/499 2657/1919/499 2656/1920/500
f 2653/1918/499 2654/1921/499 2658/1922/499 2657/1919/499
f 2654/1921/499 2655/1923/499 2659/1924/499 2658/1922/499
f 2656/1920/500 2657/1919/499 2661/1925/499 2660/1926/499
f 2657/1919/499 2658/1922/499 2662/1927/499 2661/1925/499
f 2658/1922/499 2659/1924/499 2663/1928/499 2662/1927/499
f 2664/1929/499 2665/1930/499 2669/1931/501 2668/1932/499
f 2665/1930/499 2666/1933/499 2670/1934/499 2669/1931/501
f 2666/1933/499 2667/1935/499 2671/1936/500 2670/1934/499
f 2668/1932/499 2669/1931/501 2673/1937/499 2672/1938/499
f 2669/1931/501 2670/1934/499 2674/1939/501 2673/1937/499
f 2670/1934/499 2671/1936/500 2675/1940/499 2674/1939/501
f 2660/1926/499 2661/1925/499 2647/1912/499 2643/1911/499
f 2661/1925/499 2662/1927/499 2651/1916/499 2647/1912/499
f 2672/1938/499 2673/1937/499 2659/1924/499 2655/1923/499
f 2673/1937/499 2674/1939/501 2663/1928/499 2659/1924/499
f 2648/1914/499 2649/1913/499 2671/1936/500 2667/1935/499
f 2649/1913/499 2650/1915/499 2675/1940/499 2671/1936/500
f 2650/1915/499 2651/1916/499 2639/1941/499 2675/1940/499
f 2662/1927/499 2663/1928/499 2639/1941/499 2651/1916/499
f 2674/1939/501 2675/1940/499 2639/1941/499 2663/1928/499
f 22/1351/22 483/1511/186 2640/1905/499 462/1942/183
f 483/1511/186 482/1512/187 2641/1906/499 2640/1905/499
f 482/1512/187 481/1513/186 2642/1909/499 2641/1906/499
f 481/1513/186 480/1510/186 2643/1911/499 2642/1909/499
f 462/1942/183 2640/1905/499 2644/1908/500 461/1943/183
f 461/1943/183 2644/1908/500 2648/1914/499 460/1944/183
f 460/1944/183 2648/1914/499 2667/1935/499 459/1945/183
f 24/1463/24 455/1902/182 2652/1917/499 477/1507/186
f 455/1902/182 454/1903/181 2653/1918/499 2652/1917/499
f 454/1903/181 453/1904/182 2654/1921/499 2653/1918/499
f 453/1904/182 452/1901/181 2655/1923/499 2654/1921/499
f 477/1507/186 2652/1917/499 2656/1920/500 478/1508/186
f 478/1508/186 2656/1920/500 2660/1926/499 479/1509/186
f 479/1509/186 2660/1926/499 2643/1911/499 480/1510/186
f 29/1854/29 456/1946/183 2664/1929/499 449/1898/181
f 456/1946/183 457/1947/183 2665/1930/499 2664/1929/499
f 457/1947/183 458/1948/183 2666/1933/499 2665/1930/499
f 458/1948/183 459/1945/183 2667/1935/499 2666/1933/499
f 449/1898/181 2664/1929/499 2668/1932/499 450/1899/181
f 450/1899/181 2668/1932/499 2672/1938/499 451/1900/181
f 451/1900/181 2672/1938/499 2655/1923/499 452/1901/181
f 2677/1949/502 2678/1950/502 2682/1951/502 2681/1952/502
f 2678/1950/502 2679/1953/502 2683/1954/502 2682/1951/502
f 2679/1953/502 2680/1955/502 2684/1956/502 2683/1954/502
f 2681/1952/502 2682/1951/502 2686/1957/502 2685/1958/502
f 2682/1951/502 2683/1954/502 2687/1959/502 2686/1957/502
f 2683/1954/502 2684/1956/502 2688/1960/502 2687/1959/502
f 2689/1961/502 2690/1962/502 2694/1963/502 2693/1964/502
f 2690/1962/502 2691/1965/502 2695/1966/502 2694/1963/502
f 2691/1965/502 2692/1967/502 2696/1968/502 2695/1966/502
f 2693/1964/502 2694/1963/502 2698/1969/502 2697/1970/502
f 2694/1963/502 2695/1966/502 2699/1971/502 2698/1969/502
f 2695/1966/502 2696/1968/502 2700/1972/502 2699/1971/502
f 2701/1973/502 2702/1974/502 2706/1975/502 2705/1976/502
f 2702/1974/502 2703/1977/502 2707/1978/502 2706/1975/502
f 2703/1977/502 2704/1979/502 2708/1980/502 2707/1978/502
f 2705/1976/502 2706/1975/502 2710/1981/502 2709/1982/502
f 2706/1975/502 2707/1978/502 2711/1983/503 2710/1981/502
f 2707/1978/502 2708/1980/502 2712/1984/502 2711/1983/503
f 2697/1970/502 2698/1969/502 2684/1956/502 2680/1955/502
f 2698/1969/502 2699/1971/502 2688/1960/502 2684/1956/502
f 2709/1982/502 2710/1981/502 2696/1968/502 2692/1967/502
f 2710/1981/502 2711/1983/503 2700/1972/502 2696/1968/502
f 2685/1958/502 2686/1957/502 2708/1980/502 2704/1979/502
f 2686/1957/502 2687/1959/502 2712/1984/502 2708/1980/502
f 2687/1959/502 2688/1960/502 2676/1985/502 2712/1984/502
f 2699/1971/502 2700/1972/502 2676/1985/502 2688/1960/502
f 2711/1983/503 2712/1984/502 2676/1985/502 2700/1972/502
f 22/1351/22 462/1942/183 2677/1949/502 497/1986/190
f 462/1942/183 461/1943/183 2678/1950/502 2677/1949/502
f 461/1943/183 460/1944/183 2679/1953/502 2678/1950/502
f 460/1944/183 459/1945/183 2680/1955/502 2679/1953/502
f 497/1986/190 2677/1949/502 2681/1952/502 496/1987/190
f 496/1987/190 2681/1952/502 2685/1958/502 495/1988/191
f 495/1988/191 2685/1958/502 2704/1979/502 494/1989/190
f 29/1854/29 476/1990/185 2689/1961/502 456/1946/183
f 476/1990/185 475/1991/185 2690/1962/502 2689/1961/502
f 475/1991/185 474/1992/185 2691/1965/502 2690/1962/502
f 474/1992/185 473/1993/185 2692/1967/502 2691/1965/502
f 456/1946/183 2689/1961/502 2693/1964/502 457/1947/183
f 457/1947/183 2693/1964/502 2697/1970/502 458/1948/183
f 458/1948/183 2697/1970/502 2680/1955/502 459/1945/183
f 4/103/4 491/1994/190 2701/1973/502 470/1995/185
f 491/1994/190 492/1996/190 2702/1974/502 2701/1973/502
f 492/1996/190 493/1997/190 2703/1977/502 2702/1974/502
f 493/1997/190 494/1989/190 2704/1979/502 2703/1977/502
f 470/1995/185 2701/1973/502 2705/1976/502 471/1998/185
f 471/1998/185 2705/1976/502 2709/1982/502 472/1999/185
f 472/1999/185 2709/1982/502 2692/1967/502 473/1993/185
f 2714/2000/505 2715/2001/505 2719/2002/505 2718/2003/505
f 2715/2001/505 2716/2004/505 2720/2005/505 2719/2002/505
f 2716/2004/505 2717/2006/505 2721/2007/505 2720/2005/505
f 2718/2003/505 2719/2002/505 2723/2008/505 2722/2009/505
f 2719/2002/505 2720/2005/505 2724/2010/505 2723/2008/505
f 2720/2005/505 2721/2007/505 2725/2011/505 2724/2010/505
f 2726/2012/505 2727/2013/505 2731/2014/505 2730/2015/505
f 2727/2013/505 2728/2016/505 2732/2017/505 2731/2014/505
f 2728/2016/505 2729/2018/505 2733/2019/505 2732/2017/505
f 2730/2015/505 2731/2014/505 2735/2020/505 2734/2021/505
f 2731/2014/505 2732/2017/505 2736/2022/504 2735/2020/505
f 2732/2017/505 2733/2019/505 2737/2023/505 2736/2022/504
f 2738/2024/505 2739/2025/505 2743/2026/505 2742/2027/505
f 2739/2025/505 2740/2028/505 2744/2029/505 2743/2026/505
f 2740/2028/505 2741/2030/505 2745/2031/505 2744/2029/505
f 2742/2027/505 2743/2026/505 2747/2032/505 2746/2033/505
f 2743/2026/505 2744/2029/505 2748/2034/505 2747/2032/505
f 2744/2029/505 2745/2031/505 2749/2035/505 2748/2034/505
f 2734/2021/505 2735/2020/505 2721/2007/505 2717/2006/505
f 2735/2020/505 2736/2022/504 2725/2011/505 2721/2007/505
f 2746/2033/505 2747/2032/505 2733/2019/505 2729/2018/505
f 2747/2032/505 2748/2034/505 2737/2023/505 2733/2019/505
f 2722/2009/505 2723/2008/505 2745/2031/505 2741/2030/505
f 2723/2008/505 2724/2010/505 2749/2035/505 2745/2031/505
f 2724/2010/505 2725/2011/505 2713/2036/504 2749/2035/505
f 2736/2022/504 2737/2023/505 2713/2036/504 2725/2011/505
f 2748/2034/505 2749/2035/505 2713/2036/504 2737/2023/505
f 29/1854/29 469/1856/184 2714/2000/505 476/1990/185
f 469/1856/184 468/1859/184 2715/2001/505 2714/2000/505
f 468/1859/184 467/1860/184 2716/2004/505 2715/2001/505
f 467/1860/184 466/1853/184 2717/2006/505 2716/2004/505
f 476/1990/185 2714/2000/505 2718/2003/505 475/1991/185
f 475/1991/185 2718/2003/505 2722/2009/505 474/1992/185
f 474/1992/185 2722/2009/505 2741/2030/505 473/1993/185
f 3/47/3 540/111/207 2726/2012/505 463/1850/184
f 540/111/207 541/112/207 2727/2013/505 2726/2012/505
f 541/112/207 542/113/207 2728/2016/505 2727/2013/505
f 542/113/207 543/108/207 2729/2018/505 2728/2016/505
f 463/1850/184 2726/2012/505 2730/2015/505 464/1851/184
f 464/1851/184 2730/2015/505 2734/2021/505 465/1852/184
f 465/1852/184 2734/2021/505 2717/2006/505 466/1853/184
f 4/103/4 470/1995/185 2738/2024/505 546/104/207
f 470/1995/185 471/1998/185 2739/2025/505 2738/2024/505
f 471/1998/185 472/1999/185 2740/2028/505 2739/2025/505
f 472/1999/185 473/1993/185 2741/2030/505 2740/2028/505
f 546/104/207 2738/2024/505 2742/2027/505 545/106/207
f 545/106/207 2742/2027/505 2746/2033/505 544/107/207
f 544/107/207 2746/2033/505 2729/2018/505 543/108/207
f 2751/2037/506 2752/2038/506 2756/2039/506 2755/2040/506
f 2752/2038/506 2753/2041/506 2757/2042/506 2756/2039/506
f 2753/2041/506 2754/2043/506 2758/2044/506 2757/2042/506
f 2755/2040/506 2756/2039/506 2760/2045/506 2759/2046/506
f 2756/2039/506 2757/2042/506 2761/2047/506 2760/2045/506
f 2757/2042/506 2758/2044/506 2762/2048/506 2761/2047/506
f 2763/2049/506 2764/2050/506 2768/2051/506 2767/2052/506
f 2764/2050/506 2765/2053/506 2769/2054/506 2768/2051/506
f 2765/2053/506 2766/2055/506 2770/2056/506 2769/2054/506
f 2767/2052/506 2768/2051/506 2772/2057/506 2771/2058/506
f 2768/2051/506 2769/2054/506 2773/2059/506 2772/2057/506
f 2769/2054/506 2770/2056/506 2774/2060/506 2773/2059/506
f 2775/2061/506 2776/2062/506 2780/2063/506 2779/2064/506
f 2776/2062/506 2777/2065/506 2781/2066/506 2780/2063/506
f 2777/2065/506 2778/2067/506 2782/2068/506 2781/2066/506
f 2779/2064/506 2780/2063/506 2784/2069/506 2783/2070/506
f 2780/2063/506 2781/2066/506 2785/2071/506 2784/2069/506
f 2781/2066/506 2782/2068/506 2786/2072/506 2785/2071/506
f 2771/2058/506 2772/2057/506 2758/2044/506 2754/2043/506
f 2772/2057/506 2773/2059/506 2762/2048/506 2758/2044/506
f 2783/2070/506 2784/2069/506 2770/2056/506 2766/2055/506
f 2784/2069/506 2785/2071/506 2774/2060/506 2770/2056/506
f 2759/2046/506 2760/2045/506 2782/2068/506 2778/2067/506
f 2760/2045/506 2761/2047/506 2786/2072/506 2782/2068/506
f 2761/2047/506 2762/2048/506 2750/2073/506 2786/2072/506
f 2773/2059/506 2774/2060/506 2750/2073/506 2762/2048/506
f 2785/2071/506 2786/2072/506 2750/2073/506 2774/2060/506
f 6/207/6 490/1360/188 2751/2037/506 539/208/206
f 490/1360/188 489/1361/188 2752/2038/506 2751/2037/506
f 489/1361/188 488/1362/189 2753/2041/506 2752/2038/506
f 488/1362/189 487/1356/189 2754/2043/506 2753/2041/506
f 539/208/206 2751/2037/506 2755/2040/506 538/210/206
f 538/210/206 2755/2040/506 2759/2046/506 537/211/206
f 537/211/206 2759/2046/506 2778/2067/506 536/212/206
f 22/1351/22 497/1986/190 2763/2049/506 484/1352/188
f 497/1986/190 496/1987/190 2764/2050/506 2763/2049/506
f 496/1987/190 495/1988/191 2765/2053/506 2764/2050/506
f 495/1988/191 494/1989/190 2766/2055/506 2765/2053/506
f 484/1352/188 2763/2049/506 2767/2052/506 485/1354/188
f 485/1354/188 2767/2052/506 2771/2058/506 486/1355/188
f 486/1355/188 2771/2058/506 2754/2043/506 487/1356/189
f 4/103/4 533/215/206 2775/2061/506 491/1994/190
f 533/215/206 534/216/206 2776/2062/506 2775/2061/506
f 534/216/206 535/217/206 2777/2065/506 2776/2062/506
f 535/217/206 536/212/206 2778/2067/506 2777/2065/506
f 491/1994/190 2775/2061/506 2779/2064/506 492/1996/190
f 492/1996/190 2779/2064/506 2783/2070/506 493/1997/190
f 493/1997/190 2783/2070/506 2766/2055/506 494/1989/190
f 2788/2074/508 2789/2075/508 2793/2076/508 2792/2077/508
f 2789/2075/508 2790/2078/508 2794/2079/508 2793/2076/508
f 2790/2078/508 2791/2080/507 2795/2081/508 2794/2079/508
f 2792/2077/508 2793/2076/508 2797/2082/507 2796/2083/508
f 2793/2076/508 2794/2079/508 2798/2084/508 2797/2082/507
f 2794/2079/508 2795/2081/508 2799/2085/508 2798/2084/508
f 2800/2086/508 2801/2087/508 2805/2088/508 2804/2089/508
f 2801/2087/508 2802/2090/507 2806/2091/508 2805/2088/508
f 2802/2090/507 2803/2092/508 2807/2093/508 2806/2091/508
f 2804/2089/508 2805/2088/508 2809/2094/508 2808/2095/508
f 2805/2088/508 2806/2091/508 2810/2096/508 2809/2094/508
f 2806/2091/508 2807/2093/508 2811/2097/508 2810/2096/508
f 2812/2098/508 2813/2099/507 2817/2100/508 2816/2101/508
f 2813/2099/507 2814/2102/508 2818/2103/508 2817/2100/508
f 2814/2102/508 2815/2104/508 2819/2105/508 2818/2103/508
f 2816/2101/508 2817/2100/508 2821/2106/508 2820/2107/508
f 2817/2100/508 2818/2103/508 2822/2108/508 2821/2106/508
f 2818/2103/508 2819/2105/508 2823/2109/507 2822/2108/508
f 2808/2095/508 2809/2094/508 2795/2081/508 2791/2080/507
f 2809/2094/508 2810/2096/508 2799/2085/508 2795/2081/508
f 2820/2107/508 2821/2106/508 2807/2093/508 2803/2092/508
f 2821/2106/508 2822/2108/508 2811/2097/508 2807/2093/508
f 2796/2083/508 2797/2082/507 2819/2105/508 2815/2104/508
f 2797/2082/507 2798/2084/508 2823/2109/507 2819/2105/508
f 2798/2084/508 2799/2085/508 2787/2110/507 2823/2109/507
f 2810/2096/508 2811/2097/508 2787/2110/507 2799/2085/508
f 2822/2108/508 2823/2109/507 2787/2110/507 2811/2097/508
f 27/2111/27 813/2112/283 2788/2074/508 420/2113/173
f 813/2112/283 814/2114/283 2789/2075/508 2788/2074/508
f 814/2114/283 815/2115/284 2790/2078/508 2789/2075/508
f 815/2115/284 816/2116/284 2791/2080/507 2790/2078/508
f 420/2113/173 2788/2074/508 2792/2077/508 419/2117/175
f 419/2117/175 2792/2077/508 2796/2083/508 418/2118/175
f 418/2118/175 2796/2083/508 2815/2104/508 417/2119/173
f 30/2120/30 1002/2121/340 2800/2086/508 819/2122/283
f 1002/2121/340 1003/2123/340 2801/2087/508 2800/2086/508
f 1003/2123/340 1004/2124/340 2802/2090/507 2801/2087/508
f 1004/2124/340 1005/2125/340 2803/2092/508 2802/2090/507
f 819/2122/283 2800/2086/508 2804/2089/508 818/2126/283
f 818/2126/283 2804/2089/508 2808/2095/508 817/2127/283
f 817/2127/283 2808/2095/508 2791/2080/507 816/2116/284
f 28/2128/28 414/2129/173 2812/2098/508 1008/2130/340
f 414/2129/173 415/2131/174 2813/2099/507 2812/2098/508
f 415/2131/174 416/2132/174 2814/2102/508 2813/2099/507
f 416/2132/174 417/2119/173 2815/2104/508 2814/2102/508
f 1008/2130/340 2812/2098/508 2816/2101/508 1007/2133/340
f 1007/2133/340 2816/2101/508 2820/2107/508 1006/2134/340
f 1006/2134/340 2820/2107/508 2803/2092/508 1005/2125/340
f 2825/2135/510 2826/2136/510 2830/2137/509 2829/2138/510
f 2826/2136/510 2827/2139/510 2831/2140/510 2830/2137/509
f 2827/2139/510 2828/2141/510 2832/2142/510 2831/2140/510
f 2829/2138/510 2830/2137/509 2834/2143/509 2833/2144/509
f 2830/2137/509 2831/2140/510 2835/2145/509 2834/2143/509
f 2831/2140/510 2832/2142/510 2836/2146/509 2835/2145/509
f 2837/2147/510 2838/2148/510 2842/2149/510 2841/2150/510
f 2838/2148/510 2839/2151/510 2843/2152/510 2842/2149/510
f 2839/2151/510 2840/2153/510 2844/2154/510 2843/2152/510
f 2841/2150/510 2842/2149/510 2846/2155/509 2845/2156/510
f 2842/2149/510 2843/2152/510 2847/2157/509 2846/2155/509
f 2843/2152/510 2844/2154/510 2848/2158/509 2847/2157/509
f 2849/2159/509 2850/2160/509 2854/2161/509 2853/2162/509
f 2850/2160/509 2851/2163/510 2855/2164/510 2854/2161/509
f 2851/2163/510 2852/2165/509 2856/2166/510 2855/2164/510
f 2853/2162/509 2854/2161/509 2858/2167/509 2857/2168/509
f 2854/2161/509 2855/2164/510 2859/2169/510 2858/2167/509
f 2855/2164/510 2856/2166/510 2860/2170/509 2859/2169/510
f 2845/2156/510 2846/2155/509 2832/2142/510 2828/2141/510
f 2846/2155/509 2847/2157/509 2836/2146/509 2832/2142/510
f 2857/2168/509 2858/2167/509 2844/2154/510 2840/2153/510
f 2858/2167/509 2859/2169/510 2848/2158/509 2844/2154/510
f 2833/2144/509 2834/2143/509 2856/2166/510 2852/2165/509
f 2834/2143/509 2835/2145/509 2860/2170/509 2856/2166/510
f 2835/2145/509 2836/2146/509 2824/2171/509 2860/2170/509
f 2847/2157/509 2848/2158/509 2824/2171/509 2836/2146/509
f 2859/2169/510 2860/2170/509 2824/2171/509 2848/2158/509
f 27/2111/27 400/2172/170 2825/2135/510 813/2112/283
f 400/2172/170 401/2173/171 2826/2136/510 2825/2135/510
f 401/2173/171 402/2174/170 2827/2139/510 2826/2136/510
f 402/2174/170 403/2175/170 2828/2141/510 2827/2139/510
f 813/2112/283 2825/2135/510 2829/2138/510 814/2114/283
f 814/2114/283 2829/2138/510 2833/2144/509 815/2115/284
f 815/2115/284 2833/2144/509 2852/2165/509 816/2116/284
f 25/2176/25 826/2177/285 2837/2147/510 406/2178/170
f 826/2177/285 825/2179/285 2838/2148/510 2837/2147/510
f 825/2179/285 824/2180/286 2839/2151/510 2838/2148/510
f 824/2180/286 823/2181/285 2840/2153/510 2839/2151/510
f 406/2178/170 2837/2147/510 2841/2150/510 405/2182/170
f 405/2182/170 2841/2150/510 2845/2156/510 404/2183/170
f 404/2183/170 2845/2156/510 2828/2141/510 403/2175/170
f 30/2120/30 819/2122/283 2849/2159/509 820/2184/285
f 819/2122/283 818/2126/283 2850/2160/509 2849/2159/509
f 818/2126/283 817/2127/283 2851/2163/510 2850/2160/509
f 817/2127/283 816/2116/284 2852/2165/509 2851/2163/510
f 820/2184/285 2849/2159/509 2853/2162/509 821/2185/285
f 821/2185/285 2853/2162/509 2857/2168/509 822/2186/285
f 822/2186/285 2857/2168/509 2840/2153/510 823/2181/285
f 2862/2187/511 2863/2188/511 2867/2189/511 2866/2190/511
f 2863/2188/511 2864/2191/511 2868/2192/511 2867/2189/511
f 2864/2191/511 2865/2193/511 2869/2194/511 2868/2192/511
f 2866/2190/511 2867/2189/511 2871/2195/511 2870/2196/511
f 2867/2189/511 2868/2192/511 2872/2197/511 2871/2195/511
f 2868/2192/511 2869/2194/511 2873/2198/511 2872/2197/511
f 2874/2199/511 2875/2200/511 2879/2201/511 2878/2202/511
f 2875/2200/511 2876/2203/511 2880/2204/511 2879/2201/511
f 2876/2203/511 2877/2205/512 2881/2206/512 2880/2204/511
f 2878/2202/511 2879/2201/511 2883/2207/511 2882/2208/511
f 2879/2201/511 2880/2204/511 2884/2209/511 2883/2207/511
f 2880/2204/511 2881/2206/512 2885/2210/512 2884/2209/511
f 2886/2211/511 2887/2212/511 2891/2213/511 2890/2214/511
f 2887/2212/511 2888/2215/511 2892/2216/511 2891/2213/511
f 2888/2215/511 2889/2217/511 2893/2218/511 2892/2216/511
f 2890/2214/511 2891/2213/511 2895/2219/511 2894/2220/511
f 2891/2213/511 2892/2216/511 2896/2221/511 2895/2219/511
f 2892/2216/511 2893/2218/511 2897/2222/511 2896/2221/511
f 2882/2208/511 2883/2207/511 2869/2194/511 2865/2193/511
f 2883/2207/511 2884/2209/511 2873/2198/511 2869/2194/511
f 2894/2220/511 2895/2219/511 2881/2206/512 2877/2205/512
f 2895/2219/511 2896/2221/511 2885/2210/512 2881/2206/512
f 2870/2196/511 2871/2195/511 2893/2218/511 2889/2217/511
f 2871/2195/511 2872/2197/511 2897/2222/511 2893/2218/511
f 2872/2197/511 2873/2198/511 2861/2223/511 2897/2222/511
f 2884/2209/511 2885/2210/512 2861/2223/511 2873/2198/511
f 2896/2221/511 2897/2222/511 2861/2223/511 2885/2210/512
f 30/2120/30 820/2184/285 2862/2187/511 806/2224/281
f 820/2184/285 821/2185/285 2863/2188/511 2862/2187/511
f 821/2185/285 822/2186/285 2864/2191/511 2863/2188/511
f 822/2186/285 823/2181/285 2865/2193/511 2864/2191/511
f 806/2224/281 2862/2187/511 2866/2190/511 807/2225/282
f 807/2225/282 2866/2190/511 2870/2196/511 808/2226/282
f 808/2226/282 2870/2196/511 2889/2217/511 809/2227/281
f 25/2176/25 827/2228/287 2874/2199/511 826/2177/285
f 827/2228/287 828/2229/287 2875/2200/511 2874/2199/511
f 828/2229/287 829/2230/287 2876/2203/511 2875/2200/511
f 829/2230/287 830/2231/287 2877/2205/512 2876/2203/511
f 826/2177/285 2874/2199/511 2878/2202/511 825/2179/285
f 825/2179/285 2878/2202/511 2882/2208/511 824/2180/286
f 824/2180/286 2882/2208/511 2865/2193/511 823/2181/285
f 31/2232/31 812/2233/281 2886/2211/511 833/2234/287
f 812/2233/281 811/2235/282 2887/2212/511 2886/2211/511
f 811/2235/282 810/2236/282 2888/2215/511 2887/2212/511
f 810/2236/282 809/2227/281 2889/2217/511 2888/2215/511
f 833/2234/287 2886/2211/511 2890/2214/511 832/2237/287
f 832/2237/287 2890/2214/511 2894/2220/511 831/2238/287
f 831/2238/287 2894/2220/511 2877/2205/512 830/2231/287
f 2899/2239/514 2900/2240/514 2904/2241/515 2903/2242/513
f 2900/2240/514 2901/2243/513 2905/2244/514 2904/2241/515
f 2901/2243/513 2902/2245/513 2906/2246/513 2905/2244/514
f 2903/2242/513 2904/2241/515 2908/2247/514 2907/2248/514
f 2904/2241/515 2905/2244/514 2909/2249/514 2908/2247/514
f 2905/2244/514 2906/2246/513 2910/2250/513 2909/2249/514
f 2911/2251/513 2912/2252/513 2916/2253/516 2915/2254/514
f 2912/2252/513 2913/2255/514 2917/2256/516 2916/2253/516
f 2913/2255/514 2914/2257/513 2918/2258/513 2917/2256/516
f 2915/2254/514 2916/2253/516 2920/2259/514 2919/2260/514
f 2916/2253/516 2917/2256/516 2921/2261/513 2920/2259/514
f 2917/2256/516 2918/2258/513 2922/2262/514 2921/2261/513
f 2923/2263/513 2924/2264/513 2928/2265/514 2927/2266/513
f 2924/2264/513 2925/2267/514 2929/2268/514 2928/2265/514
f 2925/2267/514 2926/2269/514 2930/2270/514 2929/2268/514
f 2927/2266/513 2928/2265/514 2932/2271/513 2931/2272/514
f 2928/2265/514 2929/2268/514 2933/2273/514 2932/2271/513
f 2929/2268/514 2930/2270/514 2934/2274/513 2933/2273/514
f 2919/2260/514 2920/2259/514 2906/2246/513 2902/2245/513
f 2920/2259/514 2921/2261/513 2910/2250/513 2906/2246/513
f 2931/2272/514 2932/2271/513 2918/2258/513 2914/2257/513
f 2932/2271/513 2933/2273/514 2922/2262/514 2918/2258/513
f 2907/2248/514 2908/2247/514 2930/2270/514 2926/2269/514
f 2908/2247/514 2909/2249/514 2934/2274/513 2930/2270/514
f 2909/2249/514 2910/2250/513 2898/2275/513 2934/2274/513
f 2921/2261/513 2922/2262/514 2898/2275/513 2910/2250/513
f 2933/2273/514 2934/2274/513 2898/2275/513 2922/2262/514
f 31/2232/31 833/2234/287 2899/2239/514 834/2276/288
f 833/2234/287 832/2237/287 2900/2240/514 2899/2239/514
f 832/2237/287 831/2238/287 2901/2243/513 2900/2240/514
f 831/2238/287 830/2231/287 2902/2245/513 2901/2243/513
f 834/2276/288 2899/2239/514 2903/2242/513 835/2277/289
f 835/2277/289 2903/2242/513 2907/2248/514 836/2278/289
f 836/2278/289 2907/2248/514 2926/2269/514 837/2279/290
f 25/2176/25 386/2280/166 2911/2251/513 827/2228/287
f 386/2280/166 387/2281/166 2912/2252/513 2911/2251/513
f 387/2281/166 388/2282/166 2913/2255/514 2912/2252/513
f 388/2282/166 389/2283/166 2914/2257/513 2913/2255/514
f 827/2228/287 2911/2251/513 2915/2254/514 828/2229/287
f 828/2229/287 2915/2254/514 2919/2260/514 829/2230/287
f 829/2230/287 2919/2260/514 2902/2245/513 830/2231/287
f 26/2284/26 840/2285/288 2923/2263/513 392/2286/166
f 840/2285/288 839/2287/288 2924/2264/513 2923/2263/513
f 839/2287/288 838/2288/291 2925/2267/514 2924/2264/513
f 838/2288/291 837/2279/290 2926/2269/514 2925/2267/514
f 392/2286/166 2923/2263/513 2927/2266/513 391/2289/167
f 391/2289/167 2927/2266/513 2931/2272/514 390/2290/166
f 390/2290/166 2931/2272/514 2914/2257/513 389/2283/166
f 2936/2291/518 2937/2292/518 2941/2293/518 2940/2294/518
f 2937/2292/518 2938/2295/518 2942/2296/518 2941/2293/518
f 2938/2295/518 2939/2297/518 2943/2298/518 2942/2296/518
f 2940/2294/518 2941/2293/518 2945/2299/518 2944/2300/518
f 2941/2293/518 2942/2296/518 2946/2301/518 2945/2299/518
f 2942/2296/518 2943/2298/518 2947/2302/518 2946/2301/518
f 2948/2303/518 2949/2304/518 2953/2305/518 2952/2306/518
f 2949/2304/518 2950/2307/518 2954/2308/518 2953/2305/518
f 2950/2307/518 2951/2309/518 2955/2310/518 2954/2308/518
f 2952/2306/518 2953/2305/518 2957/2311/518 2956/2312/518
f 2953/2305/518 2954/2308/518 2958/2313/518 2957/2311/518
f 2954/2308/518 2955/2310/518 2959/2314/518 2958/2313/518
f 2960/2315/518 2961/2316/518 2965/2317/518 2964/2318/518
f 2961/2316/518 2962/2319/519 2966/2320/519 2965/2317/518
f 2962/2319/519 2963/2321/518 2967/2322/518 2966/2320/519
f 2964/2318/518 2965/2317/518 2969/2323/518 2968/2324/518
f 2965/2317/518 2966/2320/519 2970/2325/518 2969/2323/518
f 2966/2320/519 2967/2322/518 2971/2326/518 2970/2325/518
f 2956/2312/518 2957/2311/518 2943/2298/518 2939/2297/518
f 2957/2311/518 2958/2313/518 2947/2302/518 2943/2298/518
f 2968/2324/518 2969/2323/518 2955/2310/518 2951/2309/518
f 2969/2323/518 2970/2325/518 2959/2314/518 2955/2310/518
f 2944/2300/518 2945/2299/518 2967/2322/518 2963/2321/518
f 2945/2299/518 2946/2301/518 2971/2326/518 2967/2322/518
f 2946/2301/518 2947/2302/518 2935/2327/517 2971/2326/518
f 2958/2313/518 2959/2314/518 2935/2327/517 2947/2302/518
f 2970/2325/518 2971/2326/518 2935/2327/517 2959/2314/518
f 26/2284/26 841/2328/292 2936/2291/518 840/2285/288
f 841/2328/292 842/2329/292 2937/2292/518 2936/2291/518
f 842/2329/292 843/2330/293 2938/2295/518 2937/2292/518
f 843/2330/293 844/2331/292 2939/2297/518 2938/2295/518
f 840/2285/288 2936/2291/518 2940/2294/518 839/2287/288
f 839/2287/288 2940/2294/518 2944/2300/518 838/2288/291
f 838/2288/291 2944/2300/518 2963/2321/518 837/2279/290
f 32/2332/32 805/2333/280 2948/2303/518 847/2334/292
f 805/2333/280 804/2335/280 2949/2304/518 2948/2303/518
f 804/2335/280 803/2336/280 2950/2307/518 2949/2304/518
f 803/2336/280 802/2337/280 2951/2309/518 2950/2307/518
f 847/2334/292 2948/2303/518 2952/2306/518 846/2338/292
f 846/2338/292 2952/2306/518 2956/2312/518 845/2339/292
f 845/2339/292 2956/2312/518 2939/2297/518 844/2331/292
f 31/2232/31 834/2276/288 2960/2315/518 799/2340/280
f 834/2276/288 835/2277/289 2961/2316/518 2960/2315/518
f 835/2277/289 836/2278/289 2962/2319/519 2961/2316/518
f 836/2278/289 837/2279/290 2963/2321/518 2962/2319/519
f 799/2340/280 2960/2315/518 2964/2318/518 800/2341/280
f 800/2341/280 2964/2318/518 2968/2324/518 801/2342/280
f 801/2342/280 2968/2324/518 2951/2309/518 802/2337/280
f 2973/2343/520 2974/2344/520 2978/2345/520 2977/2346/520
f 2974/2344/520 2975/2347/520 2979/2348/520 2978/2345/520
f 2975/2347/520 2976/2349/520 2980/2350/521 2979/2348/520
f 2977/2346/520 2978/2345/520 2982/2351/520 2981/2352/520
f 2978/2345/520 2979/2348/520 2983/2353/520 2982/2351/520
f 2979/2348/520 2980/2350/521 2984/2354/521 2983/2353/520
f 2985/2355/522 2986/2356/520 2990/2357/521 2989/2358/521
f 2986/2356/520 2987/2359/520 2991/2360/520 2990/2357/521
f 2987/2359/520 2988/2361/520 2992/2362/523 2991/2360/520
f 2989/2358/521 2990/2357/521 2994/2363/520 2993/2364/521
f 2990/2357/521 2991/2360/520 2995/2365/520 2994/2363/520
f 2991/2360/520 2992/2362/523 2996/2366/520 2995/2365/520
f 2997/2367/520 2998/2368/520 3002/2369/520 3001/2370/520
f 2998/2368/520 2999/2371/520 3003/2372/520 3002/2369/520
f 2999/2371/520 3000/2373/520 3004/2374/520 3003/2372/520
f 3001/2370/520 3002/2369/520 3006/2375/520 3005/2376/520
f 3002/2369/520 3003/2372/520 3007/2377/520 3006/2375/520
f 3003/2372/520 3004/2374/520 3008/2378/520 3007/2377/520
f 2993/2364/521 2994/2363/520 2980/2350/521 2976/2349/520
f 2994/2363/520 2995/2365/520 2984/2354/521 2980/2350/521
f 3005/2376/520 3006/2375/520 2992/2362/523 2988/2361/520
f 3006/2375/520 3007/2377/520 2996/2366/520 2992/2362/523
f 2981/2352/520 2982/2351/520 3004/2374/520 3000/2373/520
f 2982/2351/520 2983/2353/520 3008/2378/520 3004/2374/520
f 2983/2353/520 2984/2354/521 2972/2379/520 3008/2378/520
f 2995/2365/520 2996/2366/520 2972/2379/520 2984/2354/521
f 3007/2377/520 3008/2378/520 2972/2379/520 2996/2366/520
f 26/2284/26 379/2380/163 2973/2343/520 841/2328/292
f 379/2380/163 380/2381/163 2974/2344/520 2973/2343/520
f 380/2381/163 381/2382/164 2975/2347/520 2974/2344/520
f 381/2382/164 382/2383/163 2976/2349/520 2975/2347/520
f 841/2328/292 2973/2343/520 2977/2346/520 842/2329/292
f 842/2329/292 2977/2346/520 2981/2352/520 843/2330/293
f 843/2330/293 2981/2352/520 3000/2373/520 844/2331/292
f 17/2384/17 854/2385/294 2985/2355/522 385/2386/164
f 854/2385/294 853/2387/294 2986/2356/520 2985/2355/522
f 853/2387/294 852/2388/294 2987/2359/520 2986/2356/520
f 852/2388/294 851/2389/294 2988/2361/520 2987/2359/520
f 385/2386/164 2985/2355/522 2989/2358/521 384/2390/164
f 384/2390/164 2989/2358/521 2993/2364/521 383/2391/165
f 383/2391/165 2993/2364/521 2976/2349/520 382/2383/163
f 32/2332/32 847/2334/292 2997/2367/520 848/2392/294
f 847/2334/292 846/2338/292 2998/2368/520 2997/2367/520
f 846/2338/292 845/2339/292 2999/2371/520 2998/2368/520
f 845/2339/292 844/2331/292 3000/2373/520 2999/2371/520
f 848/2392/294 2997/2367/520 3001/2370/520 849/2393/295
f 849/2393/295 3001/2370/520 3005/2376/520 850/2394/295
f 850/2394/295 3005/2376/520 2988/2361/520 851/2389/294
f 3010/2395/524 3011/2396/524 3015/2397/524 3014/2398/524
f 3011/2396/524 3012/2399/524 3016/2400/525 3015/2397/524
f 3012/2399/524 3013/2401/525 3017/2402/525 3016/2400/525
f 3014/2398/524 3015/2397/524 3019/2403/525 3018/2404/525
f 3015/2397/524 3016/2400/525 3020/2405/525 3019/2403/525
f 3016/2400/525 3017/2402/525 3021/2406/524 3020/2405/525
f 3022/2407/524 3023/2408/524 3027/2409/524 3026/2410/524
f 3023/2408/524 3024/2411/525 3028/2412/524 3027/2409/524
f 3024/2411/525 3025/2413/524 3029/2414/525 3028/2412/524
f 3026/2410/524 3027/2409/524 3031/2415/524 3030/2416/525
f 3027/2409/524 3028/2412/524 3032/2417/524 3031/2415/524
f 3028/2412/524 3029/2414/525 3033/2418/525 3032/2417/524
f 3034/2419/525 3035/2420/524 3039/2421/524 3038/2422/525
f 3035/2420/524 3036/2423/524 3040/2424/524 3039/2421/524
f 3036/2423/524 3037/2425/525 3041/2426/525 3040/2424/524
f 3038/2422/525 3039/2421/524 3043/2427/524 3042/2428/524
f 3039/2421/524 3040/2424/524 3044/2429/525 3043/2427/524
f 3040/2424/524 3041/2426/525 3045/2430/524 3044/2429/525
f 3030/2416/525 3031/2415/524 3017/2402/525 3013/2401/525
f 3031/2415/524 3032/2417/524 3021/2406/524 3017/2402/525
f 3042/2428/524 3043/2427/524 3029/2414/525 3025/2413/524
f 3043/2427/524 3044/2429/525 3033/2418/525 3029/2414/525
f 3018/2404/525 3019/2403/525 3041/2426/525 3037/2425/525
f 3019/2403/525 3020/2405/525 3045/2430/524 3041/2426/525
f 3020/2405/525 3021/2406/524 3009/2431/524 3045/2430/524
f 3032/2417/524 3033/2418/525 3009/2431/524 3021/2406/524
f 3044/2429/525 3045/2430/524 3009/2431/524 3033/2418/525
f 33/2432/33 798/2433/278 3010/2395/524 861/2434/296
f 798/2433/278 797/2435/278 3011/2396/524 3010/2395/524
f 797/2435/278 796/2436/278 3012/2399/524 3011/2396/524
f 796/2436/278 795/2437/278 3013/2401/525 3012/2399/524
f 861/2434/296 3010/2395/524 3014/2398/524 860/2438/296
f 860/2438/296 3014/2398/524 3018/2404/525 859/2439/296
f 859/2439/296 3018/2404/525 3037/2425/525 858/2440/296
f 32/2332/32 848/2392/294 3022/2407/524 792/2441/278
f 848/2392/294 849/2393/295 3023/2408/524 3022/2407/524
f 849/2393/295 850/2394/295 3024/2411/525 3023/2408/524
f 850/2394/295 851/2389/294 3025/2413/524 3024/2411/525
f 792/2441/278 3022/2407/524 3026/2410/524 793/2442/278
f 793/2442/278 3026/2410/524 3030/2416/525 794/2443/279
f 794/2443/279 3030/2416/525 3013/2401/525 795/2437/278
f 17/2384/17 855/2444/296 3034/2419/525 854/2385/294
f 855/2444/296 856/2445/296 3035/2420/524 3034/2419/525
f 856/2445/296 857/2446/296 3036/2423/524 3035/2420/524
f 857/2446/296 858/2440/296 3037/2425/525 3036/2423/524
f 854/2385/294 3034/2419/525 3038/2422/525 853/2387/294
f 853/2387/294 3038/2422/525 3042/2428/524 852/2388/294
f 852/2388/294 3042/2428/524 3025/2413/524 851/2389/294
f 3047/2447/527 3048/2448/527 3052/2449/527 3051/2450/527
f 3048/2448/527 3049/2451/527 3053/2452/527 3052/2449/527
f 3049/2451/527 3050/2453/527 3054/2454/527 3053/2452/527
f 3051/2450/527 3052/2449/527 3056/2455/527 3055/2456/527
f 3052/2449/527 3053/2452/527 3057/2457/527 3056/2455/527
f 3053/2452/527 3054/2454/527 3058/2458/527 3057/2457/527
f 3059/2459/527 3060/2460/527 3064/2461/526 3063/2462/527
f 3060/2460/527 3061/2463/527 3065/2464/527 3064/2461/526
f 3061/2463/527 3062/2465/527 3066/2466/527 3065/2464/527
f 3063/2462/527 3064/2461/526 3068/2467/527 3067/2468/527
f 3064/2461/526 3065/2464/527 3069/2469/527 3068/2467/527
f 3065/2464/527 3066/2466/527 3070/2470/526 3069/2469/527
f 3071/2471/527 3072/2472/527 3076/2473/527 3075/2474/527
f 3072/2472/527 3073/2475/527 3077/2476/527 3076/2473/527
f 3073/2475/527 3074/2477/527 3078/2478/527 3077/2476/527
f 3075/2474/527 3076/2473/527 3080/2479/527 3079/2480/527
f 3076/2473/527 3077/2476/527 3081/2481/527 3080/2479/527
f 3077/2476/527 3078/2478/527 3082/2482/527 3081/2481/527
f 3067/2468/527 3068/2467/527 3054/2454/527 3050/2453/527
f 3068/2467/527 3069/2469/527 3058/2458/527 3054/2454/527
f 3079/2480/527 3080/2479/527 3066/2466/527 3062/2465/527
f 3080/2479/527 3081/2481/527 3070/2470/526 3066/2466/527
f 3055/2456/527 3056/2455/527 3078/2478/527 3074/2477/527
f 3056/2455/527 3057/2457/527 3082/2482/527 3078/2478/527
f 3057/2457/527 3058/2458/527 3046/2483/526 3082/2482/527
f 3069/2469/527 3070/2470/526 3046/2483/526 3058/2458/527
f 3081/2481/527 3082/2482/527 3046/2483/526 3070/2470/526
f 16/2484/16 868/2485/298 3047/2447/527 224/2486/118
f 868/2485/298 867/2487/298 3048/2448/527 3047/2447/527
f 867/2487/298 866/2488/298 3049/2451/527 3048/2448/527
f 866/2488/298 865/2489/297 3050/2453/527 3049/2451/527
f 224/2486/118 3047/2447/527 3051/2450/527 223/2490/119
f 223/2490/119 3051/2450/527 3055/2456/527 222/2491/119
f 222/2491/119 3055/2456/527 3074/2477/527 221/2492/118
f 33/2432/33 861/2434/296 3059/2459/527 862/2493/297
f 861/2434/296 860/2438/296 3060/2460/527 3059/2459/527
f 860/2438/296 859/2439/296 3061/2463/527 3060/2460/527
f 859/2439/296 858/2440/296 3062/2465/527 3061/2463/527
f 862/2493/297 3059/2459/527 3063/2462/527 863/2494/297
f 863/2494/297 3063/2462/527 3067/2468/527 864/2495/297
f 864/2495/297 3067/2468/527 3050/2453/527 865/2489/297
f 17/2384/17 218/2496/118 3071/2471/527 855/2444/296
f 218/2496/118 219/2497/118 3072/2472/527 3071/2471/527
f 219/2497/118 220/2498/119 3073/2475/527 3072/2472/527
f 220/2498/119 221/2492/118 3074/2477/527 3073/2475/527
f 855/2444/296 3071/2471/527 3075/2474/527 856/2445/296
f 856/2445/296 3075/2474/527 3079/2480/527 857/2446/296
f 857/2446/296 3079/2480/527 3062/2465/527 858/2440/296
f 3084/2499/529 3085/2500/529 3089/2501/530 3088/2502/529
f 3085/2500/529 3086/2503/529 3090/2504/531 3089/2501/530
f 3086/2503/529 3087/2505/529 3091/2506/530 3090/2504/531
f 3088/2502/529 3089/2501/530 3093/2507/530 3092/2508/529
f 3089/2501/530 3090/2504/531 3094/2509/532 3093/2507/530
f 3090/2504/531 3091/2506/530 3095/2510/529 3094/2509/532
f 3096/2511/529 3097/2512/529 3101/2513/529 3100/2514/529
f 3097/2512/529 3098/2515/529 3102/2516/529 3101/2513/529
f 3098/2515/529 3099/2517/529 3103/2518/528 3102/2516/529
f 3100/2514/529 3101/2513/529 3105/2519/529 3104/2520/532
f 3101/2513/529 3102/2516/529 3106/2521/529 3105/2519/529
f 3102/2516/529 3103/2518/528 3107/2522/528 3106/2521/529
f 3108/2523/530 3109/2524/529 3113/2525/530 3112/2526/529
f 3109/2524/529 3110/2527/529 3114/2528/533 3113/2525/530
f 3110/2527/529 3111/2529/529 3115/2530/532 3114/2528/533
f 3112/2526/529 3113/2525/530 3117/2531/528 3116/2532/534
f 3113/2525/530 3114/2528/533 3118/2533/532 3117/2531/528
f 3114/2528/533 3115/2530/532 3119/2534/530 3118/2533/532
f 3104/2520/532 3105/2519/529 3091/2506/530 3087/2505/529
f 3105/2519/529 3106/2521/529 3095/2510/529 3091/2506/530
f 3116/2532/534 3117/2531/528 3103/2518/528 3099/2517/529
f 3117/2531/528 3118/2533/532 3107/2522/528 3103/2518/528
f 3092/2508/529 3093/2507/530 3115/2530/532 3111/2529/529
f 3093/2507/530 3094/2509/532 3119/2534/530 3115/2530/532
f 3094/2509/532 3095/2510/529 3083/2535/528 3119/2534/530
f 3106/2521/529 3107/2522/528 3083/2535/528 3095/2510/529
f 3118/2533/532 3119/2534/530 3083/2535/528 3107/2522/528
f 33/2432/33 862/2493/297 3084/2499/529 785/2536/276
f 862/2493/297 863/2494/297 3085/2500/529 3084/2499/529
f 863/2494/297 864/2495/297 3086/2503/529 3085/2500/529
f 864/2495/297 865/2489/297 3087/2505/529 3086/2503/529
f 785/2536/276 3084/2499/529 3088/2502/529 786/2537/277
f 786/2537/277 3088/2502/529 3092/2508/529 787/2538/276
f 787/2538/276 3092/2508/529 3111/2529/529 788/2539/277
f 16/2484/16 869/2540/299 3096/2511/529 868/2485/298
f 869/2540/299 870/2541/299 3097/2512/529 3096/2511/529
f 870/2541/299 871/2542/299 3098/2515/529 3097/2512/529
f 871/2542/299 872/2543/299 3099/2517/529 3098/2515/529
f 868/2485/298 3096/2511/529 3100/2514/529 867/2487/298
f 867/2487/298 3100/2514/529 3104/2520/532 866/2488/298
f 866/2488/298 3104/2520/532 3087/2505/529 865/2489/297
f 34/2544/34 791/2545/276 3108/2523/530 875/2546/299
f 791/2545/276 790/2547/276 3109/2524/529 3108/2523/530
f 790/2547/276 789/2548/277 3110/2527/529 3109/2524/529
f 789/2548/277 788/2539/277 3111/2529/529 3110/2527/529
f 875/2546/299 3108/2523/530 3112/2526/529 874/2549/299
f 874/2549/299 3112/2526/529 3116/2532/534 873/2550/299
f 873/2550/299 3116/2532/534 3099/2517/529 872/2543/299
f 3121/2551/536 3122/2552/535 3126/2553/535 3125/2554/536
f 3122/2552/535 3123/2555/536 3127/2556/535 3126/2553/535
f 3123/2555/536 3124/2557/535 3128/2558/537 3127/2556/535
f 3125/2554/536 3126/2553/535 3130/2559/536 3129/2560/536
f 3126/2553/535 3127/2556/535 3131/2561/536 3130/2559/536
f 3127/2556/535 3128/2558/537 3132/2562/535 3131/2561/536
f 3133/2563/538 3134/2564/535 3138/2565/535 3137/2566/536
f 3134/2564/535 3135/2567/536 3139/2568/539 3138/2565/535
f 3135/2567/536 3136/2569/536 3140/2570/539 3139/2568/539
f 3137/2566/536 3138/2565/535 3142/2571/535 3141/2572/536
f 3138/2565/535 3139/2568/539 3143/2573/536 3142/2571/535
f 3139/2568/539 3140/2570/539 3144/2574/536 3143/2573/536
f 3145/2575/536 3146/2576/536 3150/2577/536 3149/2578/536
f 3146/2576/536 3147/2579/535 3151/2580/536 3150/2577/536
f 3147/2579/535 3148/2581/537 3152/2582/538 3151/2580/536
f 3149/2578/536 3150/2577/536 3154/2583/536 3153/2584/536
f 3150/2577/536 3151/2580/536 3155/2585/535 3154/2583/536
f 3151/2580/536 3152/2582/538 3156/2586/536 3155/2585/535
f 3141/2572/536 3142/2571/535 3128/2558/537 3124/2557/535
f 3142/2571/535 3143/2573/536 3132/2562/535 3128/2558/537
f 3153/2584/536 3154/2583/536 3140/2570/539 3136/2569/536
f 3154/2583/536 3155/2585/535 3144/2574/536 3140/2570/539
f 3129/2560/536 3130/2559/536 3152/2582/538 3148/2581/537
f 3130/2559/536 3131/2561/536 3156/2586/536 3152/2582/538
f 3131/2561/536 3132/2562/535 3120/2587/535 3156/2586/536
f 3143/2573/536 3144/2574/536 3120/2587/535 3132/2562/535
f 3155/2585/535 3156/2586/536 3120/2587/535 3144/2574/536
f 15/2588/15 882/2589/300 3121/2551/536 203/2590/105
f 882/2589/300 881/2591/301 3122/2552/535 3121/2551/536
f 881/2591/301 880/2592/302 3123/2555/536 3122/2552/535
f 880/2592/302 879/2593/302 3124/2557/535 3123/2555/536
f 203/2590/105 3121/2551/536 3125/2554/536 202/2594/108
f 202/2594/108 3125/2554/536 3129/2560/536 201/2595/109
f 201/2595/109 3129/2560/536 3148/2581/537 200/2596/108
f 34/2544/34 875/2546/299 3133/2563/538 876/2597/300
f 875/2546/299 874/2549/299 3134/2564/535 3133/2563/538
f 874/2549/299 873/2550/299 3135/2567/536 3134/2564/535
f 873/2550/299 872/2543/299 3136/2569/536 3135/2567/536
f 876/2597/300 3133/2563/538 3137/2566/536 877/2598/301
f 877/2598/301 3137/2566/536 3141/2572/536 878/2599/302
f 878/2599/302 3141/2572/536 3124/2557/535 879/2593/302
f 16/2484/16 197/2600/105 3145/2575/536 869/2540/299
f 197/2600/105 198/2601/106 3146/2576/536 3145/2575/536
f 198/2601/106 199/2602/107 3147/2579/535 3146/2576/536
f 199/2602/107 200/2596/108 3148/2581/537 3147/2579/535
f 869/2540/299 3145/2575/536 3149/2578/536 870/2541/299
f 870/2541/299 3149/2578/536 3153/2584/536 871/2542/299
f 871/2542/299 3153/2584/536 3136/2569/536 872/2543/299
f 3158/2603/541 3159/2604/541 3163/2605/543 3162/2606/540
f 3159/2604/541 3160/2607/541 3164/2608/541 3163/2605/543
f 3160/2607/541 3161/2609/542 3165/2610/543 3164/2608/541
f 3162/2606/540 3163/2605/543 3167/2611/543 3166/2612/543
f 3163/2605/543 3164/2608/541 3168/2613/542 3167/2611/543
f 3164/2608/541 3165/2610/543 3169/2614/540 3168/2613/542
f 3170/2615/542 3171/2616/540 3175/2617/540 3174/2618/541
f 3171/2616/540 3172/2619/543 3176/2620/541 3175/2617/540
f 3172/2619/543 3173/2621/544 3177/2622/544 3176/2620/541
f 3174/2618/541 3175/2617/540 3179/2623/541 3178/2624/541
f 3175/2617/540 3176/2620/541 3180/2625/540 3179/2623/541
f 3176/2620/541 3177/2622/544 3181/2626/541 3180/2625/540
f 3182/2627/543 3183/2628/543 3187/2629/542 3186/2630/541
f 3183/2628/543 3184/2631/543 3188/2632/543 3187/2629/542
f 3184/2631/543 3185/2633/543 3189/2634/541 3188/2632/543
f 3186/2630/541 3187/2629/542 3191/2635/542 3190/2636/541
f 3187/2629/542 3188/2632/543 3192/2637/542 3191/2635/542
f 3188/2632/543 3189/2634/541 3193/2638/540 3192/2637/542
f 3178/2624/541 3179/2623/541 3165/2610/543 3161/2609/542
f 3179/2623/541 3180/2625/540 3169/2614/540 3165/2610/543
f 3190/2636/541 3191/2635/542 3177/2622/544 3173/2621/544
f 3191/2635/542 3192/2637/542 3181/2626/541 3177/2622/544
f 3166/2612/543 3167/2611/543 3189/2634/541 3185/2633/543
f 3167/2611/543 3168/2613/542 3193/2638/540 3189/2634/541
f 3168/2613/542 3169/2614/540 3157/2639/540 3193/2638/540
f 3180/2625/540 3181/2626/541 3157/2639/540 3169/2614/540
f 3192/2637/542 3193/2638/540 3157/2639/540 3181/2626/541
f 34/2544/34 876/2597/300 3158/2603/541 778/2640/272
f 876/2597/300 877/2598/301 3159/2604/541 3158/2603/541
f 877/2598/301 878/2599/302 3160/2607/541 3159/2604/541
f 878/2599/302 879/2593/302 3161/2609/542 3160/2607/541
f 778/2640/272 3158/2603/541 3162/2606/540 779/2641/273
f 779/2641/273 3162/2606/540 3166/2612/543 780/2642/273
f 780/2642/273 3166/2612/543 3185/2633/543 781/2643/274
f 15/2588/15 883/2644/303 3170/2615/542 882/2589/300
f 883/2644/303 884/2645/303 3171/2616/540 3170/2615/542
f 884/2645/303 885/2646/303 3172/2619/543 3171/2616/540
f 885/2646/303 886/2647/304 3173/2621/544 3172/2619/543
f 882/2589/300 3170/2615/542 3174/2618/541 881/2591/301
f 881/2591/301 3174/2618/541 3178/2624/541 880/2592/302
f 880/2592/302 3178/2624/541 3161/2609/542 879/2593/302
f 35/2648/35 784/2649/272 3182/2627/543 889/2650/303
f 784/2649/272 783/2651/275 3183/2628/543 3182/2627/543
f 783/2651/275 782/2652/272 3184/2631/543 3183/2628/543
f 782/2652/272 781/2643/274 3185/2633/543 3184/2631/543
f 889/2650/303 3182/2627/543 3186/2630/541 888/2653/303
f 888/2653/303 3186/2630/541 3190/2636/541 887/2654/303
f 887/2654/303 3190/2636/541 3173/2621/544 886/2647/304
f 3195/2655/546 3196/2656/547 3200/2657/550 3199/2658/546
f 3196/2656/547 3197/2659/548 3201/2660/551 3200/2657/550
f 3197/2659/548 3198/2661/549 3202/2662/546 3201/2660/551
f 3199/2658/546 3200/2657/550 3204/2663/549 3203/2664/547
f 3200/2657/550 3201/2660/551 3205/2665/552 3204/2663/549
f 3201/2660/551 3202/2662/546 3206/2666/549 3205/2665/552
f 3207/2667/546 3208/2668/546 3212/2669/549 3211/2670/553
f 3208/2668/546 3209/2671/547 3213/2672/545 3212/2669/549
f 3209/2671/547 3210/2673/550 3214/2674/554 3213/2672/545
f 3211/2670/553 3212/2669/549 3216/2675/546 3215/2676/549
f 3212/2669/549 3213/2672/545 3217/2677/546 3216/2675/546
f 3213/2672/545 3214/2674/554 3218/2678/547 3217/2677/546
f 3219/2679/546 3220/2680/549 3224/2681/549 3223/2682/546
f 3220/2680/549 3221/2683/546 3225/2684/547 3224/2681/549
f 3221/2683/546 3222/2685/546 3226/2686/549 3225/2684/547
f 3223/2682/546 3224/2681/549 3228/2687/554 3227/2688/554
f 3224/2681/549 3225/2684/547 3229/2689/555 3228/2687/554
f 3225/2684/547 3226/2686/549 3230/2690/545 3229/2689/555
f 3215/2676/549 3216/2675/546 3202/2662/546 3198/2661/549
f 3216/2675/546 3217/2677/546 3206/2666/549 3202/2662/546
f 3227/2688/554 3228/2687/554 3214/2674/554 3210/2673/550
f 3228/2687/554 3229/2689/555 3218/2678/547 3214/2674/554
f 3203/2664/547 3204/2663/549 3226/2686/549 3222/2685/546
f 3204/2663/549 3205/2665/552 3230/2690/545 3226/2686/549
f 3205/2665/552 3206/2666/549 3194/2691/545 3230/2690/545
f 3217/2677/546 3218/2678/547 3194/2691/545 3206/2666/549
f 3229/2689/555 3230/2690/545 3194/2691/545 3218/2678/547
f 15/2588/15 196/2692/104 3195/2655/546 883/2644/303
f 196/2692/104 195/2693/103 3196/2656/547 3195/2655/546
f 195/2693/103 194/2694/102 3197/2659/548 3196/2656/547
f 194/2694/102 193/2695/101 3198/2661/549 3197/2659/548
f 883/2644/303 3195/2655/546 3199/2658/546 884/2645/303
f 884/2645/303 3199/2658/546 3203/2664/547 885/2646/303
f 885/2646/303 3203/2664/547 3222/2685/546 886/2647/304
f 12/2696/12 904/2697/311 3207/2667/546 190/2698/98
f 904/2697/311 905/2699/311 3208/2668/546 3207/2667/546
f 905/2699/311 906/2700/311 3209/2671/547 3208/2668/546
f 906/2700/311 907/2701/312 3210/2673/550 3209/2671/547
f 190/2698/98 3207/2667/546 3211/2670/553 191/2702/99
f 191/2702/99 3211/2670/553 3215/2676/549 192/2703/100
f 192/2703/100 3215/2676/549 3198/2661/549 193/2695/101
f 35/2648/35 889/2650/303 3219/2679/546 910/2704/312
f 889/2650/303 888/2653/303 3220/2680/549 3219/2679/546
f 888/2653/303 887/2654/303 3221/2683/546 3220/2680/549
f 887/2654/303 886/2647/304 3222/2685/546 3221/2683/546
f 910/2704/312 3219/2679/546 3223/2682/546 909/2705/312
f 909/2705/312 3223/2682/546 3227/2688/554 908/2706/313
f 908/2706/313 3227/2688/554 3210/2673/550 907/2701/312
f 3232/2707/557 3233/2708/557 3237/2709/557 3236/2710/557
f 3233/2708/557 3234/2711/558 3238/2712/559 3237/2709/557
f 3234/2711/558 3235/2713/557 3239/2714/558 3238/2712/559
f 3236/2710/557 3237/2709/557 3241/2715/557 3240/2716/559
f 3237/2709/557 3238/2712/559 3242/2717/557 3241/2715/557
f 3238/2712/559 3239/2714/558 3243/2718/559 3242/2717/557
f 3244/2719/559 3245/2720/557 3249/2721/557 3248/2722/560
f 3245/2720/557 3246/2723/557 3250/2724/559 3249/2721/557
f 3246/2723/557 3247/2725/560 3251/2726/560 3250/2724/559
f 3248/2722/560 3249/2721/557 3253/2727/559 3252/2728/557
f 3249/2721/557 3250/2724/559 3254/2729/556 3253/2727/559
f 3250/2724/559 3251/2726/560 3255/2730/559 3254/2729/556
f 3256/2731/557 3257/2732/559 3261/2733/559 3260/2734/558
f 3257/2732/559 3258/2735/557 3262/2736/557 3261/2733/559
f 3258/2735/557 3259/2737/557 3263/2738/556 3262/2736/557
f 3260/2734/558 3261/2733/559 3265/2739/558 3264/2740/560
f 3261/2733/559 3262/2736/557 3266/2741/559 3265/2739/558
f 3262/2736/557 3263/2738/556 3267/2742/560 3266/2741/559
f 3252/2728/557 3253/2727/559 3239/2714/558 3235/2713/557
f 3253/2727/559 3254/2729/556 3243/2718/559 3239/2714/558
f 3264/2740/560 3265/2739/558 3251/2726/560 3247/2725/560
f 3265/2739/558 3266/2741/559 3255/2730/559 3251/2726/560
f 3240/2716/559 3241/2715/557 3263/2738/556 3259/2737/557
f 3241/2715/557 3242/2717/557 3267/2742/560 3263/2738/556
f 3242/2717/557 3243/2718/559 3231/2743/556 3267/2742/560
f 3254/2729/556 3255/2730/559 3231/2743/556 3243/2718/559
f 3266/2741/559 3267/2742/560 3231/2743/556 3255/2730/559
f 36/2744/36 890/2745/305 3232/2707/557 1001/2746/338
f 890/2745/305 891/2747/305 3233/2708/557 3232/2707/557
f 891/2747/305 892/2748/306 3234/2711/558 3233/2708/557
f 892/2748/306 893/2749/305 3235/2713/557 3234/2711/558
f 1001/2746/338 3232/2707/557 3236/2710/557 1000/2750/338
f 1000/2750/338 3236/2710/557 3240/2716/559 999/2751/338
f 999/2751/338 3240/2716/559 3259/2737/557 998/2752/339
f 12/2696/12 168/2753/86 3244/2719/559 896/2754/307
f 168/2753/86 167/2755/89 3245/2720/557 3244/2719/559
f 167/2755/89 166/2756/86 3246/2723/557 3245/2720/557
f 166/2756/86 165/2757/88 3247/2725/560 3246/2723/557
f 896/2754/307 3244/2719/559 3248/2722/560 895/2758/306
f 895/2758/306 3248/2722/560 3252/2728/557 894/2759/305
f 894/2759/305 3252/2728/557 3235/2713/557 893/2749/305
f 10/2760/10 995/2761/338 3256/2731/557 162/2762/86
f 995/2761/338 996/2763/338 3257/2732/559 3256/2731/557
f 996/2763/338 997/2764/338 3258/2735/557 3257/2732/559
f 997/2764/338 998/2752/339 3259/2737/557 3258/2735/557
f 162/2762/86 3256/2731/557 3260/2734/558 163/2765/87
f 163/2765/87 3260/2734/558 3264/2740/560 164/2766/86
f 164/2766/86 3264/2740/560 3247/2725/560 165/2757/88
f 3269/2767/562 3270/2768/563 3274/2769/562 3273/2770/564
f 3270/2768/563 3271/2771/563 3275/2772/561 3274/2769/562
f 3271/2771/563 3272/2773/562 3276/2774/561 3275/2772/561
f 3273/2770/564 3274/2769/562 3278/2775/562 3277/2776/561
f 3274/2769/562 3275/2772/561 3279/2777/561 3278/2775/562
f 3275/2772/561 3276/2774/561 3280/2778/562 3279/2777/561
f 3281/2779/561 3282/2780/561 3286/2781/564 3285/2782/563
f 3282/2780/561 3283/2783/561 3287/2784/561 3286/2781/564
f 3283/2783/561 3284/2785/562 3288/2786/562 3287/2784/561
f 3285/2782/563 3286/2781/564 3290/2787/561 3289/2788/562
f 3286/2781/564 3287/2784/561 3291/2789/562 3290/2787/561
f 3287/2784/561 3288/2786/562 3292/2790/561 3291/2789/562
f 3293/2791/561 3294/2792/563 3298/2793/563 3297/2794/561
f 3294/2792/563 3295/2795/562 3299/2796/562 3298/2793/563
f 3295/2795/562 3296/2797/565 3300/2798/562 3299/2796/562
f 3297/2794/561 3298/2793/563 3302/2799/563 3301/2800/562
f 3298/2793/563 3299/2796/562 3303/2801/561 3302/2799/563
f 3299/2796/562 3300/2798/562 3304/2802/562 3303/2801/561
f 3289/2788/562 3290/2787/561 3276/2774/561 3272/2773/562
f 3290/2787/561 3291/2789/562 3280/2778/562 3276/2774/561
f 3301/2800/562 3302/2799/563 3288/2786/562 3284/2785/562
f 3302/2799/563 3303/2801/561 3292/2790/561 3288/2786/562
f 3277/2776/561 3278/2775/562 3300/2798/562 3296/2797/565
f 3278/2775/562 3279/2777/561 3304/2802/562 3300/2798/562
f 3279/2777/561 3280/2778/562 3268/2803/561 3304/2802/562
f 3291/2789/562 3292/2790/561 3268/2803/561 3280/2778/562
f 3303/2801/561 3304/2802/562 3268/2803/561 3292/2790/561
f 37/2804/37 903/2805/308 3269/2767/562 567/2806/213
f 903/2805/308 902/2807/309 3270/2768/563 3269/2767/562
f 902/2807/309 901/2808/310 3271/2771/563 3270/2768/563
f 901/2808/310 900/2809/310 3272/2773/562 3271/2771/563
f 567/2806/213 3269/2767/562 3273/2770/564 566/2810/214
f 566/2810/214 3273/2770/564 3277/2776/561 565/2811/212
f 565/2811/212 3277/2776/561 3296/2797/565 564/2812/213
f 12/2696/12 896/2754/307 3281/2779/561 897/2813/308
f 896/2754/307 895/2758/306 3282/2780/561 3281/2779/561
f 895/2758/306 894/2759/305 3283/2783/561 3282/2780/561
f 894/2759/305 893/2749/305 3284/2785/562 3283/2783/561
f 897/2813/308 3281/2779/561 3285/2782/563 898/2814/309
f 898/2814/309 3285/2782/563 3289/2788/562 899/2815/310
f 899/2815/310 3289/2788/562 3272/2773/562 900/2809/310
f 36/2744/36 561/2816/212 3293/2791/561 890/2745/305
f 561/2816/212 562/2817/212 3294/2792/563 3293/2791/561
f 562/2817/212 563/2818/213 3295/2795/562 3294/2792/563
f 563/2818/213 564/2812/213 3296/2797/565 3295/2795/562
f 890/2745/305 3293/2791/561 3297/2794/561 891/2747/305
f 891/2747/305 3297/2794/561 3301/2800/562 892/2748/306
f 892/2748/306 3301/2800/562 3284/2785/562 893/2749/305
f 3306/2819/567 3307/2820/568 3311/2821/569 3310/2822/568
f 3307/2820/568 3308/2823/568 3312/2824/569 3311/2821/569
f 3308/2823/568 3309/2825/569 3313/2826/568 3312/2824/569
f 3310/2822/568 3311/2821/569 3315/2827/569 3314/2828/567
f 3311/2821/569 3312/2824/569 3316/2829/569 3315/2827/569
f 3312/2824/569 3313/2826/568 3317/2830/570 3316/2829/569
f 3318/2831/569 3319/2832/567 3323/2833/567 3322/2834/569
f 3319/2832/567 3320/2835/568 3324/2836/569 3323/2833/567
f 3320/2835/568 3321/2837/568 3325/2838/568 3324/2836/569
f 3322/2834/569 3323/2833/567 3327/2839/569 3326/2840/568
f 3323/2833/567 3324/2836/569 3328/2841/566 3327/2839/569
f 3324/2836/569 3325/2838/568 3329/2842/569 3328/2841/566
f 3330/2843/569 3331/2844/567 3335/2845/568 3334/2846/569
f 3331/2844/567 3332/2847/569 3336/2848/568 3335/2845/568
f 3332/2847/569 3333/2849/567 3337/2850/569 3336/2848/568
f 3334/2846/569 3335/2845/568 3339/2851/568 3338/2852/569
f 3335/2845/568 3336/2848/568 3340/2853/568 3339/2851/568
f 3336/2848/568 3337/2850/569 3341/2854/568 3340/2853/568
f 3326/2840/568 3327/2839/569 3313/2826/568 3309/2825/569
f 3327/2839/569 3328/2841/566 3317/2830/570 3313/2826/568
f 3338/2852/569 3339/2851/568 3325/2838/568 3321/2837/568
f 3339/2851/568 3340/2853/568 3329/2842/569 3325/2838/568
f 3314/2828/567 3315/2827/569 3337/2850/569 3333/2849/567
f 3315/2827/569 3316/2829/569 3341/2854/568 3337/2850/569
f 3316/2829/569 3317/2830/570 3305/2855/566 3341/2854/568
f 3328/2841/566 3329/2842/569 3305/2855/566 3317/2830/570
f 3340/2853/568 3341/2854/568 3305/2855/566 3329/2842/569
f 35/2648/35 910/2704/312 3306/2819/567 574/2856/215
f 910/2704/312 909/2705/312 3307/2820/568 3306/2819/567
f 909/2705/312 908/2706/313 3308/2823/568 3307/2820/568
f 908/2706/313 907/2701/312 3309/2825/569 3308/2823/568
f 574/2856/215 3306/2819/567 3310/2822/568 573/2857/215
f 573/2857/215 3310/2822/568 3314/2828/567 572/2858/216
f 572/2858/216 3314/2828/567 3333/2849/567 571/2859/215
f 12/2696/12 897/2813/308 3318/2831/569 904/2697/311
f 897/2813/308 898/2814/309 3319/2832/567 3318/2831/569
f 898/2814/309 899/2815/310 3320/2835/568 3319/2832/567
f 899/2815/310 900/2809/310 3321/2837/568 3320/2835/568
f 904/2697/311 3318/2831/569 3322/2834/569 905/2699/311
f 905/2699/311 3322/2834/569 3326/2840/568 906/2700/311
f 906/2700/311 3326/2840/568 3309/2825/569 907/2701/312
f 37/2804/37 568/2860/215 3330/2843/569 903/2805/308
f 568/2860/215 569/2861/215 3331/2844/567 3330/2843/569
f 569/2861/215 570/2862/215 3332/2847/569 3331/2844/567
f 570/2862/215 571/2859/215 3333/2849/567 3332/2847/569
f 903/2805/308 3330/2843/569 3334/2846/569 902/2807/309
f 902/2807/309 3334/2846/569 3338/2852/569 901/2808/310
f 901/2808/310 3338/2852/569 3321/2837/568 900/2809/310
f 3343/2863/572 3344/2864/572 3348/2865/571 3347/2866/571
f 3344/2864/572 3345/2867/571 3349/2868/573 3348/2865/571
f 3345/2867/571 3346/2869/571 3350/2870/572 3349/2868/573
f 3347/2866/571 3348/2865/571 3352/2871/571 3351/2872/571
f 3348/2865/571 3349/2868/573 3353/2873/571 3352/2871/571
f 3349/2868/573 3350/2870/572 3354/2874/572 3353/2873/571
f 3355/2875/571 3356/2876/571 3360/2877/571 3359/2878/572
f 3356/2876/571 3357/2879/572 3361/2880/571 3360/2877/571
f 3357/2879/572 3358/2881/571 3362/2882/572 3361/2880/571
f 3359/2878/572 3360/2877/571 3364/2883/571 3363/2884/572
f 3360/2877/571 3361/2880/571 3365/2885/572 3364/2883/571
f 3361/2880/571 3362/2882/572 3366/2886/571 3365/2885/572
f 3367/2887/571 3368/2888/572 3372/2889/571 3371/2890/571
f 3368/2888/572 3369/2891/571 3373/2892/572 3372/2889/571
f 3369/2891/571 3370/2893/571 3374/2894/571 3373/2892/572
f 3371/2890/571 3372/2889/571 3376/2895/571 3375/2896/572
f 3372/2889/571 3373/2892/572 3377/2897/572 3376/2895/571
f 3373/2892/572 3374/2894/571 3378/2898/571 3377/2897/572
f 3363/2884/572 3364/2883/571 3350/2870/572 3346/2869/571
f 3364/2883/571 3365/2885/572 3354/2874/572 3350/2870/572
f 3375/2896/572 3376/2895/571 3362/2882/572 3358/2881/571
f 3376/2895/571 3377/2897/572 3366/2886/571 3362/2882/572
f 3351/2872/571 3352/2871/571 3374/2894/571 3370/2893/571
f 3352/2871/571 3353/2873/571 3378/2898/571 3374/2894/571
f 3353/2873/571 3354/2874/572 3342/2899/571 3378/2898/571
f 3365/2885/572 3366/2886/571 3342/2899/571 3354/2874/572
f 3377/2897/572 3378/2898/571 3342/2899/571 3366/2886/571
f 36/2744/36 595/2900/222 3343/2863/572 561/2816/212
f 595/2900/222 594/2901/221 3344/2864/572 3343/2863/572
f 594/2901/221 593/2902/221 3345/2867/571 3344/2864/572
f 593/2902/221 592/2903/222 3346/2869/571 3345/2867/571
f 561/2816/212 3343/2863/572 3347/2866/571 562/2817/212
f 562/2817/212 3347/2866/571 3351/2872/571 563/2818/213
f 563/2818/213 3351/2872/571 3370/2893/571 564/2812/213
f 38/2904/38 554/2905/209 3355/2875/571 589/2906/221
f 554/2905/209 555/2907/209 3356/2876/571 3355/2875/571
f 555/2907/209 556/2908/210 3357/2879/572 3356/2876/571
f 556/2908/210 557/2909/210 3358/2881/571 3357/2879/572
f 589/2906/221 3355/2875/571 3359/2878/572 590/2910/222
f 590/2910/222 3359/2878/572 3363/2884/572 591/2911/222
f 591/2911/222 3363/2884/572 3346/2869/571 592/2903/222
f 37/2804/37 567/2806/213 3367/2887/571 560/2912/209
f 567/2806/213 566/2810/214 3368/2888/572 3367/2887/571
f 566/2810/214 565/2811/212 3369/2891/571 3368/2888/572
f 565/2811/212 564/2812/213 3370/2893/571 3369/2891/571
f 560/2912/209 3367/2887/571 3371/2890/571 559/2913/211
f 559/2913/211 3371/2890/571 3375/2896/572 558/2914/210
f 558/2914/210 3375/2896/572 3358/2881/571 557/2909/210
f 3380/2915/574 3381/2916/575 3385/2917/574 3384/2918/574
f 3381/2916/575 3382/2919/574 3386/2920/574 3385/2917/574
f 3382/2919/574 3383/2921/574 3387/2922/574 3386/2920/574
f 3384/2918/574 3385/2917/574 3389/2923/575 3388/2924/574
f 3385/2917/574 3386/2920/574 3390/2925/575 3389/2923/575
f 3386/2920/574 3387/2922/574 3391/2926/576 3390/2925/575
f 3392/2927/575 3393/2928/575 3397/2929/574 3396/2930/574
f 3393/2928/575 3394/2931/575 3398/2932/575 3397/2929/574
f 3394/2931/575 3395/2933/575 3399/2934/574 3398/2932/575
f 3396/2930/574 3397/2929/574 3401/2935/574 3400/2936/574
f 3397/2929/574 3398/2932/575 3402/2937/574 3401/2935/574
f 3398/2932/575 3399/2934/574 3403/2938/575 3402/2937/574
f 3404/2939/574 3405/2940/574 3409/2941/574 3408/2942/575
f 3405/2940/574 3406/2943/574 3410/2944/574 3409/2941/574
f 3406/2943/574 3407/2945/575 3411/2946/574 3410/2944/574
f 3408/2942/575 3409/2941/574 3413/2947/574 3412/2948/574
f 3409/2941/574 3410/2944/574 3414/2949/574 3413/2947/574
f 3410/2944/574 3411/2946/574 3415/2950/574 3414/2949/574
f 3400/2936/574 3401/2935/574 3387/2922/574 3383/2921/574
f 3401/2935/574 3402/2937/574 3391/2926/576 3387/2922/574
f 3412/2948/574 3413/2947/574 3399/2934/574 3395/2933/575
f 3413/2947/574 3414/2949/574 3403/2938/575 3399/2934/574
f 3388/2924/574 3389/2923/575 3411/2946/574 3407/2945/575
f 3389/2923/575 3390/2925/575 3415/2950/574 3411/2946/574
f 3390/2925/575 3391/2926/576 3379/2951/574 3415/2950/574
f 3402/2937/574 3403/2938/575 3379/2951/574 3391/2926/576
f 3414/2949/574 3415/2950/574 3379/2951/574 3403/2938/575
f 37/2804/37 560/2912/209 3380/2915/574 581/2952/217
f 560/2912/209 559/2913/211 3381/2916/575 3380/2915/574
f 559/2913/211 558/2914/210 3382/2919/574 3381/2916/575
f 558/2914/210 557/2909/210 3383/2921/574 3382/2919/574
f 581/2952/217 3380/2915/574 3384/2918/574 580/2953/217
f 580/2953/217 3384/2918/574 3388/2924/574 579/2954/217
f 579/2954/217 3388/2924/574 3407/2945/575 578/2955/218
f 38/2904/38 623/2956/230 3392/2927/575 554/2905/209
f 623/2956/230 622/2957/230 3393/2928/575 3392/2927/575
f 622/2957/230 621/2958/230 3394/2931/575 3393/2928/575
f 621/2958/230 620/2959/230 3395/2933/575 3394/2931/575
f 554/2905/209 3392/2927/575 3396/2930/574 555/2907/209
f 555/2907/209 3396/2930/574 3400/2936/574 556/2908/210
f 556/2908/210 3400/2936/574 3383/2921/574 557/2909/210
f 34/2544/34 575/2960/217 3404/2939/574 617/2961/230
f 575/2960/217 576/2962/217 3405/2940/574 3404/2939/574
f 576/2962/217 577/2963/218 3406/2943/574 3405/2940/574
f 577/2963/218 578/2955/218 3407/2945/575 3406/2943/574
f 617/2961/230 3404/2939/574 3408/2942/575 618/2964/231
f 618/2964/231 3408/2942/575 3412/2948/574 619/2965/231
f 619/2965/231 3412/2948/574 3395/2933/575 620/2959/230
f 3417/2966/577 3418/2967/577 3422/2968/578 3421/2969/577
f 3418/2967/577 3419/2970/578 3423/2971/577 3422/2968/578
f 3419/2970/578 3420/2972/577 3424/2973/579 3423/2971/577
f 3421/2969/577 3422/2968/578 3426/2974/580 3425/2975/579
f 3422/2968/578 3423/2971/577 3427/2976/580 3426/2974/580
f 3423/2971/577 3424/2973/579 3428/2977/579 3427/2976/580
f 3429/2978/579 3430/2979/577 3434/2980/577 3433/2981/579
f 3430/2979/577 3431/2982/577 3435/2983/577 3434/2980/577
f 3431/2982/577 3432/2984/578 3436/2985/577 3435/2983/577
f 3433/2981/579 3434/2980/577 3438/2986/577 3437/2987/577
f 3434/2980/577 3435/2983/577 3439/2988/577 3438/2986/577
f 3435/2983/577 3436/2985/577 3440/2989/577 3439/2988/577
f 3441/2990/577 3442/2991/577 3446/2992/578 3445/2993/577
f 3442/2991/577 3443/2994/579 3447/2995/580 3446/2992/578
f 3443/2994/579 3444/2996/578 3448/2997/579 3447/2995/580
f 3445/2993/577 3446/2992/578 3450/2998/579 3449/2999/577
f 3446/2992/578 3447/2995/580 3451/3000/579 3450/2998/579
f 3447/2995/580 3448/2997/579 3452/3001/580 3451/3000/579
f 3437/2987/577 3438/2986/577 3424/2973/579 3420/2972/577
f 3438/2986/577 3439/2988/577 3428/2977/579 3424/2973/579
f 3449/2999/577 3450/2998/579 3436/2985/577 3432/2984/578
f 3450/2998/579 3451/3000/579 3440/2989/577 3436/2985/577
f 3425/2975/579 3426/2974/580 3448/2997/579 3444/2996/578
f 3426/2974/580 3427/2976/580 3452/3001/580 3448/2997/579
f 3427/2976/580 3428/2977/579 3416/3002/577 3452/3001/580
f 3439/2988/577 3440/2989/577 3416/3002/577 3428/2977/579
f 3451/3000/579 3452/3001/580 3416/3002/577 3440/2989/577
f 34/2544/34 778/2640/272 3417/2966/577 575/2960/217
f 778/2640/272 779/2641/273 3418/2967/577 3417/2966/577
f 779/2641/273 780/2642/273 3419/2970/578 3418/2967/577
f 780/2642/273 781/2643/274 3420/2972/577 3419/2970/578
f 575/2960/217 3417/2966/577 3421/2969/577 576/2962/217
f 576/2962/217 3421/2969/577 3425/2975/579 577/2963/218
f 577/2963/218 3425/2975/579 3444/2996/578 578/2955/218
f 35/2648/35 574/2856/215 3429/2978/579 784/2649/272
f 574/2856/215 573/2857/215 3430/2979/577 3429/2978/579
f 573/2857/215 572/2858/216 3431/2982/577 3430/2979/577
f 572/2858/216 571/2859/215 3432/2984/578 3431/2982/577
f 784/2649/272 3429/2978/579 3433/2981/579 783/2651/275
f 783/2651/275 3433/2981/579 3437/2987/577 782/2652/272
f 782/2652/272 3437/2987/577 3420/2972/577 781/2643/274
f 37/2804/37 581/2952/217 3441/2990/577 568/2860/215
f 581/2952/217 580/2953/217 3442/2991/577 3441/2990/577
f 580/2953/217 579/2954/217 3443/2994/579 3442/2991/577
f 579/2954/217 578/2955/218 3444/2996/578 3443/2994/579
f 568/2860/215 3441/2990/577 3445/2993/577 569/2861/215
f 569/2861/215 3445/2993/577 3449/2999/577 570/2862/215
f 570/2862/215 3449/2999/577 3432/2984/578 571/2859/215
f 3454/3003/582 3455/3004/582 3459/3005/582 3458/3006/582
f 3455/3004/582 3456/3007/582 3460/3008/582 3459/3005/582
f 3456/3007/582 3457/3009/582 3461/3010/582 3460/3008/582
f 3458/3006/582 3459/3005/582 3463/3011/582 3462/3012/582
f 3459/3005/582 3460/3008/582 3464/3013/582 3463/3011/582
f 3460/3008/582 3461/3010/582 3465/3014/582 3464/3013/582
f 3466/3015/582 3467/3016/582 3471/3017/582 3470/3018/582
f 3467/3016/582 3468/3019/582 3472/3020/582 3471/3017/582
f 3468/3019/582 3469/3021/582 3473/3022/582 3472/3020/582
f 3470/3018/582 3471/3017/582 3475/3023/582 3474/3024/582
f 3471/3017/582 3472/3020/582 3476/3025/582 3475/3023/582
f 3472/3020/582 3473/3022/582 3477/3026/582 3476/3025/582
f 3478/3027/582 3479/3028/582 3483/3029/582 3482/3030/582
f 3479/3028/582 3480/3031/582 3484/3032/582 3483/3029/582
f 3480/3031/582 3481/3033/581 3485/3034/582 3484/3032/582
f 3482/3030/582 3483/3029/582 3487/3035/582 3486/3036/582
f 3483/3029/582 3484/3032/582 3488/3037/581 3487/3035/582
f 3484/3032/582 3485/3034/582 3489/3038/582 3488/3037/581
f 3474/3024/582 3475/3023/582 3461/3010/582 3457/3009/582
f 3475/3023/582 3476/3025/582 3465/3014/582 3461/3010/582
f 3486/3036/582 3487/3035/582 3473/3022/582 3469/3021/582
f 3487/3035/582 3488/3037/581 3477/3026/582 3473/3022/582
f 3462/3012/582 3463/3011/582 3485/3034/582 3481/3033/581
f 3463/3011/582 3464/3013/582 3489/3038/582 3485/3034/582
f 3464/3013/582 3465/3014/582 3453/3039/581 3489/3038/582
f 3476/3025/582 3477/3026/582 3453/3039/581 3465/3014/582
f 3488/3037/581 3489/3038/582 3453/3039/581 3477/3026/582
f 41/3040/41 610/3041/228 3454/3003/582 631/3042/233
f 610/3041/228 611/3043/229 3455/3004/582 3454/3003/582
f 611/3043/229 612/3044/229 3456/3007/582 3455/3004/582
f 612/3044/229 613/3045/228 3457/3009/582 3456/3007/582
f 631/3042/233 3454/3003/582 3458/3006/582 632/3046/233
f 632/3046/233 3458/3006/582 3462/3012/582 633/3047/234
f 633/3047/234 3462/3012/582 3481/3033/581 634/3048/233
f 38/2904/38 582/3049/219 3466/3015/582 616/3050/228
f 582/3049/219 583/3051/219 3467/3016/582 3466/3015/582
f 583/3051/219 584/3052/219 3468/3019/582 3467/3016/582
f 584/3052/219 585/3053/219 3469/3021/582 3468/3019/582
f 616/3050/228 3466/3015/582 3470/3018/582 615/3054/228
f 615/3054/228 3470/3018/582 3474/3024/582 614/3055/228
f 614/3055/228 3474/3024/582 3457/3009/582 613/3045/228
f 39/3056/39 637/3057/234 3478/3027/582 588/3058/220
f 637/3057/234 636/3059/233 3479/3028/582 3478/3027/582
f 636/3059/233 635/3060/233 3480/3031/582 3479/3028/582
f 635/3060/233 634/3048/233 3481/3033/581 3480/3031/582
f 588/3058/220 3478/3027/582 3482/3030/582 587/3061/219
f 587/3061/219 3482/3030/582 3486/3036/582 586/3062/219
f 586/3062/219 3486/3036/582 3469/3021/582 585/3053/219
f 3491/3063/583 3492/3064/583 3496/3065/583 3495/3066/583
f 3492/3064/583 3493/3067/583 3497/3068/584 3496/3065/583
f 3493/3067/583 3494/3069/583 3498/3070/583 3497/3068/584
f 3495/3066/583 3496/3065/583 3500/3071/583 3499/3072/583
f 3496/3065/583 3497/3068/584 3501/3073/583 3500/3071/583
f 3497/3068/584 3498/3070/583 3502/3074/583 3501/3073/583
f 3503/3075/583 3504/3076/583 3508/3077/583 3507/3078/583
f 3504/3076/583 3505/3079/583 3509/3080/583 3508/3077/583
f 3505/3079/583 3506/3081/583 3510/3082/583 3509/3080/583
f 3507/3078/583 3508/3077/583 3512/3083/583 3511/3084/583
f 3508/3077/583 3509/3080/583 3513/3085/583 3512/3083/583
f 3509/3080/583 3510/3082/583 3514/3086/583 3513/3085/583
f 3515/3087/583 3516/3088/583 3520/3089/583 3519/3090/583
f 3516/3088/583 3517/3091/583 3521/3092/583 3520/3089/583
f 3517/3091/583 3518/3093/583 3522/3094/583 3521/3092/583
f 3519/3090/583 3520/3089/583 3524/3095/583 3523/3096/583
f 3520/3089/583 3521/3092/583 3525/3097/583 3524/3095/583
f 3521/3092/583 3522/3094/583 3526/3098/583 3525/3097/583
f 3511/3084/583 3512/3083/583 3498/3070/583 3494/3069/583
f 3512/3083/583 3513/3085/583 3502/3074/583 3498/3070/583
f 3523/3096/583 3524/3095/583 3510/3082/583 3506/3081/583
f 3524/3095/583 3525/3097/583 3514/3086/583 3510/3082/583
f 3499/3072/583 3500/3071/583 3522/3094/583 3518/3093/583
f 3500/3071/583 3501/3073/583 3526/3098/583 3522/3094/583
f 3501/3073/583 3502/3074/583 3490/3099/583 3526/3098/583
f 3513/3085/583 3514/3086/583 3490/3099/583 3502/3074/583
f 3525/3097/583 3526/3098/583 3490/3099/583 3514/3086/583
f 38/2904/38 589/2906/221 3491/3063/583 582/3049/219
f 589/2906/221 590/2910/222 3492/3064/583 3491/3063/583
f 590/2910/222 591/2911/222 3493/3067/583 3492/3064/583
f 591/2911/222 592/2903/222 3494/3069/583 3493/3067/583
f 582/3049/219 3491/3063/583 3495/3066/583 583/3051/219
f 583/3051/219 3495/3066/583 3499/3072/583 584/3052/219
f 584/3052/219 3499/3072/583 3518/3093/583 585/3053/219
f 36/2744/36 777/3100/270 3503/3075/583 595/2900/222
f 777/3100/270 776/3101/269 3504/3076/583 3503/3075/583
f 776/3101/269 775/3102/270 3505/3079/583 3504/3076/583
f 775/3102/270 774/3103/271 3506/3081/583 3505/3079/583
f 595/2900/222 3503/3075/583 3507/3078/583 594/2901/221
f 594/2901/221 3507/3078/583 3511/3084/583 593/2902/221
f 593/2902/221 3511/3084/583 3494/3069/583 592/2903/222
f 39/3056/39 588/3058/220 3515/3087/583 771/3104/269
f 588/3058/220 587/3061/219 3516/3088/583 3515/3087/583
f 587/3061/219 586/3062/219 3517/3091/583 3516/3088/583
f 586/3062/219 585/3053/219 3518/3093/583 3517/3091/583
f 771/3104/269 3515/3087/583 3519/3090/583 772/3105/270
f 772/3105/270 3519/3090/583 3523/3096/583 773/3106/270
f 773/3106/270 3523/3096/583 3506/3081/583 774/3103/271
f 3528/3107/585 3529/3108/585 3533/3109/585 3532/3110/585
f 3529/3108/585 3530/3111/585 3534/3112/585 3533/3109/585
f 3530/3111/585 3531/3113/585 3535/3114/585 3534/3112/585
f 3532/3110/585 3533/3109/585 3537/3115/585 3536/3116/585
f 3533/3109/585 3534/3112/585 3538/3117/585 3537/3115/585
f 3534/3112/585 3535/3114/585 3539/3118/585 3538/3117/585
f 3540/3119/585 3541/3120/585 3545/3121/585 3544/3122/585
f 3541/3120/585 3542/3123/585 3546/3124/585 3545/3121/585
f 3542/3123/585 3543/3125/585 3547/3126/585 3546/3124/585
f 3544/3122/585 3545/3121/585 3549/3127/585 3548/3128/585
f 3545/3121/585 3546/3124/585 3550/3129/585 3549/3127/585
f 3546/3124/585 3547/3126/585 3551/3130/585 3550/3129/585
f 3552/3131/585 3553/3132/586 3557/3133/585 3556/3134/586
f 3553/3132/586 3554/3135/585 3558/3136/585 3557/3133/585
f 3554/3135/585 3555/3137/585 3559/3138/585 3558/3136/585
f 3556/3134/586 3557/3133/585 3561/3139/585 3560/3140/585
f 3557/3133/585 3558/3136/585 3562/3141/585 3561/3139/585
f 3558/3136/585 3559/3138/585 3563/3142/585 3562/3141/585
f 3548/3128/585 3549/3127/585 3535/3114/585 3531/3113/585
f 3549/3127/585 3550/3129/585 3539/3118/585 3535/3114/585
f 3560/3140/585 3561/3139/585 3547/3126/585 3543/3125/585
f 3561/3139/585 3562/3141/585 3551/3130/585 3547/3126/585
f 3536/3116/585 3537/3115/585 3559/3138/585 3555/3137/585
f 3537/3115/585 3538/3117/585 3563/3142/585 3559/3138/585
f 3538/3117/585 3539/3118/585 3527/3143/585 3563/3142/585
f 3550/3129/585 3551/3130/585 3527/3143/585 3539/3118/585
f 3562/3141/585 3563/3142/585 3527/3143/585 3551/3130/585
f 33/2432/33 603/3144/226 3528/3107/585 763/3145/266
f 603/3144/226 604/3146/226 3529/3108/585 3528/3107/585
f 604/3146/226 605/3147/227 3530/3111/585 3529/3108/585
f 605/3147/227 606/3148/226 3531/3113/585 3530/3111/585
f 763/3145/266 3528/3107/585 3532/3110/585 762/3149/265
f 762/3149/265 3532/3110/585 3536/3116/585 761/3150/266
f 761/3150/266 3536/3116/585 3555/3137/585 760/3151/266
f 38/2904/38 602/3152/224 3540/3119/585 609/3153/227
f 602/3152/224 601/3154/225 3541/3120/585 3540/3119/585
f 601/3154/225 600/3155/224 3542/3123/585 3541/3120/585
f 600/3155/224 599/3156/224 3543/3125/585 3542/3123/585
f 609/3153/227 3540/3119/585 3544/3122/585 608/3157/227
f 608/3157/227 3544/3122/585 3548/3128/585 607/3158/227
f 607/3158/227 3548/3128/585 3531/3113/585 606/3148/226
f 40/3159/40 757/3160/263 3552/3131/585 596/3161/223
f 757/3160/263 758/3162/264 3553/3132/586 3552/3131/585
f 758/3162/264 759/3163/265 3554/3135/585 3553/3132/586
f 759/3163/265 760/3151/266 3555/3137/585 3554/3135/585
f 596/3161/223 3552/3131/585 3556/3134/586 597/3164/224
f 597/3164/224 3556/3134/586 3560/3140/585 598/3165/224
f 598/3165/224 3560/3140/585 3543/3125/585 599/3156/224
f 3565/3166/587 3566/3167/587 3570/3168/587 3569/3169/587
f 3566/3167/587 3567/3170/588 3571/3171/587 3570/3168/587
f 3567/3170/588 3568/3172/588 3572/3173/587 3571/3171/587
f 3569/3169/587 3570/3168/587 3574/3174/587 3573/3175/587
f 3570/3168/587 3571/3171/587 3575/3176/587 3574/3174/587
f 3571/3171/587 3572/3173/587 3576/3177/587 3575/3176/587
f 3577/3178/588 3578/3179/588 3582/3180/588 3581/3181/588
f 3578/3179/588 3579/3182/587 3583/3183/587 3582/3180/588
f 3579/3182/587 3580/3184/587 3584/3185/587 3583/3183/587
f 3581/3181/588 3582/3180/588 3586/3186/588 3585/3187/588
f 3582/3180/588 3583/3183/587 3587/3188/587 3586/3186/588
f 3583/3183/587 3584/3185/587 3588/3189/587 3587/3188/587
f 3589/3190/587 3590/3191/587 3594/3192/588 3593/3193/587
f 3590/3191/587 3591/3194/587 3595/3195/588 3594/3192/588
f 3591/3194/587 3592/3196/587 3596/3197/587 3595/3195/588
f 3593/3193/587 3594/3192/588 3598/3198/588 3597/3199/587
f 3594/3192/588 3595/3195/588 3599/3200/588 3598/3198/588
f 3595/3195/588 3596/3197/587 3600/3201/587 3599/3200/588
f 3585/3187/588 3586/3186/588 3572/3173/587 3568/3172/588
f 3586/3186/588 3587/3188/587 3576/3177/587 3572/3173/587
f 3597/3199/587 3598/3198/588 3584/3185/587 3580/3184/587
f 3598/3198/588 3599/3200/588 3588/3189/587 3584/3185/587
f 3573/3175/587 3574/3174/587 3596/3197/587 3592/3196/587
f 3574/3174/587 3575/3176/587 3600/3201/587 3596/3197/587
f 3575/3176/587 3576/3177/587 3564/3202/587 3600/3201/587
f 3587/3188/587 3588/3189/587 3564/3202/587 3576/3177/587
f 3599/3200/588 3600/3201/587 3564/3202/587 3588/3189/587
f 38/2904/38 616/3050/228 3565/3166/587 602/3152/224
f 616/3050/228 615/3054/228 3566/3167/587 3565/3166/587
f 615/3054/228 614/3055/228 3567/3170/588 3566/3167/587
f 614/3055/228 613/3045/228 3568/3172/588 3567/3170/588
f 602/3152/224 3565/3166/587 3569/3169/587 601/3154/225
f 601/3154/225 3569/3169/587 3573/3175/587 600/3155/224
f 600/3155/224 3573/3175/587 3592/3196/587 599/3156/224
f 41/3040/41 630/3203/232 3577/3178/588 610/3041/228
f 630/3203/232 629/3204/232 3578/3179/588 3577/3178/588
f 629/3204/232 628/3205/232 3579/3182/587 3578/3179/588
f 628/3205/232 627/3206/232 3580/3184/587 3579/3182/587
f 610/3041/228 3577/3178/588 3581/3181/588 611/3043/229
f 611/3043/229 3581/3181/588 3585/3187/588 612/3044/229
f 612/3044/229 3585/3187/588 3568/3172/588 613/3045/228
f 40/3159/40 596/3161/223 3589/3190/587 624/3207/232
f 596/3161/223 597/3164/224 3590/3191/587 3589/3190/587
f 597/3164/224 598/3165/224 3591/3194/587 3590/3191/587
f 598/3165/224 599/3156/224 3592/3196/587 3591/3194/587
f 624/3207/232 3589/3190/587 3593/3193/587 625/3208/232
f 625/3208/232 3593/3193/587 3597/3199/587 626/3209/232
f 626/3209/232 3597/3199/587 3580/3184/587 627/3206/232
f 3602/3210/590 3603/3211/589 3607/3212/591 3606/3213/591
f 3603/3211/589 3604/3214/589 3608/3215/590 3607/3212/591
f 3604/3214/589 3605/3216/589 3609/3217/590 3608/3215/590
f 3606/3213/591 3607/3212/591 3611/3218/589 3610/3219/589
f 3607/3212/591 3608/3215/590 3612/3220/589 3611/3218/589
f 3608/3215/590 3609/3217/590 3613/3221/590 3612/3220/589
f 3614/3222/590 3615/3223/590 3619/3224/591 3618/3225/590
f 3615/3223/590 3616/3226/591 3620/3227/589 3619/3224/591
f 3616/3226/591 3617/3228/589 3621/3229/591 3620/3227/589
f 3618/3225/590 3619/3224/591 3623/3230/589 3622/3231/589
f 3619/3224/591 3620/3227/589 3624/3232/589 3623/3230/589
f 3620/3227/589 3621/3229/591 3625/3233/591 3624/3232/589
f 3626/3234/590 3627/3235/590 3631/3236/590 3630/3237/590
f 3627/3235/590 3628/3238/590 3632/3239/590 3631/3236/590
f 3628/3238/590 3629/3240/589 3633/3241/589 3632/3239/590
f 3630/3237/590 3631/3236/590 3635/3242/589 3634/3243/591
f 3631/3236/590 3632/3239/590 3636/3244/590 3635/3242/589
f 3632/3239/590 3633/3241/589 3637/3245/591 3636/3244/590
f 3622/3231/589 3623/3230/589 3609/3217/590 3605/3216/589
f 3623/3230/589 3624/3232/589 3613/3221/590 3609/3217/590
f 3634/3243/591 3635/3242/589 3621/3229/591 3617/3228/589
f 3635/3242/589 3636/3244/590 3625/3233/591 3621/3229/591
f 3610/3219/589 3611/3218/589 3633/3241/589 3629/3240/589
f 3611/3218/589 3612/3220/589 3637/3245/591 3633/3241/589
f 3612/3220/589 3613/3221/590 3601/3246/589 3637/3245/591
f 3624/3232/589 3625/3233/591 3601/3246/589 3613/3221/590
f 3636/3244/590 3637/3245/591 3601/3246/589 3625/3233/591
f 38/2904/38 609/3153/227 3602/3210/590 623/2956/230
f 609/3153/227 608/3157/227 3603/3211/589 3602/3210/590
f 608/3157/227 607/3158/227 3604/3214/589 3603/3211/589
f 607/3158/227 606/3148/226 3605/3216/589 3604/3214/589
f 623/2956/230 3602/3210/590 3606/3213/591 622/2957/230
f 622/2957/230 3606/3213/591 3610/3219/589 621/2958/230
f 621/2958/230 3610/3219/589 3629/3240/589 620/2959/230
f 33/2432/33 785/2536/276 3614/3222/590 603/3144/226
f 785/2536/276 786/2537/277 3615/3223/590 3614/3222/590
f 786/2537/277 787/2538/276 3616/3226/591 3615/3223/590
f 787/2538/276 788/2539/277 3617/3228/589 3616/3226/591
f 603/3144/226 3614/3222/590 3618/3225/590 604/3146/226
f 604/3146/226 3618/3225/590 3622/3231/589 605/3147/227
f 605/3147/227 3622/3231/589 3605/3216/589 606/3148/226
f 34/2544/34 617/2961/230 3626/3234/590 791/2545/276
f 617/2961/230 618/2964/231 3627/3235/590 3626/3234/590
f 618/2964/231 619/2965/231 3628/3238/590 3627/3235/590
f 619/2965/231 620/2959/230 3629/3240/589 3628/3238/590
f 791/2545/276 3626/3234/590 3630/3237/590 790/2547/276
f 790/2547/276 3630/3237/590 3634/3243/591 789/2548/277
f 789/2548/277 3634/3243/591 3617/3228/589 788/2539/277
f 3639/3247/592 3640/3248/592 3644/3249/593 3643/3250/592
f 3640/3248/592 3641/3251/592 3645/3252/592 3644/3249/593
f 3641/3251/592 3642/3253/592 3646/3254/592 3645/3252/592
f 3643/3250/592 3644/3249/593 3648/3255/592 3647/3256/592
f 3644/3249/593 3645/3252/592 3649/3257/592 3648/3255/592
f 3645/3252/592 3646/3254/592 3650/3258/592 3649/3257/592
f 3651/3259/593 3652/3260/594 3656/3261/592 3655/3262/592
f 3652/3260/594 3653/3263/594 3657/3264/592 3656/3261/592
f 3653/3263/594 3654/3265/594 3658/3266/594 3657/3264/592
f 3655/3262/592 3656/3261/592 3660/3267/592 3659/3268/592
f 3656/3261/592 3657/3264/592 3661/3269/592 3660/3267/592
f 3657/3264/592 3658/3266/594 3662/3270/592 3661/3269/592
f 3663/3271/592 3664/3272/594 3668/3273/594 3667/3274/594
f 3664/3272/594 3665/3275/594 3669/3276/594 3668/3273/594
f 3665/3275/594 3666/3277/592 3670/3278/592 3669/3276/594
f 3667/3274/594 3668/3273/594 3672/3279/594 3671/3280/595
f 3668/3273/594 3669/3276/594 3673/3281/592 3672/3279/594
f 3669/3276/594 3670/3278/592 3674/3282/592 3673/3281/592
f 3659/3268/592 3660/3267/592 3646/3254/592 3642/3253/592
f 3660/3267/592 3661/3269/592 3650/3258/592 3646/3254/592
f 3671/3280/595 3672/3279/594 3658/3266/594 3654/3265/594
f 3672/3279/594 3673/3281/592 3662/3270/592 3658/3266/594
f 3647/3256/592 3648/3255/592 3670/3278/592 3666/3277/592
f 3648/3255/592 3649/3257/592 3674/3282/592 3670/3278/592
f 3649/3257/592 3650/3258/592 3638/3283/592 3674/3282/592
f 3661/3269/592 3662/3270/592 3638/3283/592 3650/3258/592
f 3673/3281/592 3674/3282/592 3638/3283/592 3662/3270/592
f 42/3284/42 638/3285/235 3639/3247/592 932/3286/318
f 638/3285/235 639/3287/236 3640/3248/592 3639/3247/592
f 639/3287/236 640/3288/237 3641/3251/592 3640/3248/592
f 640/3288/237 641/3289/236 3642/3253/592 3641/3251/592
f 932/3286/318 3639/3247/592 3643/3250/592 933/3290/318
f 933/3290/318 3643/3250/592 3647/3256/592 934/3291/318
f 934/3291/318 3647/3256/592 3666/3277/592 935/3292/319
f 41/3040/41 917/3293/314 3651/3259/593 644/3294/238
f 917/3293/314 916/3295/314 3652/3260/594 3651/3259/593
f 916/3295/314 915/3296/314 3653/3263/594 3652/3260/594
f 915/3296/314 914/3297/314 3654/3265/594 3653/3263/594
f 644/3294/238 3651/3259/593 3655/3262/592 643/3298/235
f 643/3298/235 3655/3262/592 3659/3268/592 642/3299/237
f 642/3299/237 3659/3268/592 3642/3253/592 641/3289/236
f 7/3300/7 938/3301/320 3663/3271/592 911/3302/314
f 938/3301/320 937/3303/320 3664/3272/594 3663/3271/592
f 937/3303/320 936/3304/320 3665/3275/594 3664/3272/594
f 936/3304/320 935/3292/319 3666/3277/592 3665/3275/594
f 911/3302/314 3663/3271/592 3667/3274/594 912/3305/314
f 912/3305/314 3667/3274/594 3671/3280/595 913/3306/314
f 913/3306/314 3671/3280/595 3654/3265/594 914/3297/314
f 3676/3307/597 3677/3308/596 3681/3309/598 3680/3310/597
f 3677/3308/596 3678/3311/598 3682/3312/599 3681/3309/598
f 3678/3311/598 3679/3313/597 3683/3314/596 3682/3312/599
f 3680/3310/597 3681/3309/598 3685/3315/598 3684/3316/598
f 3681/3309/598 3682/3312/599 3686/3317/598 3685/3315/598
f 3682/3312/599 3683/3314/596 3687/3318/596 3686/3317/598
f 3688/3319/598 3689/3320/598 3693/3321/599 3692/3322/598
f 3689/3320/598 3690/3323/598 3694/3324/599 3693/3321/599
f 3690/3323/598 3691/3325/598 3695/3326/598 3694/3324/599
f 3692/3322/598 3693/3321/599 3697/3327/598 3696/3328/597
f 3693/3321/599 3694/3324/599 3698/3329/598 3697/3327/598
f 3694/3324/599 3695/3326/598 3699/3330/598 3698/3329/598
f 3700/3331/597 3701/3332/599 3705/3333/598 3704/3334/598
f 3701/3332/599 3702/3335/598 3706/3336/597 3705/3333/598
f 3702/3335/598 3703/3337/598 3707/3338/599 3706/3336/597
f 3704/3334/598 3705/3333/598 3709/3339/596 3708/3340/598
f 3705/3333/598 3706/3336/597 3710/3341/596 3709/3339/596
f 3706/3336/597 3707/3338/599 3711/3342/596 3710/3341/596
f 3696/3328/597 3697/3327/598 3683/3314/596 3679/3313/597
f 3697/3327/598 3698/3329/598 3687/3318/596 3683/3314/596
f 3708/3340/598 3709/3339/596 3695/3326/598 3691/3325/598
f 3709/3339/596 3710/3341/596 3699/3330/598 3695/3326/598
f 3684/3316/598 3685/3315/598 3707/3338/599 3703/3337/598
f 3685/3315/598 3686/3317/598 3711/3342/596 3707/3338/599
f 3686/3317/598 3687/3318/596 3675/3343/596 3711/3342/596
f 3698/3329/598 3699/3330/598 3675/3343/596 3687/3318/596
f 3710/3341/596 3711/3342/596 3675/3343/596 3699/3330/598
f 7/3300/7 911/3302/314 3676/3307/597 127/3344/73
f 911/3302/314 912/3305/314 3677/3308/596 3676/3307/597
f 912/3305/314 913/3306/314 3678/3311/598 3677/3308/596
f 913/3306/314 914/3297/314 3679/3313/597 3678/3311/598
f 127/3344/73 3676/3307/597 3680/3310/597 128/3345/73
f 128/3345/73 3680/3310/597 3684/3316/598 129/3346/74
f 129/3346/74 3684/3316/598 3703/3337/598 130/3347/73
f 41/3040/41 918/3348/315 3688/3319/598 917/3293/314
f 918/3348/315 919/3349/316 3689/3320/598 3688/3319/598
f 919/3349/316 920/3350/315 3690/3323/598 3689/3320/598
f 920/3350/315 921/3351/315 3691/3325/598 3690/3323/598
f 917/3293/314 3688/3319/598 3692/3322/598 916/3295/314
f 916/3295/314 3692/3322/598 3696/3328/597 915/3296/314
f 915/3296/314 3696/3328/597 3679/3313/597 914/3297/314
f 9/3352/9 133/3353/74 3700/3331/597 924/3354/315
f 133/3353/74 132/3355/73 3701/3332/599 3700/3331/597
f 132/3355/73 131/3356/75 3702/3335/598 3701/3332/599
f 131/3356/75 130/3347/73 3703/3337/598 3702/3335/598
f 924/3354/315 3700/3331/597 3704/3334/598 923/3357/315
f 923/3357/315 3704/3334/598 3708/3340/598 922/3358/315
f 922/3358/315 3708/3340/598 3691/3325/598 921/3351/315
f 3713/3359/601 3714/3360/601 3718/3361/601 3717/3362/601
f 3714/3360/601 3715/3363/601 3719/3364/600 3718/3361/601
f 3715/3363/601 3716/3365/601 3720/3366/601 3719/3364/600
f 3717/3362/601 3718/3361/601 3722/3367/600 3721/3368/601
f 3718/3361/601 3719/3364/600 3723/3369/600 3722/3367/600
f 3719/3364/600 3720/3366/601 3724/3370/600 3723/3369/600
f 3725/3371/601 3726/3372/601 3730/3373/600 3729/3374/601
f 3726/3372/601 3727/3375/600 3731/3376/601 3730/3373/600
f 3727/3375/600 3728/3377/601 3732/3378/601 3731/3376/601
f 3729/3374/601 3730/3373/600 3734/3379/601 3733/3380/601
f 3730/3373/600 3731/3376/601 3735/3381/601 3734/3379/601
f 3731/3376/601 3732/3378/601 3736/3382/601 3735/3381/601
f 3737/3383/601 3738/3384/600 3742/3385/600 3741/3386/601
f 3738/3384/600 3739/3387/600 3743/3388/600 3742/3385/600
f 3739/3387/600 3740/3389/601 3744/3390/600 3743/3388/600
f 3741/3386/601 3742/3385/600 3746/3391/600 3745/3392/601
f 3742/3385/600 3743/3388/600 3747/3393/601 3746/3391/600
f 3743/3388/600 3744/3390/600 3748/3394/600 3747/3393/601
f 3733/3380/601 3734/3379/601 3720/3366/601 3716/3365/601
f 3734/3379/601 3735/3381/601 3724/3370/600 3720/3366/601
f 3745/3392/601 3746/3391/600 3732/3378/601 3728/3377/601
f 3746/3391/600 3747/3393/601 3736/3382/601 3732/3378/601
f 3721/3368/601 3722/3367/600 3744/3390/600 3740/3389/601
f 3722/3367/600 3723/3369/600 3748/3394/600 3744/3390/600
f 3723/3369/600 3724/3370/600 3712/3395/600 3748/3394/600
f 3735/3381/601 3736/3382/601 3712/3395/600 3724/3370/600
f 3747/3393/601 3748/3394/600 3712/3395/600 3736/3382/601
f 42/3284/42 659/3396/243 3713/3359/601 638/3285/235
f 659/3396/243 660/3397/243 3714/3360/601 3713/3359/601
f 660/3397/243 661/3398/243 3715/3363/601 3714/3360/601
f 661/3398/243 662/3399/243 3716/3365/601 3715/3363/601
f 638/3285/235 3713/3359/601 3717/3362/601 639/3287/236
f 639/3287/236 3717/3362/601 3721/3368/601 640/3288/237
f 640/3288/237 3721/3368/601 3740/3389/601 641/3289/236
f 40/3159/40 624/3207/232 3725/3371/601 665/3400/243
f 624/3207/232 625/3208/232 3726/3372/601 3725/3371/601
f 625/3208/232 626/3209/232 3727/3375/600 3726/3372/601
f 626/3209/232 627/3206/232 3728/3377/601 3727/3375/600
f 665/3400/243 3725/3371/601 3729/3374/601 664/3401/243
f 664/3401/243 3729/3374/601 3733/3380/601 663/3402/243
f 663/3402/243 3733/3380/601 3716/3365/601 662/3399/243
f 41/3040/41 644/3294/238 3737/3383/601 630/3203/232
f 644/3294/238 643/3298/235 3738/3384/600 3737/3383/601
f 643/3298/235 642/3299/237 3739/3387/600 3738/3384/600
f 642/3299/237 641/3289/236 3740/3389/601 3739/3387/600
f 630/3203/232 3737/3383/601 3741/3386/601 629/3204/232
f 629/3204/232 3741/3386/601 3745/3392/601 628/3205/232
f 628/3205/232 3745/3392/601 3728/3377/601 627/3206/232
f 3750/3403/603 3751/3404/603 3755/3405/606 3754/3406/605
f 3751/3404/603 3752/3407/604 3756/3408/604 3755/3405/606
f 3752/3407/604 3753/3409/604 3757/3410/603 3756/3408/604
f 3754/3406/605 3755/3405/606 3759/3411/607 3758/3412/605
f 3755/3405/606 3756/3408/604 3760/3413/605 3759/3411/607
f 3756/3408/604 3757/3410/603 3761/3414/605 3760/3413/605
f 3762/3415/603 3763/3416/603 3767/3417/603 3766/3418/605
f 3763/3416/603 3764/3419/603 3768/3420/607 3767/3417/603
f 3764/3419/603 3765/3421/605 3769/3422/605 3768/3420/607
f 3766/3418/605 3767/3417/603 3771/3423/603 3770/3424/603
f 3767/3417/603 3768/3420/607 3772/3425/605 3771/3423/603
f 3768/3420/607 3769/3422/605 3773/3426/603 3772/3425/605
f 3774/3427/607 3775/3428/607 3779/3429/603 3778/3430/607
f 3775/3428/607 3776/3431/607 3780/3432/603 3779/3429/603
f 3776/3431/607 3777/3433/605 3781/3434/607 3780/3432/603
f 3778/3430/607 3779/3429/603 3783/3435/605 3782/3436/605
f 3779/3429/603 3780/3432/603 3784/3437/605 3783/3435/605
f 3780/3432/603 3781/3434/607 3785/3438/605 3784/3437/605
f 3770/3424/603 3771/3423/603 3757/3410/603 3753/3409/604
f 3771/3423/603 3772/3425/605 3761/3414/605 3757/3410/603
f 3782/3436/605 3783/3435/605 3769/3422/605 3765/3421/605
f 3783/3435/605 3784/3437/605 3773/3426/603 3769/3422/605
f 3758/3412/605 3759/3411/607 3781/3434/607 3777/3433/605
f 3759/3411/607 3760/3413/605 3785/3438/605 3781/3434/607
f 3760/3413/605 3761/3414/605 3749/3439/602 3785/3438/605
f 3772/3425/605 3773/3426/603 3749/3439/602 3761/3414/605
f 3784/3437/605 3785/3438/605 3749/3439/602 3773/3426/603
f 41/3040/41 631/3042/233 3750/3403/603 918/3348/315
f 631/3042/233 632/3046/233 3751/3404/603 3750/3403/603
f 632/3046/233 633/3047/234 3752/3407/604 3751/3404/603
f 633/3047/234 634/3048/233 3753/3409/604 3752/3407/604
f 918/3348/315 3750/3403/603 3754/3406/605 919/3349/316
f 919/3349/316 3754/3406/605 3758/3412/605 920/3350/315
f 920/3350/315 3758/3412/605 3777/3433/605 921/3351/315
f 39/3056/39 987/3440/332 3762/3415/603 637/3057/234
f 987/3440/332 986/3441/333 3763/3416/603 3762/3415/603
f 986/3441/333 985/3442/332 3764/3419/603 3763/3416/603
f 985/3442/332 984/3443/332 3765/3421/605 3764/3419/603
f 637/3057/234 3762/3415/603 3766/3418/605 636/3059/233
f 636/3059/233 3766/3418/605 3770/3424/603 635/3060/233
f 635/3060/233 3770/3424/603 3753/3409/604 634/3048/233
f 9/3352/9 924/3354/315 3774/3427/607 981/3444/332
f 924/3354/315 923/3357/315 3775/3428/607 3774/3427/607
f 923/3357/315 922/3358/315 3776/3431/607 3775/3428/607
f 922/3358/315 921/3351/315 3777/3433/605 3776/3431/607
f 981/3444/332 3774/3427/607 3778/3430/607 982/3445/332
f 982/3445/332 3778/3430/607 3782/3436/605 983/3446/333
f 983/3446/333 3782/3436/605 3765/3421/605 984/3443/332
f 3787/3447/608 3788/3448/609 3792/3449/609 3791/3450/608
f 3788/3448/609 3789/3451/608 3793/3452/608 3792/3449/609
f 3789/3451/608 3790/3453/608 3794/3454/610 3793/3452/608
f 3791/3450/608 3792/3449/609 3796/3455/608 3795/3456/608
f 3792/3449/609 3793/3452/608 3797/3457/608 3796/3455/608
f 3793/3452/608 3794/3454/610 3798/3458/608 3797/3457/608
f 3799/3459/608 3800/3460/608 3804/3461/608 3803/3462/608
f 3800/3460/608 3801/3463/611 3805/3464/608 3804/3461/608
f 3801/3463/611 3802/3465/611 3806/3466/608 3805/3464/608
f 3803/3462/608 3804/3461/608 3808/3467/610 3807/3468/608
f 3804/3461/608 3805/3464/608 3809/3469/610 3808/3467/610
f 3805/3464/608 3806/3466/608 3810/3470/610 3809/3469/610
f 3811/3471/608 3812/3472/608 3816/3473/608 3815/3474/608
f 3812/3472/608 3813/3475/609 3817/3476/608 3816/3473/608
f 3813/3475/609 3814/3477/609 3818/3478/608 3817/3476/608
f 3815/3474/608 3816/3473/608 3820/3479/608 3819/3480/608
f 3816/3473/608 3817/3476/608 3821/3481/608 3820/3479/608
f 3817/3476/608 3818/3478/608 3822/3482/608 3821/3481/608
f 3807/3468/608 3808/3467/610 3794/3454/610 3790/3453/608
f 3808/3467/610 3809/3469/610 3798/3458/608 3794/3454/610
f 3819/3480/608 3820/3479/608 3806/3466/608 3802/3465/611
f 3820/3479/608 3821/3481/608 3810/3470/610 3806/3466/608
f 3795/3456/608 3796/3455/608 3818/3478/608 3814/3477/609
f 3796/3455/608 3797/3457/608 3822/3482/608 3818/3478/608
f 3797/3457/608 3798/3458/608 3786/3483/608 3822/3482/608
f 3809/3469/610 3810/3470/610 3786/3483/608 3798/3458/608
f 3821/3481/608 3822/3482/608 3786/3483/608 3810/3470/610
f 43/3484/43 645/3485/239 3787/3447/608 974/3486/331
f 645/3485/239 646/3487/239 3788/3448/609 3787/3447/608
f 646/3487/239 647/3488/240 3789/3451/608 3788/3448/609
f 647/3488/240 648/3489/240 3790/3453/608 3789/3451/608
f 974/3486/331 3787/3447/608 3791/3450/608 975/3490/331
f 975/3490/331 3791/3450/608 3795/3456/608 976/3491/331
f 976/3491/331 3795/3456/608 3814/3477/609 977/3492/331
f 42/3284/42 931/3493/317 3799/3459/608 651/3494/239
f 931/3493/317 930/3495/317 3800/3460/608 3799/3459/608
f 930/3495/317 929/3496/317 3801/3463/611 3800/3460/608
f 929/3496/317 928/3497/317 3802/3465/611 3801/3463/611
f 651/3494/239 3799/3459/608 3803/3462/608 650/3498/239
f 650/3498/239 3803/3462/608 3807/3468/608 649/3499/241
f 649/3499/241 3807/3468/608 3790/3453/608 648/3489/240
f 5/3500/5 980/3501/331 3811/3471/608 925/3502/317
f 980/3501/331 979/3503/331 3812/3472/608 3811/3471/608
f 979/3503/331 978/3504/331 3813/3475/609 3812/3472/608
f 978/3504/331 977/3492/331 3814/3477/609 3813/3475/609
f 925/3502/317 3811/3471/608 3815/3474/608 926/3505/317
f 926/3505/317 3815/3474/608 3819/3480/608 927/3506/317
f 927/3506/317 3819/3480/608 3802/3465/611 928/3497/317
f 3824/3507/612 3825/3508/612 3829/3509/612 3828/3510/612
f 3825/3508/612 3826/3511/612 3830/3512/612 3829/3509/612
f 3826/3511/612 3827/3513/612 3831/3514/612 3830/3512/612
f 3828/3510/612 3829/3509/612 3833/3515/613 3832/3516/612
f 3829/3509/612 3830/3512/612 3834/3517/613 3833/3515/613
f 3830/3512/612 3831/3514/612 3835/3518/612 3834/3517/613
f 3836/3519/613 3837/3520/613 3841/3521/613 3840/3522/612
f 3837/3520/613 3838/3523/612 3842/3524/613 3841/3521/613
f 3838/3523/612 3839/3525/612 3843/3526/612 3842/3524/613
f 3840/3522/612 3841/3521/613 3845/3527/613 3844/3528/612
f 3841/3521/613 3842/3524/613 3846/3529/613 3845/3527/613
f 3842/3524/613 3843/3526/612 3847/3530/612 3846/3529/613
f 3848/3531/612 3849/3532/613 3853/3533/612 3852/3534/612
f 3849/3532/613 3850/3535/612 3854/3536/612 3853/3533/612
f 3850/3535/612 3851/3537/612 3855/3538/613 3854/3536/612
f 3852/3534/612 3853/3533/612 3857/3539/612 3856/3540/612
f 3853/3533/612 3854/3536/612 3858/3541/612 3857/3539/612
f 3854/3536/612 3855/3538/613 3859/3542/613 3858/3541/612
f 3844/3528/612 3845/3527/613 3831/3514/612 3827/3513/612
f 3845/3527/613 3846/3529/613 3835/3518/612 3831/3514/612
f 3856/3540/612 3857/3539/612 3843/3526/612 3839/3525/612
f 3857/3539/612 3858/3541/612 3847/3530/612 3843/3526/612
f 3832/3516/612 3833/3515/613 3855/3538/613 3851/3537/612
f 3833/3515/613 3834/3517/613 3859/3542/613 3855/3538/613
f 3834/3517/613 3835/3518/612 3823/3543/612 3859/3542/613
f 3846/3529/613 3847/3530/612 3823/3543/612 3835/3518/612
f 3858/3541/612 3859/3542/613 3823/3543/612 3847/3530/612
f 43/3484/43 673/3544/246 3824/3507/612 645/3485/239
f 673/3544/246 674/3545/246 3825/3508/612 3824/3507/612
f 674/3545/246 675/3546/246 3826/3511/612 3825/3508/612
f 675/3546/246 676/3547/246 3827/3513/612 3826/3511/612
f 645/3485/239 3824/3507/612 3828/3510/612 646/3487/239
f 646/3487/239 3828/3510/612 3832/3516/612 647/3488/240
f 647/3488/240 3832/3516/612 3851/3537/612 648/3489/240
f 44/3548/44 652/3549/242 3836/3519/613 679/3550/246
f 652/3549/242 653/3551/242 3837/3520/613 3836/3519/613
f 653/3551/242 654/3552/242 3838/3523/612 3837/3520/613
f 654/3552/242 655/3553/242 3839/3525/612 3838/3523/612
f 679/3550/246 3836/3519/613 3840/3522/612 678/3554/246
f 678/3554/246 3840/3522/612 3844/3528/612 677/3555/246
f 677/3555/246 3844/3528/612 3827/3513/612 676/3547/246
f 42/3284/42 651/3494/239 3848/3531/612 658/3556/242
f 651/3494/239 650/3498/239 3849/3532/613 3848/3531/612
f 650/3498/239 649/3499/241 3850/3535/612 3849/3532/613
f 649/3499/241 648/3489/240 3851/3537/612 3850/3535/612
f 658/3556/242 3848/3531/612 3852/3534/612 657/3557/242
f 657/3557/242 3852/3534/612 3856/3540/612 656/3558/242
f 656/3558/242 3856/3540/612 3839/3525/612 655/3553/242
f 3861/3559/615 3862/3560/615 3866/3561/615 3865/3562/615
f 3862/3560/615 3863/3563/616 3867/3564/616 3866/3561/615
f 3863/3563/616 3864/3565/615 3868/3566/617 3867/3564/616
f 3865/3562/615 3866/3561/615 3870/3567/615 3869/3568/615
f 3866/3561/615 3867/3564/616 3871/3569/614 3870/3567/615
f 3867/3564/616 3868/3566/617 3872/3570/615 3871/3569/614
f 3873/3571/615 3874/3572/615 3878/3573/615 3877/3574/614
f 3874/3572/615 3875/3575/616 3879/3576/616 3878/3573/615
f 3875/3575/616 3876/3577/618 3880/3578/616 3879/3576/616
f 3877/3574/614 3878/3573/615 3882/3579/615 3881/3580/615
f 3878/3573/615 3879/3576/616 3883/3581/615 3882/3579/615
f 3879/3576/616 3880/3578/616 3884/3582/615 3883/3581/615
f 3885/3583/614 3886/3584/614 3890/3585/616 3889/3586/615
f 3886/3584/614 3887/3587/618 3891/3588/617 3890/3585/616
f 3887/3587/618 3888/3589/616 3892/3590/615 3891/3588/617
f 3889/3586/615 3890/3585/616 3894/3591/616 3893/3592/615
f 3890/3585/616 3891/3588/617 3895/3593/615 3894/3591/616
f 3891/3588/617 3892/3590/615 3896/3594/615 3895/3593/615
f 3881/3580/615 3882/3579/615 3868/3566/617 3864/3565/615
f 3882/3579/615 3883/3581/615 3872/3570/615 3868/3566/617
f 3893/3592/615 3894/3591/616 3880/3578/616 3876/3577/618
f 3894/3591/616 3895/3593/615 3884/3582/615 3880/3578/616
f 3869/3568/615 3870/3567/615 3892/3590/615 3888/3589/616
f 3870/3567/615 3871/3569/614 3896/3594/615 3892/3590/615
f 3871/3569/614 3872/3570/615 3860/3595/614 3896/3594/615
f 3883/3581/615 3884/3582/615 3860/3595/614 3872/3570/615
f 3895/3593/615 3896/3594/615 3860/3595/614 3884/3582/615
f 5/3500/5 925/3502/317 3861/3559/615 106/3596/68
f 925/3502/317 926/3505/317 3862/3560/615 3861/3559/615
f 926/3505/317 927/3506/317 3863/3563/616 3862/3560/615
f 927/3506/317 928/3497/317 3864/3565/615 3863/3563/616
f 106/3596/68 3861/3559/615 3865/3562/615 107/3597/68
f 107/3597/68 3865/3562/615 3869/3568/615 108/3598/68
f 108/3598/68 3869/3568/615 3888/3589/616 109/3599/68
f 42/3284/42 932/3286/318 3873/3571/615 931/3493/317
f 932/3286/318 933/3290/318 3874/3572/615 3873/3571/615
f 933/3290/318 934/3291/318 3875/3575/616 3874/3572/615
f 934/3291/318 935/3292/319 3876/3577/618 3875/3575/616
f 931/3493/317 3873/3571/615 3877/3574/614 930/3495/317
f 930/3495/317 3877/3574/614 3881/3580/615 929/3496/317
f 929/3496/317 3881/3580/615 3864/3565/615 928/3497/317
f 7/3300/7 112/3600/68 3885/3583/614 938/3301/320
f 112/3600/68 111/3601/69 3886/3584/614 3885/3583/614
f 111/3601/69 110/3602/68 3887/3587/618 3886/3584/614
f 110/3602/68 109/3599/68 3888/3589/616 3887/3587/618
f 938/3301/320 3885/3583/614 3889/3586/615 937/3303/320
f 937/3303/320 3889/3586/615 3893/3592/615 936/3304/320
f 936/3304/320 3893/3592/615 3876/3577/618 935/3292/319
f 3898/3603/619 3899/3604/619 3903/3605/619 3902/3606/619
f 3899/3604/619 3900/3607/619 3904/3608/619 3903/3605/619
f 3900/3607/619 3901/3609/619 3905/3610/619 3904/3608/619
f 3902/3606/619 3903/3605/619 3907/3611/620 3906/3612/619
f 3903/3605/619 3904/3608/619 3908/3613/619 3907/3611/620
f 3904/3608/619 3905/3610/619 3909/3614/619 3908/3613/619
f 3910/3615/619 3911/3616/621 3915/3617/619 3914/3618/622
f 3911/3616/621 3912/3619/621 3916/3620/619 3915/3617/619
f 3912/3619/621 3913/3621/619 3917/3622/619 3916/3620/619
f 3914/3618/622 3915/3617/619 3919/3623/619 3918/3624/619
f 3915/3617/619 3916/3620/619 3920/3625/619 3919/3623/619
f 3916/3620/619 3917/3622/619 3921/3626/619 3920/3625/619
f 3922/3627/619 3923/3628/619 3927/3629/620 3926/3630/619
f 3923/3628/619 3924/3631/619 3928/3632/619 3927/3629/620
f 3924/3631/619 3925/3633/619 3929/3634/619 3928/3632/619
f 3926/3630/619 3927/3629/620 3931/3635/622 3930/3636/619
f 3927/3629/620 3928/3632/619 3932/3637/622 3931/3635/622
f 3928/3632/619 3929/3634/619 3933/3638/620 3932/3637/622
f 3918/3624/619 3919/3623/619 3905/3610/619 3901/3609/619
f 3919/3623/619 3920/3625/619 3909/3614/619 3905/3610/619
f 3930/3636/619 3931/3635/622 3917/3622/619 3913/3621/619
f 3931/3635/622 3932/3637/622 3921/3626/619 3917/3622/619
f 3906/3612/619 3907/3611/620 3929/3634/619 3925/3633/619
f 3907/3611/620 3908/3613/619 3933/3638/620 3929/3634/619
f 3908/3613/619 3909/3614/619 3897/3639/619 3933/3638/620
f 3920/3625/619 3921/3626/619 3897/3639/619 3909/3614/619
f 3932/3637/622 3933/3638/620 3897/3639/619 3921/3626/619
f 40/3159/40 665/3400/243 3898/3603/619 693/3640/248
f 665/3400/243 664/3401/243 3899/3604/619 3898/3603/619
f 664/3401/243 663/3402/243 3900/3607/619 3899/3604/619
f 663/3402/243 662/3399/243 3901/3609/619 3900/3607/619
f 693/3640/248 3898/3603/619 3902/3606/619 692/3641/249
f 692/3641/249 3902/3606/619 3906/3612/619 691/3642/248
f 691/3642/248 3906/3612/619 3925/3633/619 690/3643/248
f 42/3284/42 658/3556/242 3910/3615/619 659/3396/243
f 658/3556/242 657/3557/242 3911/3616/621 3910/3615/619
f 657/3557/242 656/3558/242 3912/3619/621 3911/3616/621
f 656/3558/242 655/3553/242 3913/3621/619 3912/3619/621
f 659/3396/243 3910/3615/619 3914/3618/622 660/3397/243
f 660/3397/243 3914/3618/622 3918/3624/619 661/3398/243
f 661/3398/243 3918/3624/619 3901/3609/619 662/3399/243
f 44/3548/44 687/3644/248 3922/3627/619 652/3549/242
f 687/3644/248 688/3645/248 3923/3628/619 3922/3627/619
f 688/3645/248 689/3646/248 3924/3631/619 3923/3628/619
f 689/3646/248 690/3643/248 3925/3633/619 3924/3631/619
f 652/3549/242 3922/3627/619 3926/3630/619 653/3551/242
f 653/3551/242 3926/3630/619 3930/3636/619 654/3552/242
f 654/3552/242 3930/3636/619 3913/3621/619 655/3553/242
f 3935/3647/623 3936/3648/623 3940/3649/623 3939/3650/623
f 3936/3648/623 3937/3651/623 3941/3652/623 3940/3649/623
f 3937/3651/623 3938/3653/623 3942/3654/623 3941/3652/623
f 3939/3650/623 3940/3649/623 3944/3655/623 3943/3656/623
f 3940/3649/623 3941/3652/623 3945/3657/623 3944/3655/623
f 3941/3652/623 3942/3654/623 3946/3658/623 3945/3657/623
f 3947/3659/624 3948/3660/623 3952/3661/623 3951/3662/623
f 3948/3660/623 3949/3663/623 3953/3664/623 3952/3661/623
f 3949/3663/623 3950/3665/623 3954/3666/623 3953/3664/623
f 3951/3662/623 3952/3661/623 3956/3667/623 3955/3668/623
f 3952/3661/623 3953/3664/623 3957/3669/623 3956/3667/623
f 3953/3664/623 3954/3666/623 3958/3670/623 3957/3669/623
f 3959/3671/623 3960/3672/623 3964/3673/623 3963/3674/623
f 3960/3672/623 3961/3675/623 3965/3676/623 3964/3673/623
f 3961/3675/623 3962/3677/623 3966/3678/623 3965/3676/623
f 3963/3674/623 3964/3673/623 3968/3679/623 3967/3680/623
f 3964/3673/623 3965/3676/623 3969/3681/623 3968/3679/623
f 3965/3676/623 3966/3678/623 3970/3682/623 3969/3681/623
f 3955/3668/623 3956/3667/623 3942/3654/623 3938/3653/623
f 3956/3667/623 3957/3669/623 3946/3658/623 3942/3654/623
f 3967/3680/623 3968/3679/623 3954/3666/623 3950/3665/623
f 3968/3679/623 3969/3681/623 3958/3670/623 3954/3666/623
f 3943/3656/623 3944/3655/623 3966/3678/623 3962/3677/623
f 3944/3655/623 3945/3657/623 3970/3682/623 3966/3678/623
f 3945/3657/623 3946/3658/623 3934/3683/623 3970/3682/623
f 3957/3669/623 3958/3670/623 3934/3683/623 3946/3658/623
f 3969/3681/623 3970/3682/623 3934/3683/623 3958/3670/623
f 44/3548/44 679/3550/246 3935/3647/623 672/3684/245
f 679/3550/246 678/3554/246 3936/3648/623 3935/3647/623
f 678/3554/246 677/3555/246 3937/3651/623 3936/3648/623
f 677/3555/246 676/3547/246 3938/3653/623 3937/3651/623
f 672/3684/245 3935/3647/623 3939/3650/623 671/3685/245
f 671/3685/245 3939/3650/623 3943/3656/623 670/3686/245
f 670/3686/245 3943/3656/623 3962/3677/623 669/3687/245
f 43/3484/43 707/3688/251 3947/3659/624 673/3544/246
f 707/3688/251 706/3689/251 3948/3660/623 3947/3659/624
f 706/3689/251 705/3690/251 3949/3663/623 3948/3660/623
f 705/3690/251 704/3691/251 3950/3665/623 3949/3663/623
f 673/3544/246 3947/3659/624 3951/3662/623 674/3545/246
f 674/3545/246 3951/3662/623 3955/3668/623 675/3546/246
f 675/3546/246 3955/3668/623 3938/3653/623 676/3547/246
f 45/3692/45 666/3693/244 3959/3671/623 701/3694/251
f 666/3693/244 667/3695/245 3960/3672/623 3959/3671/623
f 667/3695/245 668/3696/244 3961/3675/623 3960/3672/623
f 668/3696/244 669/3687/245 3962/3677/623 3961/3675/623
f 701/3694/251 3959/3671/623 3963/3674/623 702/3697/251
f 702/3697/251 3963/3674/623 3967/3680/623 703/3698/251
f 703/3698/251 3967/3680/623 3950/3665/623 704/3691/251
f 3972/3699/625 3973/3700/625 3977/3701/625 3976/3702/625
f 3973/3700/625 3974/3703/625 3978/3704/625 3977/3701/625
f 3974/3703/625 3975/3705/625 3979/3706/625 3978/3704/625
f 3976/3702/625 3977/3701/625 3981/3707/625 3980/3708/625
f 3977/3701/625 3978/3704/625 3982/3709/625 3981/3707/625
f 3978/3704/625 3979/3706/625 3983/3710/625 3982/3709/625
f 3984/3711/625 3985/3712/625 3989/3713/625 3988/3714/625
f 3985/3712/625 3986/3715/625 3990/3716/625 3989/3713/625
f 3986/3715/625 3987/3717/625 3991/3718/625 3990/3716/625
f 3988/3714/625 3989/3713/625 3993/3719/625 3992/3720/625
f 3989/3713/625 3990/3716/625 3994/3721/625 3993/3719/625
f 3990/3716/625 3991/3718/625 3995/3722/626 3994/3721/625
f 3996/3723/625 3997/3724/625 4001/3725/625 4000/3726/625
f 3997/3724/625 3998/3727/625 4002/3728/625 4001/3725/625
f 3998/3727/625 3999/3729/625 4003/3730/625 4002/3728/625
f 4000/3726/625 4001/3725/625 4005/3731/625 4004/3732/625
f 4001/3725/625 4002/3728/625 4006/3733/625 4005/3731/625
f 4002/3728/625 4003/3730/625 4007/3734/625 4006/3733/625
f 3992/3720/625 3993/3719/625 3979/3706/625 3975/3705/625
f 3993/3719/625 3994/3721/625 3983/3710/625 3979/3706/625
f 4004/3732/625 4005/3731/625 3991/3718/625 3987/3717/625
f 4005/3731/625 4006/3733/625 3995/3722/626 3991/3718/625
f 3980/3708/625 3981/3707/625 4003/3730/625 3999/3729/625
f 3981/3707/625 3982/3709/625 4007/3734/625 4003/3730/625
f 3982/3709/625 3983/3710/625 3971/3735/625 4007/3734/625
f 3994/3721/625 3995/3722/626 3971/3735/625 3983/3710/625
f 4006/3733/625 4007/3734/625 3971/3735/625 3995/3722/626
f 45/3692/45 708/3736/252 3972/3699/625 666/3693/244
f 708/3736/252 709/3737/252 3973/3700/625 3972/3699/625
f 709/3737/252 710/3738/252 3974/3703/625 3973/3700/625
f 710/3738/252 711/3739/252 3975/3705/625 3974/3703/625
f 666/3693/244 3972/3699/625 3976/3702/625 667/3695/245
f 667/3695/245 3976/3702/625 3980/3708/625 668/3696/244
f 668/3696/244 3980/3708/625 3999/3729/625 669/3687/245
f 32/2332/32 680/3740/247 3984/3711/625 714/3741/252
f 680/3740/247 681/3742/247 3985/3712/625 3984/3711/625
f 681/3742/247 682/3743/247 3986/3715/625 3985/3712/625
f 682/3743/247 683/3744/247 3987/3717/625 3986/3715/625
f 714/3741/252 3984/3711/625 3988/3714/625 713/3745/252
f 713/3745/252 3988/3714/625 3992/3720/625 712/3746/252
f 712/3746/252 3992/3720/625 3975/3705/625 711/3739/252
f 44/3548/44 672/3684/245 3996/3723/625 686/3747/247
f 672/3684/245 671/3685/245 3997/3724/625 3996/3723/625
f 671/3685/245 670/3686/245 3998/3727/625 3997/3724/625
f 670/3686/245 669/3687/245 3999/3729/625 3998/3727/625
f 686/3747/247 3996/3723/625 4000/3726/625 685/3748/247
f 685/3748/247 4000/3726/625 4004/3732/625 684/3749/247
f 684/3749/247 4004/3732/625 3987/3717/625 683/3744/247
f 4009/3750/627 4010/3751/627 4014/3752/627 4013/3753/627
f 4010/3751/627 4011/3754/627 4015/3755/627 4014/3752/627
f 4011/3754/627 4012/3756/627 4016/3757/627 4015/3755/627
f 4013/3753/627 4014/3752/627 4018/3758/627 4017/3759/627
f 4014/3752/627 4015/3755/627 4019/3760/627 4018/3758/627
f 4015/3755/627 4016/3757/627 4020/3761/627 4019/3760/627
f 4021/3762/627 4022/3763/627 4026/3764/627 4025/3765/627
f 4022/3763/627 4023/3766/627 4027/3767/627 4026/3764/627
f 4023/3766/627 4024/3768/627 4028/3769/627 4027/3767/627
f 4025/3765/627 4026/3764/627 4030/3770/627 4029/3771/627
f 4026/3764/627 4027/3767/627 4031/3772/627 4030/3770/627
f 4027/3767/627 4028/3769/627 4032/3773/627 4031/3772/627
f 4033/3774/627 4034/3775/627 4038/3776/627 4037/3777/627
f 4034/3775/627 4035/3778/627 4039/3779/627 4038/3776/627
f 4035/3778/627 4036/3780/627 4040/3781/627 4039/3779/627
f 4037/3777/627 4038/3776/627 4042/3782/627 4041/3783/627
f 4038/3776/627 4039/3779/627 4043/3784/627 4042/3782/627
f 4039/3779/627 4040/3781/627 4044/3785/627 4043/3784/627
f 4029/3771/627 4030/3770/627 4016/3757/627 4012/3756/627
f 4030/3770/627 4031/3772/627 4020/3761/627 4016/3757/627
f 4041/3783/627 4042/3782/627 4028/3769/627 4024/3768/627
f 4042/3782/627 4043/3784/627 4032/3773/627 4028/3769/627
f 4017/3759/627 4018/3758/627 4040/3781/627 4036/3780/627
f 4018/3758/627 4019/3760/627 4044/3785/627 4040/3781/627
f 4019/3760/627 4020/3761/627 4008/3786/627 4044/3785/627
f 4031/3772/627 4032/3773/627 4008/3786/627 4020/3761/627
f 4043/3784/627 4044/3785/627 4008/3786/627 4032/3773/627
f 32/2332/32 764/3787/267 4009/3750/627 680/3740/247
f 764/3787/267 765/3788/267 4010/3751/627 4009/3750/627
f 765/3788/267 766/3789/268 4011/3754/627 4010/3751/627
f 766/3789/268 767/3790/268 4012/3756/627 4011/3754/627
f 680/3740/247 4009/3750/627 4013/3753/627 681/3742/247
f 681/3742/247 4013/3753/627 4017/3759/627 682/3743/247
f 682/3743/247 4017/3759/627 4036/3780/627 683/3744/247
f 40/3159/40 693/3640/248 4021/3762/627 770/3791/267
f 693/3640/248 692/3641/249 4022/3763/627 4021/3762/627
f 692/3641/249 691/3642/248 4023/3766/627 4022/3763/627
f 691/3642/248 690/3643/248 4024/3768/627 4023/3766/627
f 770/3791/267 4021/3762/627 4025/3765/627 769/3792/267
f 769/3792/267 4025/3765/627 4029/3771/627 768/3793/267
f 768/3793/267 4029/3771/627 4012/3756/627 767/3790/268
f 44/3548/44 686/3747/247 4033/3774/627 687/3644/248
f 686/3747/247 685/3748/247 4034/3775/627 4033/3774/627
f 685/3748/247 684/3749/247 4035/3778/627 4034/3775/627
f 684/3749/247 683/3744/247 4036/3780/627 4035/3778/627
f 687/3644/248 4033/3774/627 4037/3777/627 688/3645/248
f 688/3645/248 4037/3777/627 4041/3783/627 689/3646/248
f 689/3646/248 4041/3783/627 4024/3768/627 690/3643/248
f 4046/3794/628 4047/3795/628 4051/3796/628 4050/3797/628
f 4047/3795/628 4048/3798/628 4052/3799/628 4051/3796/628
f 4048/3798/628 4049/3800/628 4053/3801/628 4052/3799/628
f 4050/3797/628 4051/3796/628 4055/3802/628 4054/3803/628
f 4051/3796/628 4052/3799/628 4056/3804/628 4055/3802/628
f 4052/3799/628 4053/3801/628 4057/3805/628 4056/3804/628
f 4058/3806/628 4059/3807/628 4063/3808/628 4062/3809/628
f 4059/3807/628 4060/3810/628 4064/3811/628 4063/3808/628
f 4060/3810/628 4061/3812/628 4065/3813/628 4064/3811/628
f 4062/3809/628 4063/3808/628 4067/3814/628 4066/3815/628
f 4063/3808/628 4064/3811/628 4068/3816/628 4067/3814/628
f 4064/3811/628 4065/3813/628 4069/3817/628 4068/3816/628
f 4070/3818/628 4071/3819/628 4075/3820/628 4074/3821/628
f 4071/3819/628 4072/3822/628 4076/3823/628 4075/3820/628
f 4072/3822/628 4073/3824/628 4077/3825/628 4076/3823/628
f 4074/3821/628 4075/3820/628 4079/3826/628 4078/3827/628
f 4075/3820/628 4076/3823/628 4080/3828/628 4079/3826/628
f 4076/3823/628 4077/3825/628 4081/3829/628 4080/3828/628
f 4066/3815/628 4067/3814/628 4053/3801/628 4049/3800/628
f 4067/3814/628 4068/3816/628 4057/3805/628 4053/3801/628
f 4078/3827/628 4079/3826/628 4065/3813/628 4061/3812/628
f 4079/3826/628 4080/3828/628 4069/3817/628 4065/3813/628
f 4054/3803/628 4055/3802/628 4077/3825/628 4073/3824/628
f 4055/3802/628 4056/3804/628 4081/3829/628 4077/3825/628
f 4056/3804/628 4057/3805/628 4045/3830/628 4081/3829/628
f 4068/3816/628 4069/3817/628 4045/3830/628 4057/3805/628
f 4080/3828/628 4081/3829/628 4045/3830/628 4069/3817/628
f 30/2120/30 694/3831/250 4046/3794/628 750/3832/262
f 694/3831/250 695/3833/250 4047/3795/628 4046/3794/628
f 695/3833/250 696/3834/250 4048/3798/628 4047/3795/628
f 696/3834/250 697/3835/250 4049/3800/628 4048/3798/628
f 750/3832/262 4046/3794/628 4050/3797/628 751/3836/262
f 751/3836/262 4050/3797/628 4054/3803/628 752/3837/262
f 752/3837/262 4054/3803/628 4073/3824/628 753/3838/262
f 45/3692/45 721/3839/253 4058/3806/628 700/3840/250
f 721/3839/253 720/3841/255 4059/3807/628 4058/3806/628
f 720/3841/255 719/3842/254 4060/3810/628 4059/3807/628
f 719/3842/254 718/3843/253 4061/3812/628 4060/3810/628
f 700/3840/250 4058/3806/628 4062/3809/628 699/3844/250
f 699/3844/250 4062/3809/628 4066/3815/628 698/3845/250
f 698/3845/250 4066/3815/628 4049/3800/628 697/3835/250
f 46/3846/46 756/3847/262 4070/3818/628 715/3848/253
f 756/3847/262 755/3849/262 4071/3819/628 4070/3818/628
f 755/3849/262 754/3850/262 4072/3822/628 4071/3819/628
f 754/3850/262 753/3838/262 4073/3824/628 4072/3822/628
f 715/3848/253 4070/3818/628 4074/3821/628 716/3851/253
f 716/3851/253 4074/3821/628 4078/3827/628 717/3852/253
f 717/3852/253 4078/3827/628 4061/3812/628 718/3843/253
f 4083/3853/630 4084/3854/629 4088/3855/629 4087/3856/630
f 4084/3854/629 4085/3857/630 4089/3858/630 4088/3855/629
f 4085/3857/630 4086/3859/629 4090/3860/629 4089/3858/630
f 4087/3856/630 4088/3855/629 4092/3861/629 4091/3862/630
f 4088/3855/629 4089/3858/630 4093/3863/631 4092/3861/629
f 4089/3858/630 4090/3860/629 4094/3864/629 4093/3863/631
f 4095/3865/629 4096/3866/630 4100/3867/630 4099/3868/630
f 4096/3866/630 4097/3869/630 4101/3870/630 4100/3867/630
f 4097/3869/630 4098/3871/630 4102/3872/630 4101/3870/630
f 4099/3868/630 4100/3867/630 4104/3873/630 4103/3874/629
f 4100/3867/630 4101/3870/630 4105/3875/629 4104/3873/630
f 4101/3870/630 4102/3872/630 4106/3876/629 4105/3875/629
f 4107/3877/630 4108/3878/629 4112/3879/630 4111/3880/629
f 4108/3878/629 4109/3881/629 4113/3882/629 4112/3879/630
f 4109/3881/629 4110/3883/629 4114/3884/629 4113/3882/629
f 4111/3880/629 4112/3879/630 4116/3885/630 4115/3886/629
f 4112/3879/630 4113/3882/629 4117/3887/629 4116/3885/630
f 4113/3882/629 4114/3884/629 4118/3888/629 4117/3887/629
f 4103/3874/629 4104/3873/630 4090/3860/629 4086/3859/629
f 4104/3873/630 4105/3875/629 4094/3864/629 4090/3860/629
f 4115/3886/629 4116/3885/630 4102/3872/630 4098/3871/630
f 4116/3885/630 4117/3887/629 4106/3876/629 4102/3872/630
f 4091/3862/630 4092/3861/629 4114/3884/629 4110/3883/629
f 4092/3861/629 4093/3863/631 4118/3888/629 4114/3884/629
f 4093/3863/631 4094/3864/629 4082/3889/629 4118/3888/629
f 4105/3875/629 4106/3876/629 4082/3889/629 4094/3864/629
f 4117/3887/629 4118/3888/629 4082/3889/629 4106/3876/629
f 31/2232/31 722/3890/256 4083/3853/630 812/2233/281
f 722/3890/256 723/3891/256 4084/3854/629 4083/3853/630
f 723/3891/256 724/3892/256 4085/3857/630 4084/3854/629
f 724/3892/256 725/3893/256 4086/3859/629 4085/3857/630
f 812/2233/281 4083/3853/630 4087/3856/630 811/2235/282
f 811/2235/282 4087/3856/630 4091/3862/630 810/2236/282
f 810/2236/282 4091/3862/630 4110/3883/629 809/2227/281
f 45/3692/45 700/3840/250 4095/3865/629 728/3894/256
f 700/3840/250 699/3844/250 4096/3866/630 4095/3865/629
f 699/3844/250 698/3845/250 4097/3869/630 4096/3866/630
f 698/3845/250 697/3835/250 4098/3871/630 4097/3869/630
f 728/3894/256 4095/3865/629 4099/3868/630 727/3895/256
f 727/3895/256 4099/3868/630 4103/3874/629 726/3896/256
f 726/3896/256 4103/3874/629 4086/3859/629 725/3893/256
f 30/2120/30 806/2224/281 4107/3877/630 694/3831/250
f 806/2224/281 807/2225/282 4108/3878/629 4107/3877/630
f 807/2225/282 808/2226/282 4109/3881/629 4108/3878/629
f 808/2226/282 809/2227/281 4110/3883/629 4109/3881/629
f 694/3831/250 4107/3877/630 4111/3880/629 695/3833/250
f 695/3833/250 4111/3880/629 4115/3886/629 696/3834/250
f 696/3834/250 4115/3886/629 4098/3871/630 697/3835/250
f 4120/3897/632 4121/3898/632 4125/3899/632 4124/3900/632
f 4121/3898/632 4122/3901/632 4126/3902/632 4125/3899/632
f 4122/3901/632 4123/3903/632 4127/3904/632 4126/3902/632
f 4124/3900/632 4125/3899/632 4129/3905/632 4128/3906/632
f 4125/3899/632 4126/3902/632 4130/3907/633 4129/3905/632
f 4126/3902/632 4127/3904/632 4131/3908/633 4130/3907/633
f 4132/3909/632 4133/3910/632 4137/3911/632 4136/3912/632
f 4133/3910/632 4134/3913/632 4138/3914/632 4137/3911/632
f 4134/3913/632 4135/3915/632 4139/3916/632 4138/3914/632
f 4136/3912/632 4137/3911/632 4141/3917/632 4140/3918/632
f 4137/3911/632 4138/3914/632 4142/3919/632 4141/3917/632
f 4138/3914/632 4139/3916/632 4143/3920/632 4142/3919/632
f 4144/3921/632 4145/3922/632 4149/3923/632 4148/3924/632
f 4145/3922/632 4146/3925/632 4150/3926/632 4149/3923/632
f 4146/3925/632 4147/3927/632 4151/3928/632 4150/3926/632
f 4148/3924/632 4149/3923/632 4153/3929/632 4152/3930/632
f 4149/3923/632 4150/3926/632 4154/3931/632 4153/3929/632
f 4150/3926/632 4151/3928/632 4155/3932/632 4154/3931/632
f 4140/3918/632 4141/3917/632 4127/3904/632 4123/3903/632
f 4141/3917/632 4142/3919/632 4131/3908/633 4127/3904/632
f 4152/3930/632 4153/3929/632 4139/3916/632 4135/3915/632
f 4153/3929/632 4154/3931/632 4143/3920/632 4139/3916/632
f 4128/3906/632 4129/3905/632 4151/3928/632 4147/3927/632
f 4129/3905/632 4130/3907/633 4155/3932/632 4151/3928/632
f 4130/3907/633 4131/3908/633 4119/3933/632 4155/3932/632
f 4142/3919/632 4143/3920/632 4119/3933/632 4131/3908/633
f 4154/3931/632 4155/3932/632 4119/3933/632 4143/3920/632
f 47/3934/47 729/3935/257 4120/3897/632 743/3936/261
f 729/3935/257 730/3937/257 4121/3898/632 4120/3897/632
f 730/3937/257 731/3938/257 4122/3901/632 4121/3898/632
f 731/3938/257 732/3939/258 4123/3903/632 4122/3901/632
f 743/3936/261 4120/3897/632 4124/3900/632 744/3940/261
f 744/3940/261 4124/3900/632 4128/3906/632 745/3941/261
f 745/3941/261 4128/3906/632 4147/3927/632 746/3942/261
f 45/3692/45 701/3694/251 4132/3909/632 735/3943/257
f 701/3694/251 702/3697/251 4133/3910/632 4132/3909/632
f 702/3697/251 703/3698/251 4134/3913/632 4133/3910/632
f 703/3698/251 704/3691/251 4135/3915/632 4134/3913/632
f 735/3943/257 4132/3909/632 4136/3912/632 734/3944/258
f 734/3944/258 4136/3912/632 4140/3918/632 733/3945/257
f 733/3945/257 4140/3918/632 4123/3903/632 732/3939/258
f 43/3484/43 749/3946/261 4144/3921/632 707/3688/251
f 749/3946/261 748/3947/261 4145/3922/632 4144/3921/632
f 748/3947/261 747/3948/261 4146/3925/632 4145/3922/632
f 747/3948/261 746/3942/261 4147/3927/632 4146/3925/632
f 707/3688/251 4144/3921/632 4148/3924/632 706/3689/251
f 706/3689/251 4148/3924/632 4152/3930/632 705/3690/251
f 705/3690/251 4152/3930/632 4135/3915/632 704/3691/251
f 4157/3949/634 4158/3950/634 4162/3951/634 4161/3952/634
f 4158/3950/634 4159/3953/634 4163/3954/634 4162/3951/634
f 4159/3953/634 4160/3955/634 4164/3956/634 4163/3954/634
f 4161/3952/634 4162/3951/634 4166/3957/634 4165/3958/634
f 4162/3951/634 4163/3954/634 4167/3959/634 4166/3957/634
f 4163/3954/634 4164/3956/634 4168/3960/634 4167/3959/634
f 4169/3961/634 4170/3962/634 4174/3963/634 4173/3964/634
f 4170/3962/634 4171/3965/634 4175/3966/634 4174/3963/634
f 4171/3965/634 4172/3967/634 4176/3968/634 4175/3966/634
f 4173/3964/634 4174/3963/634 4178/3969/634 4177/3970/634
f 4174/3963/634 4175/3966/634 4179/3971/634 4178/3969/634
f 4175/3966/634 4176/3968/634 4180/3972/634 4179/3971/634
f 4181/3973/634 4182/3974/634 4186/3975/634 4185/3976/634
f 4182/3974/634 4183/3977/634 4187/3978/634 4186/3975/634
f 4183/3977/634 4184/3979/634 4188/3980/634 4187/3978/634
f 4185/3976/634 4186/3975/634 4190/3981/634 4189/3982/634
f 4186/3975/634 4187/3978/634 4191/3983/634 4190/3981/634
f 4187/3978/634 4188/3980/634 4192/3984/634 4191/3983/634
f 4177/3970/634 4178/3969/634 4164/3956/634 4160/3955/634
f 4178/3969/634 4179/3971/634 4168/3960/634 4164/3956/634
f 4189/3982/634 4190/3981/634 4176/3968/634 4172/3967/634
f 4190/3981/634 4191/3983/634 4180/3972/634 4176/3968/634
f 4165/3958/634 4166/3957/634 4188/3980/634 4184/3979/634
f 4166/3957/634 4167/3959/634 4192/3984/634 4188/3980/634
f 4167/3959/634 4168/3960/634 4156/3985/634 4192/3984/634
f 4179/3971/634 4180/3972/634 4156/3985/634 4168/3960/634
f 4191/3983/634 4192/3984/634 4156/3985/634 4180/3972/634
f 32/2332/32 714/3741/252 4157/3949/634 805/2333/280
f 714/3741/252 713/3745/252 4158/3950/634 4157/3949/634
f 713/3745/252 712/3746/252 4159/3953/634 4158/3950/634
f 712/3746/252 711/3739/252 4160/3955/634 4159/3953/634
f 805/2333/280 4157/3949/634 4161/3952/634 804/2335/280
f 804/2335/280 4161/3952/634 4165/3958/634 803/2336/280
f 803/2336/280 4165/3958/634 4184/3979/634 802/2337/280
f 45/3692/45 728/3894/256 4169/3961/634 708/3736/252
f 728/3894/256 727/3895/256 4170/3962/634 4169/3961/634
f 727/3895/256 726/3896/256 4171/3965/634 4170/3962/634
f 726/3896/256 725/3893/256 4172/3967/634 4171/3965/634
f 708/3736/252 4169/3961/634 4173/3964/634 709/3737/252
f 709/3737/252 4173/3964/634 4177/3970/634 710/3738/252
f 710/3738/252 4177/3970/634 4160/3955/634 711/3739/252
f 31/2232/31 799/2340/280 4181/3973/634 722/3890/256
f 799/2340/280 800/2341/280 4182/3974/634 4181/3973/634
f 800/2341/280 801/2342/280 4183/3977/634 4182/3974/634
f 801/2342/280 802/2337/280 4184/3979/634 4183/3977/634
f 722/3890/256 4181/3973/634 4185/3976/634 723/3891/256
f 723/3891/256 4185/3976/634 4189/3982/634 724/3892/256
f 724/3892/256 4189/3982/634 4172/3967/634 725/3893/256
f 4194/3986/635 4195/3987/635 4199/3988/635 4198/3989/635
f 4195/3987/635 4196/3990/635 4200/3991/635 4199/3988/635
f 4196/3990/635 4197/3992/635 4201/3993/635 4200/3991/635
f 4198/3989/635 4199/3988/635 4203/3994/635 4202/3995/635
f 4199/3988/635 4200/3991/635 4204/3996/635 4203/3994/635
f 4200/3991/635 4201/3993/635 4205/3997/635 4204/3996/635
f 4206/3998/635 4207/3999/635 4211/4000/635 4210/4001/635
f 4207/3999/635 4208/4002/635 4212/4003/635 4211/4000/635
f 4208/4002/635 4209/4004/635 4213/4005/635 4212/4003/635
f 4210/4001/635 4211/4000/635 4215/4006/635 4214/4007/635
f 4211/4000/635 4212/4003/635 4216/4008/635 4215/4006/635
f 4212/4003/635 4213/4005/635 4217/4009/635 4216/4008/635
f 4218/4010/635 4219/4011/635 4223/4012/635 4222/4013/635
f 4219/4011/635 4220/4014/635 4224/4015/635 4223/4012/635
f 4220/4014/635 4221/4016/635 4225/4017/635 4224/4015/635
f 4222/4013/635 4223/4012/635 4227/4018/635 4226/4019/635
f 4223/4012/635 4224/4015/635 4228/4020/635 4227/4018/635
f 4224/4015/635 4225/4017/635 4229/4021/635 4228/4020/635
f 4214/4007/635 4215/4006/635 4201/3993/635 4197/3992/635
f 4215/4006/635 4216/4008/635 4205/3997/635 4201/3993/635
f 4226/4019/635 4227/4018/635 4213/4005/635 4209/4004/635
f 4227/4018/635 4228/4020/635 4217/4009/635 4213/4005/635
f 4202/3995/635 4203/3994/635 4225/4017/635 4221/4016/635
f 4203/3994/635 4204/3996/635 4229/4021/635 4225/4017/635
f 4204/3996/635 4205/3997/635 4193/4022/635 4229/4021/635
f 4216/4008/635 4217/4009/635 4193/4022/635 4205/3997/635
f 4228/4020/635 4229/4021/635 4193/4022/635 4217/4009/635
f 46/3846/46 715/3848/253 4194/3986/635 736/4023/259
f 715/3848/253 716/3851/253 4195/3987/635 4194/3986/635
f 716/3851/253 717/3852/253 4196/3990/635 4195/3987/635
f 717/3852/253 718/3843/253 4197/3992/635 4196/3990/635
f 736/4023/259 4194/3986/635 4198/3989/635 737/4024/259
f 737/4024/259 4198/3989/635 4202/3995/635 738/4025/259
f 738/4025/259 4202/3995/635 4221/4016/635 739/4026/260
f 45/3692/45 735/3943/257 4206/3998/635 721/3839/253
f 735/3943/257 734/3944/258 4207/3999/635 4206/3998/635
f 734/3944/258 733/3945/257 4208/4002/635 4207/3999/635
f 733/3945/257 732/3939/258 4209/4004/635 4208/4002/635
f 721/3839/253 4206/3998/635 4210/4001/635 720/3841/255
f 720/3841/255 4210/4001/635 4214/4007/635 719/3842/254
f 719/3842/254 4214/4007/635 4197/3992/635 718/3843/253
f 47/3934/47 742/4027/259 4218/4010/635 729/3935/257
f 742/4027/259 741/4028/259 4219/4011/635 4218/4010/635
f 741/4028/259 740/4029/259 4220/4014/635 4219/4011/635
f 740/4029/259 739/4026/260 4221/4016/635 4220/4014/635
f 729/3935/257 4218/4010/635 4222/4013/635 730/3937/257
f 730/3937/257 4222/4013/635 4226/4019/635 731/3938/257
f 731/3938/257 4226/4019/635 4209/4004/635 732/3939/258
f 4231/4030/636 4232/4031/636 4236/4032/636 4235/4033/636
f 4232/4031/636 4233/4034/636 4237/4035/636 4236/4032/636
f 4233/4034/636 4234/4036/636 4238/4037/636 4237/4035/636
f 4235/4033/636 4236/4032/636 4240/4038/637 4239/4039/637
f 4236/4032/636 4237/4035/636 4241/4040/636 4240/4038/637
f 4237/4035/636 4238/4037/636 4242/4041/638 4241/4040/636
f 4243/4042/636 4244/4043/636 4248/4044/638 4247/4045/636
f 4244/4043/636 4245/4046/636 4249/4047/636 4248/4044/638
f 4245/4046/636 4246/4048/636 4250/4049/639 4249/4047/636
f 4247/4045/636 4248/4044/638 4252/4050/636 4251/4051/638
f 4248/4044/638 4249/4047/636 4253/4052/636 4252/4050/636
f 4249/4047/636 4250/4049/639 4254/4053/636 4253/4052/636
f 4255/4054/636 4256/4055/636 4260/4056/636 4259/4057/638
f 4256/4055/636 4257/4058/636 4261/4059/636 4260/4056/636
f 4257/4058/636 4258/4060/636 4262/4061/636 4261/4059/636
f 4259/4057/638 4260/4056/636 4264/4062/636 4263/4063/639
f 4260/4056/636 4261/4059/636 4265/4064/636 4264/4062/636
f 4261/4059/636 4262/4061/636 4266/4065/636 4265/4064/636
f 4251/4051/638 4252/4050/636 4238/4037/636 4234/4036/636
f 4252/4050/636 4253/4052/636 4242/4041/638 4238/4037/636
f 4263/4063/639 4264/4062/636 4250/4049/639 4246/4048/636
f 4264/4062/636 4265/4064/636 4254/4053/636 4250/4049/639
f 4239/4039/637 4240/4038/637 4262/4061/636 4258/4060/636
f 4240/4038/637 4241/4040/636 4266/4065/636 4262/4061/636
f 4241/4040/636 4242/4041/638 4230/4066/636 4266/4065/636
f 4253/4052/636 4254/4053/636 4230/4066/636 4242/4041/638
f 4265/4064/636 4266/4065/636 4230/4066/636 4254/4053/636
f 2/4067/2 966/4068/329 4231/4030/636 939/4069/321
f 966/4068/329 965/4070/329 4232/4031/636 4231/4030/636
f 965/4070/329 964/4071/329 4233/4034/636 4232/4031/636
f 964/4071/329 963/4072/329 4234/4036/636 4233/4034/636
f 939/4069/321 4231/4030/636 4235/4033/636 940/4073/321
f 940/4073/321 4235/4033/636 4239/4039/637 941/4074/321
f 941/4074/321 4239/4039/637 4258/4060/636 942/4075/321
f 46/3846/46 736/4023/259 4243/4042/636 960/4076/329
f 736/4023/259 737/4024/259 4244/4043/636 4243/4042/636
f 737/4024/259 738/4025/259 4245/4046/636 4244/4043/636
f 738/4025/259 739/4026/260 4246/4048/636 4245/4046/636
f 960/4076/329 4243/4042/636 4247/4045/636 961/4077/329
f 961/4077/329 4247/4045/636 4251/4051/638 962/4078/329
f 962/4078/329 4251/4051/638 4234/4036/636 963/4072/329
f 47/3934/47 945/4079/322 4255/4054/636 742/4027/259
f 945/4079/322 944/4080/321 4256/4055/636 4255/4054/636
f 944/4080/321 943/4081/321 4257/4058/636 4256/4055/636
f 943/4081/321 942/4075/321 4258/4060/636 4257/4058/636
f 742/4027/259 4255/4054/636 4259/4057/638 741/4028/259
f 741/4028/259 4259/4057/638 4263/4063/639 740/4029/259
f 740/4029/259 4263/4063/639 4246/4048/636 739/4026/260
f 4268/4082/640 4269/4083/640 4273/4084/640 4272/4085/640
f 4269/4083/640 4270/4086/640 4274/4087/640 4273/4084/640
f 4270/4086/640 4271/4088/640 4275/4089/640 4274/4087/640
f 4272/4085/640 4273/4084/640 4277/4090/640 4276/4091/640
f 4273/4084/640 4274/4087/640 4278/4092/640 4277/4090/640
f 4274/4087/640 4275/4089/640 4279/4093/640 4278/4092/640
f 4280/4094/640 4281/4095/640 4285/4096/640 4284/4097/640
f 4281/4095/640 4282/4098/640 4286/4099/640 4285/4096/640
f 4282/4098/640 4283/4100/640 4287/4101/640 4286/4099/640
f 4284/4097/640 4285/4096/640 4289/4102/640 4288/4103/640
f 4285/4096/640 4286/4099/640 4290/4104/640 4289/4102/640
f 4286/4099/640 4287/4101/640 4291/4105/640 4290/4104/640
f 4292/4106/640 4293/4107/640 4297/4108/640 4296/4109/640
f 4293/4107/640 4294/4110/640 4298/4111/640 4297/4108/640
f 4294/4110/640 4295/4112/640 4299/4113/640 4298/4111/640
f 4296/4109/640 4297/4108/640 4301/4114/641 4300/4115/641
f 4297/4108/640 4298/4111/640 4302/4116/640 4301/4114/641
f 4298/4111/640 4299/4113/640 4303/4117/640 4302/4116/640
f 4288/4103/640 4289/4102/640 4275/4089/640 4271/4088/640
f 4289/4102/640 4290/4104/640 4279/4093/640 4275/4089/640
f 4300/4115/641 4301/4114/641 4287/4101/640 4283/4100/640
f 4301/4114/641 4302/4116/640 4291/4105/640 4287/4101/640
f 4276/4091/640 4277/4090/640 4299/4113/640 4295/4112/640
f 4277/4090/640 4278/4092/640 4303/4117/640 4299/4113/640
f 4278/4092/640 4279/4093/640 4267/4118/640 4303/4117/640
f 4290/4104/640 4291/4105/640 4267/4118/640 4279/4093/640
f 4302/4116/640 4303/4117/640 4267/4118/640 4291/4105/640
f 2/4067/2 939/4069/321 4268/4082/640 70/4119/58
f 939/4069/321 940/4073/321 4269/4083/640 4268/4082/640
f 940/4073/321 941/4074/321 4270/4086/640 4269/4083/640
f 941/4074/321 942/4075/321 4271/4088/640 4270/4086/640
f 70/4119/58 4268/4082/640 4272/4085/640 69/4120/58
f 69/4120/58 4272/4085/640 4276/4091/640 68/4121/57
f 68/4121/57 4276/4091/640 4295/4112/640 67/4122/57
f 47/3934/47 946/4123/323 4280/4094/640 945/4079/322
f 946/4123/323 947/4124/323 4281/4095/640 4280/4094/640
f 947/4124/323 948/4125/323 4282/4098/640 4281/4095/640
f 948/4125/323 949/4126/324 4283/4100/640 4282/4098/640
f 945/4079/322 4280/4094/640 4284/4097/640 944/4080/321
f 944/4080/321 4284/4097/640 4288/4103/640 943/4081/321
f 943/4081/321 4288/4103/640 4271/4088/640 942/4075/321
f 1/4127/1 64/4128/57 4292/4106/640 952/4129/323
f 64/4128/57 65/4130/57 4293/4107/640 4292/4106/640
f 65/4130/57 66/4131/57 4294/4110/640 4293/4107/640
f 66/4131/57 67/4122/57 4295/4112/640 4294/4110/640
f 952/4129/323 4292/4106/640 4296/4109/640 951/4132/323
f 951/4132/323 4296/4109/640 4300/4115/641 950/4133/325
f 950/4133/325 4300/4115/641 4283/4100/640 949/4126/324
f 4305/4134/642 4306/4135/643 4310/4136/644 4309/4137/643
f 4306/4135/643 4307/4138/642 4311/4139/645 4310/4136/644
f 4307/4138/642 4308/4140/642 4312/4141/642 4311/4139/645
f 4309/4137/643 4310/4136/644 4314/4142/642 4313/4143/642
f 4310/4136/644 4311/4139/645 4315/4144/642 4314/4142/642
f 4311/4139/645 4312/4141/642 4316/4145/643 4315/4144/642
f 4317/4146/642 4318/4147/642 4322/4148/642 4321/4149/642
f 4318/4147/642 4319/4150/642 4323/4151/643 4322/4148/642
f 4319/4150/642 4320/4152/642 4324/4153/643 4323/4151/643
f 4321/4149/642 4322/4148/642 4326/4154/642 4325/4155/642
f 4322/4148/642 4323/4151/643 4327/4156/642 4326/4154/642
f 4323/4151/643 4324/4153/643 4328/4157/642 4327/4156/642
f 4329/4158/642 4330/4159/642 4334/4160/642 4333/4161/642
f 4330/4159/642 4331/4162/642 4335/4163/643 4334/4160/642
f 4331/4162/642 4332/4164/643 4336/4165/642 4335/4163/643
f 4333/4161/642 4334/4160/642 4338/4166/642 4337/4167/642
f 4334/4160/642 4335/4163/643 4339/4168/643 4338/4166/642
f 4335/4163/643 4336/4165/642 4340/4169/642 4339/4168/643
f 4325/4155/642 4326/4154/642 4312/4141/642 4308/4140/642
f 4326/4154/642 4327/4156/642 4316/4145/643 4312/4141/642
f 4337/4167/642 4338/4166/642 4324/4153/643 4320/4152/642
f 4338/4166/642 4339/4168/643 4328/4157/642 4324/4153/643
f 4313/4143/642 4314/4142/642 4336/4165/642 4332/4164/643
f 4314/4142/642 4315/4144/642 4340/4169/642 4336/4165/642
f 4315/4144/642 4316/4145/643 4304/4170/642 4340/4169/642
f 4327/4156/642 4328/4157/642 4304/4170/642 4316/4145/643
f 4339/4168/643 4340/4169/642 4304/4170/642 4328/4157/642
f 47/3934/47 743/3936/261 4305/4134/642 946/4123/323
f 743/3936/261 744/3940/261 4306/4135/643 4305/4134/642
f 744/3940/261 745/3941/261 4307/4138/642 4306/4135/643
f 745/3941/261 746/3942/261 4308/4140/642 4307/4138/642
f 946/4123/323 4305/4134/642 4309/4137/643 947/4124/323
f 947/4124/323 4309/4137/643 4313/4143/642 948/4125/323
f 948/4125/323 4313/4143/642 4332/4164/643 949/4126/324
f 43/3484/43 959/4171/327 4317/4146/642 749/3946/261
f 959/4171/327 958/4172/326 4318/4147/642 4317/4146/642
f 958/4172/326 957/4173/326 4319/4150/642 4318/4147/642
f 957/4173/326 956/4174/328 4320/4152/642 4319/4150/642
f 749/3946/261 4317/4146/642 4321/4149/642 748/3947/261
f 748/3947/261 4321/4149/642 4325/4155/642 747/3948/261
f 747/3948/261 4325/4155/642 4308/4140/642 746/3942/261
f 1/4127/1 952/4129/323 4329/4158/642 953/4175/326
f 952/4129/323 951/4132/323 4330/4159/642 4329/4158/642
f 951/4132/323 950/4133/325 4331/4162/642 4330/4159/642
f 950/4133/325 949/4126/324 4332/4164/643 4331/4162/642
f 953/4175/326 4329/4158/642 4333/4161/642 954/4176/326
f 954/4176/326 4333/4161/642 4337/4167/642 955/4177/327
f 955/4177/327 4337/4167/642 4320/4152/642 956/4174/328
f 4342/4178/647 4343/4179/647 4347/4180/647 4346/4181/647
f 4343/4179/647 4344/4182/648 4348/4183/648 4347/4180/647
f 4344/4182/648 4345/4184/648 4349/4185/648 4348/4183/648
f 4346/4181/647 4347/4180/647 4351/4186/647 4350/4187/647
f 4347/4180/647 4348/4183/648 4352/4188/647 4351/4186/647
f 4348/4183/648 4349/4185/648 4353/4189/647 4352/4188/647
f 4354/4190/648 4355/4191/648 4359/4192/647 4358/4193/648
f 4355/4191/648 4356/4194/647 4360/4195/648 4359/4192/647
f 4356/4194/647 4357/4196/647 4361/4197/648 4360/4195/648
f 4358/4193/648 4359/4192/647 4363/4198/647 4362/4199/647
f 4359/4192/647 4360/4195/648 4364/4200/647 4363/4198/647
f 4360/4195/648 4361/4197/648 4365/4201/648 4364/4200/647
f 4366/4202/647 4367/4203/647 4371/4204/648 4370/4205/647
f 4367/4203/647 4368/4206/647 4372/4207/648 4371/4204/648
f 4368/4206/647 4369/4208/647 4373/4209/647 4372/4207/648
f 4370/4205/647 4371/4204/648 4375/4210/648 4374/4211/647
f 4371/4204/648 4372/4207/648 4376/4212/648 4375/4210/648
f 4372/4207/648 4373/4209/647 4377/4213/647 4376/4212/648
f 4362/4199/647 4363/4198/647 4349/4185/648 4345/4184/648
f 4363/4198/647 4364/4200/647 4353/4189/647 4349/4185/648
f 4374/4211/647 4375/4210/648 4361/4197/648 4357/4196/647
f 4375/4210/648 4376/4212/648 4365/4201/648 4361/4197/648
f 4350/4187/647 4351/4186/647 4373/4209/647 4369/4208/647
f 4351/4186/647 4352/4188/647 4377/4213/647 4373/4209/647
f 4352/4188/647 4353/4189/647 4341/4214/646 4377/4213/647
f 4364/4200/647 4365/4201/648 4341/4214/646 4353/4189/647
f 4376/4212/648 4377/4213/647 4341/4214/646 4365/4201/648
f 1/4127/1 953/4175/326 4342/4178/647 85/4215/63
f 953/4175/326 954/4176/326 4343/4179/647 4342/4178/647
f 954/4176/326 955/4177/327 4344/4182/648 4343/4179/647
f 955/4177/327 956/4174/328 4345/4184/648 4344/4182/648
f 85/4215/63 4342/4178/647 4346/4181/647 86/4216/63
f 86/4216/63 4346/4181/647 4350/4187/647 87/4217/63
f 87/4217/63 4350/4187/647 4369/4208/647 88/4218/63
f 43/3484/43 974/3486/331 4354/4190/648 959/4171/327
f 974/3486/331 975/3490/331 4355/4191/648 4354/4190/648
f 975/3490/331 976/3491/331 4356/4194/647 4355/4191/648
f 976/3491/331 977/3492/331 4357/4196/647 4356/4194/647
f 959/4171/327 4354/4190/648 4358/4193/648 958/4172/326
f 958/4172/326 4358/4193/648 4362/4199/647 957/4173/326
f 957/4173/326 4362/4199/647 4345/4184/648 956/4174/328
f 5/3500/5 91/4219/63 4366/4202/647 980/3501/331
f 91/4219/63 90/4220/63 4367/4203/647 4366/4202/647
f 90/4220/63 89/4221/63 4368/4206/647 4367/4203/647
f 89/4221/63 88/4218/63 4369/4208/647 4368/4206/647
f 980/3501/331 4366/4202/647 4370/4205/647 979/3503/331
f 979/3503/331 4370/4205/647 4374/4211/647 978/3504/331
f 978/3504/331 4374/4211/647 4357/4196/647 977/3492/331
f 4379/4222/650 4380/4223/649 4384/4224/650 4383/4225/650
f 4380/4223/649 4381/4226/650 4385/4227/650 4384/4224/650
f 4381/4226/650 4382/4228/650 4386/4229/650 4385/4227/650
f 4383/4225/650 4384/4224/650 4388/4230/650 4387/4231/650
f 4384/4224/650 4385/4227/650 4389/4232/650 4388/4230/650
f 4385/4227/650 4386/4229/650 4390/4233/650 4389/4232/650
f 4391/4234/650 4392/4235/650 4396/4236/650 4395/4237/649
f 4392/4235/650 4393/4238/650 4397/4239/650 4396/4236/650
f 4393/4238/650 4394/4240/650 4398/4241/650 4397/4239/650
f 4395/4237/649 4396/4236/650 4400/4242/650 4399/4243/650
f 4396/4236/650 4397/4239/650 4401/4244/650 4400/4242/650
f 4397/4239/650 4398/4241/650 4402/4245/650 4401/4244/650
f 4403/4246/650 4404/4247/650 4408/4248/650 4407/4249/650
f 4404/4247/650 4405/4250/649 4409/4251/649 4408/4248/650
f 4405/4250/649 4406/4252/650 4410/4253/649 4409/4251/649
f 4407/4249/650 4408/4248/650 4412/4254/650 4411/4255/650
f 4408/4248/650 4409/4251/649 4413/4256/650 4412/4254/650
f 4409/4251/649 4410/4253/649 4414/4257/649 4413/4256/650
f 4399/4243/650 4400/4242/650 4386/4229/650 4382/4228/650
f 4400/4242/650 4401/4244/650 4390/4233/650 4386/4229/650
f 4411/4255/650 4412/4254/650 4398/4241/650 4394/4240/650
f 4412/4254/650 4413/4256/650 4402/4245/650 4398/4241/650
f 4387/4231/650 4388/4230/650 4410/4253/649 4406/4252/650
f 4388/4230/650 4389/4232/650 4414/4257/649 4410/4253/649
f 4389/4232/650 4390/4233/650 4378/4258/649 4414/4257/649
f 4401/4244/650 4402/4245/650 4378/4258/649 4390/4233/650
f 4413/4256/650 4414/4257/649 4378/4258/649 4402/4245/650
f 46/3846/46 960/4076/329 4379/4222/650 973/4259/330
f 960/4076/329 961/4077/329 4380/4223/649 4379/4222/650
f 961/4077/329 962/4078/329 4381/4226/650 4380/4223/649
f 962/4078/329 963/4072/329 4382/4228/650 4381/4226/650
f 973/4259/330 4379/4222/650 4383/4225/650 972/4260/330
f 972/4260/330 4383/4225/650 4387/4231/650 971/4261/330
f 971/4261/330 4387/4231/650 4406/4252/650 970/4262/330
f 2/4067/2 428/4263/177 4391/4234/650 966/4068/329
f 428/4263/177 429/4264/177 4392/4235/650 4391/4234/650
f 429/4264/177 430/4265/178 4393/4238/650 4392/4235/650
f 430/4265/178 431/4266/177 4394/4240/650 4393/4238/650
f 966/4068/329 4391/4234/650 4395/4237/649 965/4070/329
f 965/4070/329 4395/4237/649 4399/4243/650 964/4071/329
f 964/4071/329 4399/4243/650 4382/4228/650 963/4072/329
f 28/2128/28 967/4267/330 4403/4246/650 434/4268/178
f 967/4267/330 968/4269/330 4404/4247/650 4403/4246/650
f 968/4269/330 969/4270/330 4405/4250/649 4404/4247/650
f 969/4270/330 970/4262/330 4406/4252/650 4405/4250/649
f 434/4268/178 4403/4246/650 4407/4249/650 433/4271/177
f 433/4271/177 4407/4249/650 4411/4255/650 432/4272/177
f 432/4272/177 4411/4255/650 4394/4240/650 431/4266/177
f 4416/4273/651 4417/4274/651 4421/4275/651 4420/4276/651
f 4417/4274/651 4418/4277/651 4422/4278/651 4421/4275/651
f 4418/4277/651 4419/4279/651 4423/4280/652 4422/4278/651
f 4420/4276/651 4421/4275/651 4425/4281/651 4424/4282/651
f 4421/4275/651 4422/4278/651 4426/4283/652 4425/4281/651
f 4422/4278/651 4423/4280/652 4427/4284/651 4426/4283/652
f 4428/4285/651 4429/4286/651 4433/4287/651 4432/4288/651
f 4429/4286/651 4430/4289/651 4434/4290/651 4433/4287/651
f 4430/4289/651 4431/4291/651 4435/4292/652 4434/4290/651
f 4432/4288/651 4433/4287/651 4437/4293/651 4436/4294/651
f 4433/4287/651 4434/4290/651 4438/4295/651 4437/4293/651
f 4434/4290/651 4435/4292/652 4439/4296/651 4438/4295/651
f 4440/4297/651 4441/4298/651 4445/4299/651 4444/4300/651
f 4441/4298/651 4442/4301/651 4446/4302/651 4445/4299/651
f 4442/4301/651 4443/4303/651 4447/4304/651 4446/4302/651
f 4444/4300/651 4445/4299/651 4449/4305/652 4448/4306/651
f 4445/4299/651 4446/4302/651 4450/4307/651 4449/4305/652
f 4446/4302/651 4447/4304/651 4451/4308/651 4450/4307/651
f 4436/4294/651 4437/4293/651 4423/4280/652 4419/4279/651
f 4437/4293/651 4438/4295/651 4427/4284/651 4423/4280/652
f 4448/4306/651 4449/4305/652 4435/4292/652 4431/4291/651
f 4449/4305/652 4450/4307/651 4439/4296/651 4435/4292/652
f 4424/4282/651 4425/4281/651 4447/4304/651 4443/4303/651
f 4425/4281/651 4426/4283/652 4451/4308/651 4447/4304/651
f 4426/4283/652 4427/4284/651 4415/4309/651 4451/4308/651
f 4438/4295/651 4439/4296/651 4415/4309/651 4427/4284/651
f 4450/4307/651 4451/4308/651 4415/4309/651 4439/4296/651
f 30/2120/30 750/3832/262 4416/4273/651 1002/2121/340
f 750/3832/262 751/3836/262 4417/4274/651 4416/4273/651
f 751/3836/262 752/3837/262 4418/4277/651 4417/4274/651
f 752/3837/262 753/3838/262 4419/4279/651 4418/4277/651
f 1002/2121/340 4416/4273/651 4420/4276/651 1003/2123/340
f 1003/2123/340 4420/4276/651 4424/4282/651 1004/2124/340
f 1004/2124/340 4424/4282/651 4443/4303/651 1005/2125/340
f 46/3846/46 973/4259/330 4428/4285/651 756/3847/262
f 973/4259/330 972/4260/330 4429/4286/651 4428/4285/651
f 972/4260/330 971/4261/330 4430/4289/651 4429/4286/651
f 971/4261/330 970/4262/330 4431/4291/651 4430/4289/651
f 756/3847/262 4428/4285/651 4432/4288/651 755/3849/262
f 755/3849/262 4432/4288/651 4436/4294/651 754/3850/262
f 754/3850/262 4436/4294/651 4419/4279/651 753/3838/262
f 28/2128/28 1008/2130/340 4440/4297/651 967/4267/330
f 1008/2130/340 1007/2133/340 4441/4298/651 4440/4297/651
f 1007/2133/340 1006/2134/340 4442/4301/651 4441/4298/651
f 1006/2134/340 1005/2125/340 4443/4303/651 4442/4301/651
f 967/4267/330 4440/4297/651 4444/4300/651 968/4269/330
f 968/4269/330 4444/4300/651 4448/4306/651 969/4270/330
f 969/4270/330 4448/4306/651 4431/4291/651 970/4262/330
f 4453/4310/654 4454/4311/654 4458/4312/655 4457/4313/655
f 4454/4311/654 4455/4314/654 4459/4315/654 4458/4312/655
f 4455/4314/654 4456/4316/654 4460/4317/655 4459/4315/654
f 4457/4313/655 4458/4312/655 4462/4318/655 4461/4319/654
f 4458/4312/655 4459/4315/654 4463/4320/655 4462/4318/655
f 4459/4315/654 4460/4317/655 4464/4321/653 4463/4320/655
f 4465/4322/654 4466/4323/655 4470/4324/654 4469/4325/654
f 4466/4323/655 4467/4326/655 4471/4327/654 4470/4324/654
f 4467/4326/655 4468/4328/654 4472/4329/654 4471/4327/654
f 4469/4325/654 4470/4324/654 4474/4330/654 4473/4331/655
f 4470/4324/654 4471/4327/654 4475/4332/655 4474/4330/654
f 4471/4327/654 4472/4329/654 4476/4333/654 4475/4332/655
f 4477/4334/655 4478/4335/655 4482/4336/655 4481/4337/655
f 4478/4335/655 4479/4338/655 4483/4339/655 4482/4336/655
f 4479/4338/655 4480/4340/654 4484/4341/654 4483/4339/655
f 4481/4337/655 4482/4336/655 4486/4342/654 4485/4343/654
f 4482/4336/655 4483/4339/655 4487/4344/655 4486/4342/654
f 4483/4339/655 4484/4341/654 4488/4345/653 4487/4344/655
f 4473/4331/655 4474/4330/654 4460/4317/655 4456/4316/654
f 4474/4330/654 4475/4332/655 4464/4321/653 4460/4317/655
f 4485/4343/654 4486/4342/654 4472/4329/654 4468/4328/654
f 4486/4342/654 4487/4344/655 4476/4333/654 4472/4329/654
f 4461/4319/654 4462/4318/655 4484/4341/654 4480/4340/654
f 4462/4318/655 4463/4320/655 4488/4345/653 4484/4341/654
f 4463/4320/655 4464/4321/653 4452/4346/653 4488/4345/653
f 4475/4332/655 4476/4333/654 4452/4346/653 4464/4321/653
f 4487/4344/655 4488/4345/653 4452/4346/653 4476/4333/654
f 39/3056/39 988/4347/334 4453/4310/654 987/3440/332
f 988/4347/334 989/4348/334 4454/4311/654 4453/4310/654
f 989/4348/334 990/4349/335 4455/4314/654 4454/4311/654
f 990/4349/335 991/4350/334 4456/4316/654 4455/4314/654
f 987/3440/332 4453/4310/654 4457/4313/655 986/3441/333
f 986/3441/333 4457/4313/655 4461/4319/654 985/3442/332
f 985/3442/332 4461/4319/654 4480/4340/654 984/3443/332
f 10/2760/10 147/4351/79 4465/4322/654 994/4352/337
f 147/4351/79 146/4353/79 4466/4323/655 4465/4322/654
f 146/4353/79 145/4354/79 4467/4326/655 4466/4323/655
f 145/4354/79 144/4355/79 4468/4328/654 4467/4326/655
f 994/4352/337 4465/4322/654 4469/4325/654 993/4356/336
f 993/4356/336 4469/4325/654 4473/4331/655 992/4357/336
f 992/4357/336 4473/4331/655 4456/4316/654 991/4350/334
f 9/3352/9 981/3444/332 4477/4334/655 141/4358/78
f 981/3444/332 982/3445/332 4478/4335/655 4477/4334/655
f 982/3445/332 983/3446/333 4479/4338/655 4478/4335/655
f 983/3446/333 984/3443/332 4480/4340/654 4479/4338/655
f 141/4358/78 4477/4334/655 4481/4337/655 142/4359/79
f 142/4359/79 4481/4337/655 4485/4343/654 143/4360/79
f 143/4360/79 4485/4343/654 4468/4328/654 144/4355/79
f 4490/4361/656 4491/4362/656 4495/4363/656 4494/4364/656
f 4491/4362/656 4492/4365/656 4496/4366/656 4495/4363/656
f 4492/4365/656 4493/4367/656 4497/4368/656 4496/4366/656
f 4494/4364/656 4495/4363/656 4499/4369/656 4498/4370/656
f 4495/4363/656 4496/4366/656 4500/4371/656 4499/4369/656
f 4496/4366/656 4497/4368/656 4501/4372/656 4500/4371/656
f 4502/4373/656 4503/4374/656 4507/4375/657 4506/4376/656
f 4503/4374/656 4504/4377/656 4508/4378/656 4507/4375/657
f 4504/4377/656 4505/4379/656 4509/4380/656 4508/4378/656
f 4506/4376/656 4507/4375/657 4511/4381/656 4510/4382/656
f 4507/4375/657 4508/4378/656 4512/4383/656 4511/4381/656
f 4508/4378/656 4509/4380/656 4513/4384/657 4512/4383/656
f 4514/4385/656 4515/4386/656 4519/4387/656 4518/4388/656
f 4515/4386/656 4516/4389/656 4520/4390/657 4519/4387/656
f 4516/4389/656 4517/4391/656 4521/4392/656 4520/4390/657
f 4518/4388/656 4519/4387/656 4523/4393/656 4522/4394/656
f 4519/4387/656 4520/4390/657 4524/4395/656 4523/4393/656
f 4520/4390/657 4521/4392/656 4525/4396/657 4524/4395/656
f 4510/4382/656 4511/4381/656 4497/4368/656 4493/4367/656
f 4511/4381/656 4512/4383/656 4501/4372/656 4497/4368/656
f 4522/4394/656 4523/4393/656 4509/4380/656 4505/4379/656
f 4523/4393/656 4524/4395/656 4513/4384/657 4509/4380/656
f 4498/4370/656 4499/4369/656 4521/4392/656 4517/4391/656
f 4499/4369/656 4500/4371/656 4525/4396/657 4521/4392/656
f 4500/4371/656 4501/4372/656 4489/4397/656 4525/4396/657
f 4512/4383/656 4513/4384/657 4489/4397/656 4501/4372/656
f 4524/4395/656 4525/4396/657 4489/4397/656 4513/4384/657
f 40/3159/40 770/3791/267 4490/4361/656 757/3160/263
f 770/3791/267 769/3792/267 4491/4362/656 4490/4361/656
f 769/3792/267 768/3793/267 4492/4365/656 4491/4362/656
f 768/3793/267 767/3790/268 4493/4367/656 4492/4365/656
f 757/3160/263 4490/4361/656 4494/4364/656 758/3162/264
f 758/3162/264 4494/4364/656 4498/4370/656 759/3163/265
f 759/3163/265 4498/4370/656 4517/4391/656 760/3151/266
f 32/2332/32 792/2441/278 4502/4373/656 764/3787/267
f 792/2441/278 793/2442/278 4503/4374/656 4502/4373/656
f 793/2442/278 794/2443/279 4504/4377/656 4503/4374/656
f 794/2443/279 795/2437/278 4505/4379/656 4504/4377/656
f 764/3787/267 4502/4373/656 4506/4376/656 765/3788/267
f 765/3788/267 4506/4376/656 4510/4382/656 766/3789/268
f 766/3789/268 4510/4382/656 4493/4367/656 767/3790/268
f 33/2432/33 763/3145/266 4514/4385/656 798/2433/278
f 763/3145/266 762/3149/265 4515/4386/656 4514/4385/656
f 762/3149/265 761/3150/266 4516/4389/656 4515/4386/656
f 761/3150/266 760/3151/266 4517/4391/656 4516/4389/656
f 798/2433/278 4514/4385/656 4518/4388/656 797/2435/278
f 797/2435/278 4518/4388/656 4522/4394/656 796/2436/278
f 796/2436/278 4522/4394/656 4505/4379/656 795/2437/278
f 4527/4398/658 4528/4399/658 4532/4400/660 4531/4401/660
f 4528/4399/658 4529/4402/659 4533/4403/660 4532/4400/660
f 4529/4402/659 4530/4404/659 4534/4405/659 4533/4403/660
f 4531/4401/660 4532/4400/660 4536/4406/661 4535/4407/661
f 4532/4400/660 4533/4403/660 4537/4408/662 4536/4406/661
f 4533/4403/660 4534/4405/659 4538/4409/663 4537/4408/662
f 4539/4410/660 4540/4411/658 4544/4412/658 4543/4413/658
f 4540/4411/658 4541/4414/658 4545/4415/658 4544/4412/658
f 4541/4414/658 4542/4416/658 4546/4417/658 4545/4415/658
f 4543/4413/658 4544/4412/658 4548/4418/658 4547/4419/663
f 4544/4412/658 4545/4415/658 4549/4420/658 4548/4418/658
f 4545/4415/658 4546/4417/658 4550/4421/663 4549/4420/658
f 4551/4422/659 4552/4423/658 4556/4424/658 4555/4425/662
f 4552/4423/658 4553/4426/658 4557/4427/658 4556/4424/658
f 4553/4426/658 4554/4428/662 4558/4429/658 4557/4427/658
f 4555/4425/662 4556/4424/658 4560/4430/660 4559/4431/658
f 4556/4424/658 4557/4427/658 4561/4432/658 4560/4430/660
f 4557/4427/658 4558/4429/658 4562/4433/658 4561/4432/658
f 4547/4419/663 4548/4418/658 4534/4405/659 4530/4404/659
f 4548/4418/658 4549/4420/658 4538/4409/663 4534/4405/659
f 4559/4431/658 4560/4430/660 4546/4417/658 4542/4416/658
f 4560/4430/660 4561/4432/658 4550/4421/663 4546/4417/658
f 4535/4407/661 4536/4406/661 4558/4429/658 4554/4428/662
f 4536/4406/661 4537/4408/662 4562/4433/658 4558/4429/658
f 4537/4408/662 4538/4409/663 4526/4434/658 4562/4433/658
f 4549/4420/658 4550/4421/663 4526/4434/658 4538/4409/663
f 4561/4432/658 4562/4433/658 4526/4434/658 4550/4421/663
f 10/2760/10 994/4352/337 4527/4398/658 995/2761/338
f 994/4352/337 993/4356/336 4528/4399/658 4527/4398/658
f 993/4356/336 992/4357/336 4529/4402/659 4528/4399/658
f 992/4357/336 991/4350/334 4530/4404/659 4529/4402/659
f 995/2761/338 4527/4398/658 4531/4401/660 996/2763/338
f 996/2763/338 4531/4401/660 4535/4407/661 997/2764/338
f 997/2764/338 4535/4407/661 4554/4428/662 998/2752/339
f 39/3056/39 771/3104/269 4539/4410/660 988/4347/334
f 771/3104/269 772/3105/270 4540/4411/658 4539/4410/660
f 772/3105/270 773/3106/270 4541/4414/658 4540/4411/658
f 773/3106/270 774/3103/271 4542/4416/658 4541/4414/658
f 988/4347/334 4539/4410/660 4543/4413/658 989/4348/334
f 989/4348/334 4543/4413/658 4547/4419/663 990/4349/335
f 990/4349/335 4547/4419/663 4530/4404/659 991/4350/334
f 36/2744/36 1001/2746/338 4551/4422/659 777/3100/270
f 1001/2746/338 1000/2750/338 4552/4423/658 4551/4422/659
f 1000/2750/338 999/2751/338 4553/4426/658 4552/4423/658
f 999/2751/338 998/2752/339 4554/4428/662 4553/4426/658
f 777/3100/270 4551/4422/659 4555/4425/662 776/3101/269
f 776/3101/269 4555/4425/662 4559/4431/658 775/3102/270
f 775/3102/270 4559/4431/658 4542/4416/658 774/3103/271
f 4564/4435/343 4565/4436/344 4569/4437/341 4568/4438/341
f 4565/4436/344 4566/4439/344 4570/4440/341 4569/4437/341
f 4566/4439/344 4567/4441/341 4571/4442/341 4570/4440/341
f 4568/4438/341 4569/4437/341 4573/4443/344 4572/4444/344
f 4569/4437/341 4570/4440/341 4574/4445/344 4573/4443/344
f 4570/4440/341 4571/4442/341 4575/4446/341 4574/4445/344
f 4576/4447/344 4577/4448/344 4581/4449/341 4580/4450/344
f 4577/4448/344 4578/4451/341 4582/4452/341 4581/4449/341
f 4578/4451/341 4579/4453/344 4583/4454/344 4582/4452/341
f 4580/4450/344 4581/4449/341 4585/4455/341 4584/4456/344
f 4581/4449/341 4582/4452/341 4586/4457/344 4585/4455/341
f 4582/4452/341 4583/4454/344 4587/4458/344 4586/4457/344
f 4588/4459/341 4589/4460/342 4593/4461/342 4592/4462/344
f 4589/4460/342 4590/4463/344 4594/4464/342 4593/4461/342
f 4590/4463/344 4591/4465/344 4595/4466/341 4594/4464/342
f 4592/4462/344 4593/4461/342 4597/4467/344 4596/4468/344
f 4593/4461/342 4594/4464/342 4598/4469/344 4597/4467/344
f 4594/4464/342 4595/4466/341 4599/4470/344 4598/4469/344
f 4584/4456/344 4585/4455/341 4571/4442/341 4567/4441/341
f 4585/4455/341 4586/4457/344 4575/4446/341 4571/4442/341
f 4596/4468/344 4597/4467/344 4583/4454/344 4579/4453/344
f 4597/4467/344 4598/4469/344 4587/4458/344 4583/4454/344
f 4572/4444/344 4573/4443/344 4595/4466/341 4591/4465/344
f 4573/4443/344 4574/4445/344 4599/4470/344 4595/4466/341
f 4574/4445/344 4575/4446/341 4563/4471/664 4599/4470/344
f 4586/4457/344 4587/4458/344 4563/4471/664 4575/4446/341
f 4598/4469/344 4599/4470/344 4563/4471/664 4587/4458/344
f 48/4472/48 1016/4473/345 4564/4435/343 1009/4474/341
f 1016/4473/345 1017/4475/48 4565/4436/344 4564/4435/343
f 1017/4475/48 1018/4476/48 4566/4439/344 4565/4436/344
f 1018/4476/48 1019/4477/48 4567/4441/341 4566/4439/344
f 1009/4474/341 4564/4435/343 4568/4438/341 1010/4478/342
f 1010/4478/342 4568/4438/341 4572/4444/344 1011/4479/341
f 1011/4479/341 4572/4444/344 4591/4465/344 1012/4480/343
f 50/4481/48 1205/4482/344 4576/4447/344 1022/4483/48
f 1205/4482/344 1206/4484/344 4577/4448/344 4576/4447/344
f 1206/4484/344 1207/4485/341 4578/4451/341 4577/4448/344
f 1207/4485/341 1208/4486/343 4579/4453/344 4578/4451/341
f 1022/4483/48 4576/4447/344 4580/4450/344 1021/4487/345
f 1021/4487/345 4580/4450/344 4584/4456/344 1020/4488/346
f 1020/4488/346 4584/4456/344 4567/4441/341 1019/4477/48
f 49/4489/49 1015/4490/344 4588/4459/341 1211/4491/341
f 1015/4490/344 1014/4492/344 4589/4460/342 4588/4459/341
f 1014/4492/344 1013/4493/344 4590/4463/344 4589/4460/342
f 1013/4493/344 1012/4480/343 4591/4465/344 4590/4463/344
f 1211/4491/341 4588/4459/341 4592/4462/344 1210/4494/344
f 1210/4494/344 4592/4462/344 4596/4468/344 1209/4495/343
f 1209/4495/343 4596/4468/344 4579/4453/344 1208/4486/343
f 4601/4496/344 4602/4497/344 4606/4498/344 4605/4499/344
f 4602/4497/344 4603/4500/342 4607/4501/344 4606/4498/344
f 4603/4500/342 4604/4502/344 4608/4503/344 4607/4501/344
f 4605/4499/344 4606/4498/344 4610/4504/344 4609/4505/341
f 4606/4498/344 4607/4501/344 4611/4506/344 4610/4504/344
f 4607/4501/344 4608/4503/344 4612/4507/344 4611/4506/344
f 4613/4508/341 4614/4509/341 4618/4510/342 4617/4511/341
f 4614/4509/341 4615/4512/344 4619/4513/341 4618/4510/342
f 4615/4512/344 4616/4514/341 4620/4515/342 4619/4513/341
f 4617/4511/341 4618/4510/342 4622/4516/344 4621/4517/343
f 4618/4510/342 4619/4513/341 4623/4518/344 4622/4516/344
f 4619/4513/341 4620/4515/342 4624/4519/341 4623/4518/344
f 4625/4520/341 4626/4521/344 4630/4522/341 4629/4523/341
f 4626/4521/344 4627/4524/344 4631/4525/344 4630/4522/341
f 4627/4524/344 4628/4526/341 4632/4527/344 4631/4525/344
f 4629/4523/341 4630/4522/341 4634/4528/341 4633/4529/341
f 4630/4522/341 4631/4525/344 4635/4530/344 4634/4528/341
f 4631/4525/344 4632/4527/344 4636/4531/344 4635/4530/344
f 4621/4517/343 4622/4516/344 4608/4503/344 4604/4502/344
f 4622/4516/344 4623/4518/344 4612/4507/344 4608/4503/344
f 4633/4529/341 4634/4528/341 4620/4515/342 4616/4514/341
f 4634/4528/341 4635/4530/344 4624/4519/341 4620/4515/342
f 4609/4505/341 4610/4504/344 4632/4527/344 4628/4526/341
f 4610/4504/344 4611/4506/344 4636/4531/344 4632/4527/344
f 4611/4506/344 4612/4507/344 4600/4532/344 4636/4531/344
f 4623/4518/344 4624/4519/341 4600/4532/344 4612/4507/344
f 4635/4530/344 4636/4531/344 4600/4532/344 4624/4519/341
f 48/4472/48 1009/4474/341 4601/4496/344 1023/4533/344
f 1009/4474/341 1010/4478/342 4602/4497/344 4601/4496/344
f 1010/4478/342 1011/4479/341 4603/4500/342 4602/4497/344
f 1011/4479/341 1012/4480/343 4604/4502/344 4603/4500/342
f 1023/4533/344 4601/4496/344 4605/4499/344 1024/4534/343
f 1024/4534/343 4605/4499/344 4609/4505/341 1025/4535/343
f 1025/4535/343 4609/4505/341 4628/4526/341 1026/4536/343
f 49/4489/49 1030/4537/50 4613/4508/341 1015/4490/344
f 1030/4537/50 1031/4538/49 4614/4509/341 4613/4508/341
f 1031/4538/49 1032/4539/50 4615/4512/344 4614/4509/341
f 1032/4539/50 1033/4540/49 4616/4514/341 4615/4512/344
f 1015/4490/344 4613/4508/341 4617/4511/341 1014/4492/344
f 1014/4492/344 4617/4511/341 4621/4517/343 1013/4493/344
f 1013/4493/344 4621/4517/343 4604/4502/344 1012/4480/343
f 51/4541/50 1029/4542/342 4625/4520/341 1036/4543/49
f 1029/4542/342 1028/4544/343 4626/4521/344 4625/4520/341
f 1028/4544/343 1027/4545/344 4627/4524/344 4626/4521/344
f 1027/4545/344 1026/4536/343 4628/4526/341 4627/4524/344
f 1036/4543/49 4625/4520/341 4629/4523/341 1035/4546/49
f 1035/4546/49 4629/4523/341 4633/4529/341 1034/4547/50
f 1034/4547/50 4633/4529/341 4616/4514/341 1033/4540/49
f 4638/4548/347 4639/4549/347 4643/4550/349 4642/4551/348
f 4639/4549/347 4640/4552/348 4644/4553/347 4643/4550/349
f 4640/4552/348 4641/4554/349 4645/4555/347 4644/4553/347
f 4642/4551/348 4643/4550/349 4647/4556/348 4646/4557/347
f 4643/4550/349 4644/4553/347 4648/4558/348 4647/4556/348
f 4644/4553/347 4645/4555/347 4649/4559/347 4648/4558/348
f 4650/4560/347 4651/4561/348 4655/4562/347 4654/4563/347
f 4651/4561/348 4652/4564/348 4656/4565/348 4655/4562/347
f 4652/4564/348 4653/4566/347 4657/4567/347 4656/4565/348
f 4654/4563/347 4655/4562/347 4659/4568/347 4658/4569/347
f 4655/4562/347 4656/4565/348 4660/4570/347 4659/4568/347
f 4656/4565/348 4657/4567/347 4661/4571/347 4660/4570/347
f 4662/4572/348 4663/4573/348 4667/4574/348 4666/4575/348
f 4663/4573/348 4664/4576/348 4668/4577/348 4667/4574/348
f 4664/4576/348 4665/4578/347 4669/4579/348 4668/4577/348
f 4666/4575/348 4667/4574/348 4671/4580/349 4670/4581/347
f 4667/4574/348 4668/4577/348 4672/4582/347 4671/4580/349
f 4668/4577/348 4669/4579/348 4673/4583/347 4672/4582/347
f 4658/4569/347 4659/4568/347 4645/4555/347 4641/4554/349
f 4659/4568/347 4660/4570/347 4649/4559/347 4645/4555/347
f 4670/4581/347 4671/4580/349 4657/4567/347 4653/4566/347
f 4671/4580/349 4672/4582/347 4661/4571/347 4657/4567/347
f 4646/4557/347 4647/4556/348 4669/4579/348 4665/4578/347
f 4647/4556/348 4648/4558/348 4673/4583/347 4669/4579/348
f 4648/4558/348 4649/4559/347 4637/4584/348 4673/4583/347
f 4660/4570/347 4661/4571/347 4637/4584/348 4649/4559/347
f 4672/4582/347 4673/4583/347 4637/4584/348 4661/4571/347
f 51/4541/50 1036/4543/49 4638/4548/347 1037/4585/347
f 1036/4543/49 1035/4546/49 4639/4549/347 4638/4548/347
f 1035/4546/49 1034/4547/50 4640/4552/348 4639/4549/347
f 1034/4547/50 1033/4540/49 4641/4554/349 4640/4552/348
f 1037/4585/347 4638/4548/347 4642/4551/348 1038/4586/347
f 1038/4586/347 4642/4551/348 4646/4557/347 1039/4587/348
f 1039/4587/348 4646/4557/347 4665/4578/347 1040/4588/348
f 49/4489/49 1198/4589/347 4650/4560/347 1030/4537/50
f 1198/4589/347 1199/4590/347 4651/4561/348 4650/4560/347
f 1199/4590/347 1200/4591/348 4652/4564/348 4651/4561/348
f 1200/4591/348 1201/4592/347 4653/4566/347 4652/4564/348
f 1030/4537/50 4650/4560/347 4654/4563/347 1031/4538/49
f 1031/4538/49 4654/4563/347 4658/4569/347 1032/4539/50
f 1032/4539/50 4658/4569/347 4641/4554/349 1033/4540/49
f 52/4593/51 1043/4594/347 4662/4572/348 1204/4595/348
f 1043/4594/347 1042/4596/349 4663/4573/348 4662/4572/348
f 1042/4596/349 1041/4597/347 4664/4576/348 4663/4573/348
f 1041/4597/347 1040/4588/348 4665/4578/347 4664/4576/348
f 1204/4595/348 4662/4572/348 4666/4575/348 1203/4598/348
f 1203/4598/348 4666/4575/348 4670/4581/347 1202/4599/347
f 1202/4599/347 4670/4581/347 4653/4566/347 1201/4592/347
f 4675/4600/348 4676/4601/347 4680/4602/347 4679/4603/348
f 4676/4601/347 4677/4604/347 4681/4605/347 4680/4602/347
f 4677/4604/347 4678/4606/348 4682/4607/347 4681/4605/347
f 4679/4603/348 4680/4602/347 4684/4608/348 4683/4609/348
f 4680/4602/347 4681/4605/347 4685/4610/347 4684/4608/348
f 4681/4605/347 4682/4607/347 4686/4611/347 4685/4610/347
f 4687/4612/347 4688/4613/347 4692/4614/347 4691/4615/347
f 4688/4613/347 4689/4616/347 4693/4617/347 4692/4614/347
f 4689/4616/347 4690/4618/348 4694/4619/348 4693/4617/347
f 4691/4615/347 4692/4614/347 4696/4620/347 4695/4621/348
f 4692/4614/347 4693/4617/347 4697/4622/347 4696/4620/347
f 4693/4617/347 4694/4619/348 4698/4623/347 4697/4622/347
f 4699/4624/347 4700/4625/347 4704/4626/347 4703/4627/347
f 4700/4625/347 4701/4628/347 4705/4629/347 4704/4626/347
f 4701/4628/347 4702/4630/348 4706/4631/348 4705/4629/347
f 4703/4627/347 4704/4626/347 4708/4632/348 4707/4633/347
f 4704/4626/347 4705/4629/347 4709/4634/347 4708/4632/348
f 4705/4629/347 4706/4631/348 4710/4635/348 4709/4634/347
f 4695/4621/348 4696/4620/347 4682/4607/347 4678/4606/348
f 4696/4620/347 4697/4622/347 4686/4611/347 4682/4607/347
f 4707/4633/347 4708/4632/348 4694/4619/348 4690/4618/348
f 4708/4632/348 4709/4634/347 4698/4623/347 4694/4619/348
f 4683/4609/348 4684/4608/348 4706/4631/348 4702/4630/348
f 4684/4608/348 4685/4610/347 4710/4635/348 4706/4631/348
f 4685/4610/347 4686/4611/347 4674/4636/347 4710/4635/348
f 4697/4622/347 4698/4623/347 4674/4636/347 4686/4611/347
f 4709/4634/347 4710/4635/348 4674/4636/347 4698/4623/347
f 51/4541/50 1037/4585/347 4675/4600/348 1044/4637/347
f 1037/4585/347 1038/4586/347 4676/4601/347 4675/4600/348
f 1038/4586/347 1039/4587/348 4677/4604/347 4676/4601/347
f 1039/4587/348 1040/4588/348 4678/4606/348 4677/4604/347
f 1044/4637/347 4675/4600/348 4679/4603/348 1045/4638/348
f 1045/4638/348 4679/4603/348 4683/4609/348 1046/4639/348
f 1046/4639/348 4683/4609/348 4702/4630/348 1047/4640/348
f 52/4593/51 1058/4641/51 4687/4612/347 1043/4594/347
f 1058/4641/51 1059/4642/51 4688/4613/347 4687/4612/347
f 1059/4642/51 1060/4643/51 4689/4616/347 4688/4613/347
f 1060/4643/51 1061/4644/51 4690/4618/348 4689/4616/347
f 1043/4594/347 4687/4612/347 4691/4615/347 1042/4596/349
f 1042/4596/349 4691/4615/347 4695/4621/348 1041/4597/347
f 1041/4597/347 4695/4621/348 4678/4606/348 1040/4588/348
f 53/4645/51 1050/4646/347 4699/4624/347 1064/4647/51
f 1050/4646/347 1049/4648/347 4700/4625/347 4699/4624/347
f 1049/4648/347 1048/4649/347 4701/4628/347 4700/4625/347
f 1048/4649/347 1047/4640/348 4702/4630/348 4701/4628/347
f 1064/4647/51 4699/4624/347 4703/4627/347 1063/4650/352
f 1063/4650/352 4703/4627/347 4707/4633/347 1062/4651/51
f 1062/4651/51 4707/4633/347 4690/4618/348 1061/4644/51
f 4712/4652/350 4713/4653/350 4717/4654/350 4716/4655/351
f 4713/4653/350 4714/4656/351 4718/4657/350 4717/4654/350
f 4714/4656/351 4715/4658/350 4719/4659/351 4718/4657/350
f 4716/4655/351 4717/4654/350 4721/4660/351 4720/4661/351
f 4717/4654/350 4718/4657/350 4722/4662/350 4721/4660/351
f 4718/4657/350 4719/4659/351 4723/4663/350 4722/4662/350
f 4724/4664/350 4725/4665/350 4729/4666/350 4728/4667/351
f 4725/4665/350 4726/4668/350 4730/4669/351 4729/4666/350
f 4726/4668/350 4727/4670/351 4731/4671/350 4730/4669/351
f 4728/4667/351 4729/4666/350 4733/4672/351 4732/4673/350
f 4729/4666/350 4730/4669/351 4734/4674/351 4733/4672/351
f 4730/4669/351 4731/4671/350 4735/4675/355 4734/4674/351
f 4736/4676/350 4737/4677/351 4741/4678/350 4740/4679/351
f 4737/4677/351 4738/4680/350 4742/4681/350 4741/4678/350
f 4738/4680/350 4739/4682/351 4743/4683/351 4742/4681/350
f 4740/4679/351 4741/4678/350 4745/4684/350 4744/4685/350
f 4741/4678/350 4742/4681/350 4746/4686/350 4745/4684/350
f 4742/4681/350 4743/4683/351 4747/4687/351 4746/4686/350
f 4732/4673/350 4733/4672/351 4719/4659/351 4715/4658/350
f 4733/4672/351 4734/4674/351 4723/4663/350 4719/4659/351
f 4744/4685/350 4745/4684/350 4731/4671/350 4727/4670/351
f 4745/4684/350 4746/4686/350 4735/4675/355 4731/4671/350
f 4720/4661/351 4721/4660/351 4743/4683/351 4739/4682/351
f 4721/4660/351 4722/4662/350 4747/4687/351 4743/4683/351
f 4722/4662/350 4723/4663/350 4711/4688/351 4747/4687/351
f 4734/4674/351 4735/4675/355 4711/4688/351 4723/4663/350
f 4746/4686/350 4747/4687/351 4711/4688/351 4735/4675/355
f 53/4645/51 1064/4647/51 4712/4652/350 1051/4689/350
f 1064/4647/51 1063/4650/352 4713/4653/350 4712/4652/350
f 1063/4650/352 1062/4651/51 4714/4656/351 4713/4653/350
f 1062/4651/51 1061/4644/51 4715/4658/350 4714/4656/351
f 1051/4689/350 4712/4652/350 4716/4655/351 1052/4690/351
f 1052/4690/351 4716/4655/351 4720/4661/351 1053/4691/350
f 1053/4691/350 4720/4661/351 4739/4682/351 1054/4692/350
f 52/4593/51 1079/4693/350 4724/4664/350 1058/4641/51
f 1079/4693/350 1080/4694/350 4725/4665/350 4724/4664/350
f 1080/4694/350 1081/4695/350 4726/4668/350 4725/4665/350
f 1081/4695/350 1082/4696/355 4727/4670/351 4726/4668/350
f 1058/4641/51 4724/4664/350 4728/4667/351 1059/4642/51
f 1059/4642/51 4728/4667/351 4732/4673/350 1060/4643/51
f 1060/4643/51 4732/4673/350 4715/4658/350 1061/4644/51
f 54/4697/52 1057/4698/350 4736/4676/350 1085/4699/350
f 1057/4698/350 1056/4700/351 4737/4677/351 4736/4676/350
f 1056/4700/351 1055/4701/351 4738/4680/350 4737/4677/351
f 1055/4701/351 1054/4692/350 4739/4682/351 4738/4680/350
f 1085/4699/350 4736/4676/350 4740/4679/351 1084/4702/350
f 1084/4702/350 4740/4679/351 4744/4685/350 1083/4703/350
f 1083/4703/350 4744/4685/350 4727/4670/351 1082/4696/355
f 4749/4704/350 4750/4705/350 4754/4706/350 4753/4707/350
f 4750/4705/350 4751/4708/350 4755/4709/350 4754/4706/350
f 4751/4708/350 4752/4710/351 4756/4711/350 4755/4709/350
f 4753/4707/350 4754/4706/350 4758/4712/350 4757/4713/350
f 4754/4706/350 4755/4709/350 4759/4714/350 4758/4712/350
f 4755/4709/350 4756/4711/350 4760/4715/351 4759/4714/350
f 4761/4716/350 4762/4717/355 4766/4718/350 4765/4719/351
f 4762/4717/355 4763/4720/350 4767/4721/350 4766/4718/350
f 4763/4720/350 4764/4722/350 4768/4723/351 4767/4721/350
f 4765/4719/351 4766/4718/350 4770/4724/350 4769/4725/350
f 4766/4718/350 4767/4721/350 4771/4726/350 4770/4724/350
f 4767/4721/350 4768/4723/351 4772/4727/350 4771/4726/350
f 4773/4728/350 4774/4729/350 4778/4730/350 4777/4731/351
f 4774/4729/350 4775/4732/351 4779/4733/351 4778/4730/350
f 4775/4732/351 4776/4734/350 4780/4735/351 4779/4733/351
f 4777/4731/351 4778/4730/350 4782/4736/350 4781/4737/351
f 4778/4730/350 4779/4733/351 4783/4738/350 4782/4736/350
f 4779/4733/351 4780/4735/351 4784/4739/350 4783/4738/350
f 4769/4725/350 4770/4724/350 4756/4711/350 4752/4710/351
f 4770/4724/350 4771/4726/350 4760/4715/351 4756/4711/350
f 4781/4737/351 4782/4736/350 4768/4723/351 4764/4722/350
f 4782/4736/350 4783/4738/350 4772/4727/350 4768/4723/351
f 4757/4713/350 4758/4712/350 4780/4735/351 4776/4734/350
f 4758/4712/350 4759/4714/350 4784/4739/350 4780/4735/351
f 4759/4714/350 4760/4715/351 4748/4740/350 4784/4739/350
f 4771/4726/350 4772/4727/350 4748/4740/350 4760/4715/351
f 4783/4738/350 4784/4739/350 4748/4740/350 4772/4727/350
f 55/4741/52 1071/4742/52 4749/4704/350 1197/4743/350
f 1071/4742/52 1070/4744/52 4750/4705/350 4749/4704/350
f 1070/4744/52 1069/4745/52 4751/4708/350 4750/4705/350
f 1069/4745/52 1068/4746/52 4752/4710/351 4751/4708/350
f 1197/4743/350 4749/4704/350 4753/4707/350 1196/4747/350
f 1196/4747/350 4753/4707/350 4757/4713/350 1195/4748/350
f 1195/4748/350 4757/4713/350 4776/4734/350 1194/4749/350
f 54/4697/52 1085/4699/350 4761/4716/350 1065/4750/52
f 1085/4699/350 1084/4702/350 4762/4717/355 4761/4716/350
f 1084/4702/350 1083/4703/350 4763/4720/350 4762/4717/355
f 1083/4703/350 1082/4696/355 4764/4722/350 4763/4720/350
f 1065/4750/52 4761/4716/350 4765/4719/351 1066/4751/52
f 1066/4751/52 4765/4719/351 4769/4725/350 1067/4752/52
f 1067/4752/52 4769/4725/350 4752/4710/351 1068/4746/52
f 52/4593/51 1191/4753/350 4773/4728/350 1079/4693/350
f 1191/4753/350 1192/4754/350 4774/4729/350 4773/4728/350
f 1192/4754/350 1193/4755/351 4775/4732/351 4774/4729/350
f 1193/4755/351 1194/4749/350 4776/4734/350 4775/4732/351
f 1079/4693/350 4773/4728/350 4777/4731/351 1080/4694/350
f 1080/4694/350 4777/4731/351 4781/4737/351 1081/4695/350
f 1081/4695/350 4781/4737/351 4764/4722/350 1082/4696/355
f 4786/4756/354 4787/4757/354 4791/4758/354 4790/4759/665
f 4787/4757/354 4788/4760/356 4792/4761/354 4791/4758/354
f 4788/4760/356 4789/4762/665 4793/4763/356 4792/4761/354
f 4790/4759/665 4791/4758/354 4795/4764/356 4794/4765/356
f 4791/4758/354 4792/4761/354 4796/4766/356 4795/4764/356
f 4792/4761/354 4793/4763/356 4797/4767/354 4796/4766/356
f 4798/4768/354 4799/4769/354 4803/4770/354 4802/4771/354
f 4799/4769/354 4800/4772/356 4804/4773/353 4803/4770/354
f 4800/4772/356 4801/4774/353 4805/4775/354 4804/4773/353
f 4802/4771/354 4803/4770/354 4807/4776/665 4806/4777/354
f 4803/4770/354 4804/4773/353 4808/4778/354 4807/4776/665
f 4804/4773/353 4805/4775/354 4809/4779/354 4808/4778/354
f 4810/4780/354 4811/4781/354 4815/4782/354 4814/4783/356
f 4811/4781/354 4812/4784/354 4816/4785/354 4815/4782/354
f 4812/4784/354 4813/4786/354 4817/4787/356 4816/4785/354
f 4814/4783/356 4815/4782/354 4819/4788/354 4818/4789/354
f 4815/4782/354 4816/4785/354 4820/4790/354 4819/4788/354
f 4816/4785/354 4817/4787/356 4821/4791/356 4820/4790/354
f 4806/4777/354 4807/4776/665 4793/4763/356 4789/4762/665
f 4807/4776/665 4808/4778/354 4797/4767/354 4793/4763/356
f 4818/4789/354 4819/4788/354 4805/4775/354 4801/4774/353
f 4819/4788/354 4820/4790/354 4809/4779/354 4805/4775/354
f 4794/4765/356 4795/4764/356 4817/4787/356 4813/4786/354
f 4795/4764/356 4796/4766/356 4821/4791/356 4817/4787/356
f 4796/4766/356 4797/4767/354 4785/4792/356 4821/4791/356
f 4808/4778/354 4809/4779/354 4785/4792/356 4797/4767/354
f 4820/4790/354 4821/4791/356 4785/4792/356 4809/4779/354
f 54/4697/52 1065/4750/52 4786/4756/354 1072/4793/353
f 1065/4750/52 1066/4751/52 4787/4757/354 4786/4756/354
f 1066/4751/52 1067/4752/52 4788/4760/356 4787/4757/354
f 1067/4752/52 1068/4746/52 4789/4762/665 4788/4760/356
f 1072/4793/353 4786/4756/354 4790/4759/665 1073/4794/353
f 1073/4794/353 4790/4759/665 4794/4765/356 1074/4795/353
f 1074/4795/353 4794/4765/356 4813/4786/354 1075/4796/354
f 55/4741/52 1086/4797/353 4798/4768/354 1071/4742/52
f 1086/4797/353 1087/4798/356 4799/4769/354 4798/4768/354
f 1087/4798/356 1088/4799/354 4800/4772/356 4799/4769/354
f 1088/4799/354 1089/4800/354 4801/4774/353 4800/4772/356
f 1071/4742/52 4798/4768/354 4802/4771/354 1070/4744/52
f 1070/4744/52 4802/4771/354 4806/4777/354 1069/4745/52
f 1069/4745/52 4806/4777/354 4789/4762/665 1068/4746/52
f 56/4801/53 1078/4802/354 4810/4780/354 1092/4803/356
f 1078/4802/354 1077/4804/354 4811/4781/354 4810/4780/354
f 1077/4804/354 1076/4805/354 4812/4784/354 4811/4781/354
f 1076/4805/354 1075/4796/354 4813/4786/354 4812/4784/354
f 1092/4803/356 4810/4780/354 4814/4783/356 1091/4806/356
f 1091/4806/356 4814/4783/356 4818/4789/354 1090/4807/356
f 1090/4807/356 4818/4789/354 4801/4774/353 1089/4800/354
f 4823/4808/354 4824/4809/354 4828/4810/354 4827/4811/354
f 4824/4809/354 4825/4812/665 4829/4813/354 4828/4810/354
f 4825/4812/665 4826/4814/354 4830/4815/665 4829/4813/354
f 4827/4811/354 4828/4810/354 4832/4816/354 4831/4817/354
f 4828/4810/354 4829/4813/354 4833/4818/354 4832/4816/354
f 4829/4813/354 4830/4815/665 4834/4819/354 4833/4818/354
f 4835/4820/354 4836/4821/353 4840/4822/354 4839/4823/354
f 4836/4821/353 4837/4824/354 4841/4825/356 4840/4822/354
f 4837/4824/354 4838/4826/356 4842/4827/354 4841/4825/356
f 4839/4823/354 4840/4822/354 4844/4828/356 4843/4829/354
f 4840/4822/354 4841/4825/356 4845/4830/354 4844/4828/356
f 4841/4825/356 4842/4827/354 4846/4831/356 4845/4830/354
f 4847/4832/356 4848/4833/354 4852/4834/356 4851/4835/354
f 4848/4833/354 4849/4836/354 4853/4837/353 4852/4834/356
f 4849/4836/354 4850/4838/354 4854/4839/356 4853/4837/353
f 4851/4835/354 4852/4834/356 4856/4840/356 4855/4841/354
f 4852/4834/356 4853/4837/353 4857/4842/354 4856/4840/356
f 4853/4837/353 4854/4839/356 4858/4843/353 4857/4842/354
f 4843/4829/354 4844/4828/356 4830/4815/665 4826/4814/354
f 4844/4828/356 4845/4830/354 4834/4819/354 4830/4815/665
f 4855/4841/354 4856/4840/356 4842/4827/354 4838/4826/356
f 4856/4840/356 4857/4842/354 4846/4831/356 4842/4827/354
f 4831/4817/354 4832/4816/354 4854/4839/356 4850/4838/354
f 4832/4816/354 4833/4818/354 4858/4843/353 4854/4839/356
f 4833/4818/354 4834/4819/354 4822/4844/354 4858/4843/353
f 4845/4830/354 4846/4831/356 4822/4844/354 4834/4819/354
f 4857/4842/354 4858/4843/353 4822/4844/354 4846/4831/356
f 57/4845/53 1099/4846/53 4823/4808/354 1190/4847/354
f 1099/4846/53 1098/4848/53 4824/4809/354 4823/4808/354
f 1098/4848/53 1097/4849/357 4825/4812/665 4824/4809/354
f 1097/4849/357 1096/4850/53 4826/4814/354 4825/4812/665
f 1190/4847/354 4823/4808/354 4827/4811/354 1189/4851/354
f 1189/4851/354 4827/4811/354 4831/4817/354 1188/4852/354
f 1188/4852/354 4831/4817/354 4850/4838/354 1187/4853/353
f 56/4801/53 1092/4803/356 4835/4820/354 1093/4854/357
f 1092/4803/356 1091/4806/356 4836/4821/353 4835/4820/354
f 1091/4806/356 1090/4807/356 4837/4824/354 4836/4821/353
f 1090/4807/356 1089/4800/354 4838/4826/356 4837/4824/354
f 1093/4854/357 4835/4820/354 4839/4823/354 1094/4855/357
f 1094/4855/357 4839/4823/354 4843/4829/354 1095/4856/53
f 1095/4856/53 4843/4829/354 4826/4814/354 1096/4850/53
f 55/4741/52 1184/4857/356 4847/4832/356 1086/4797/353
f 1184/4857/356 1185/4858/354 4848/4833/354 4847/4832/356
f 1185/4858/354 1186/4859/354 4849/4836/354 4848/4833/354
f 1186/4859/354 1187/4853/353 4850/4838/354 4849/4836/354
f 1086/4797/353 4847/4832/356 4851/4835/354 1087/4798/356
f 1087/4798/356 4851/4835/354 4855/4841/354 1088/4799/354
f 1088/4799/354 4855/4841/354 4838/4826/356 1089/4800/354
f 4860/4860/358 4861/4861/358 4865/4862/358 4864/4863/358
f 4861/4861/358 4862/4864/358 4866/4865/359 4865/4862/358
f 4862/4864/358 4863/4866/359 4867/4867/358 4866/4865/359
f 4864/4863/358 4865/4862/358 4869/4868/361 4868/4869/359
f 4865/4862/358 4866/4865/359 4870/4870/358 4869/4868/361
f 4866/4865/359 4867/4867/358 4871/4871/359 4870/4870/358
f 4872/4872/358 4873/4873/359 4877/4874/358 4876/4875/358
f 4873/4873/359 4874/4876/358 4878/4877/361 4877/4874/358
f 4874/4876/358 4875/4878/358 4879/4879/361 4878/4877/361
f 4876/4875/358 4877/4874/358 4881/4880/358 4880/4881/358
f 4877/4874/358 4878/4877/361 4882/4882/358 4881/4880/358
f 4878/4877/361 4879/4879/361 4883/4883/358 4882/4882/358
f 4884/4884/361 4885/4885/358 4889/4886/358 4888/4887/358
f 4885/4885/358 4886/4888/361 4890/4889/359 4889/4886/358
f 4886/4888/361 4887/4890/358 4891/4891/361 4890/4889/359
f 4888/4887/358 4889/4886/358 4893/4892/359 4892/4893/359
f 4889/4886/358 4890/4889/359 4894/4894/359 4893/4892/359
f 4890/4889/359 4891/4891/361 4895/4895/359 4894/4894/359
f 4880/4881/358 4881/4880/358 4867/4867/358 4863/4866/359
f 4881/4880/358 4882/4882/358 4871/4871/359 4867/4867/358
f 4892/4893/359 4893/4892/359 4879/4879/361 4875/4878/358
f 4893/4892/359 4894/4894/359 4883/4883/358 4879/4879/361
f 4868/4869/359 4869/4868/361 4891/4891/361 4887/4890/358
f 4869/4868/361 4870/4870/358 4895/4895/359 4891/4891/361
f 4870/4870/358 4871/4871/359 4859/4896/358 4895/4895/359
f 4882/4882/358 4883/4883/358 4859/4896/358 4871/4871/359
f 4894/4894/359 4895/4895/359 4859/4896/358 4883/4883/358
f 56/4801/53 1093/4854/357 4860/4860/358 1100/4897/358
f 1093/4854/357 1094/4855/357 4861/4861/358 4860/4860/358
f 1094/4855/357 1095/4856/53 4862/4864/358 4861/4861/358
f 1095/4856/53 1096/4850/53 4863/4866/359 4862/4864/358
f 1100/4897/358 4860/4860/358 4864/4863/358 1101/4898/358
f 1101/4898/358 4864/4863/358 4868/4869/359 1102/4899/358
f 1102/4899/358 4868/4869/359 4887/4890/358 1103/4900/359
f 57/4845/53 1177/4901/358 4872/4872/358 1099/4846/53
f 1177/4901/358 1178/4902/359 4873/4873/359 4872/4872/358
f 1178/4902/359 1179/4903/359 4874/4876/358 4873/4873/359
f 1179/4903/359 1180/4904/358 4875/4878/358 4874/4876/358
f 1099/4846/53 4872/4872/358 4876/4875/358 1098/4848/53
f 1098/4848/53 4876/4875/358 4880/4881/358 1097/4849/357
f 1097/4849/357 4880/4881/358 4863/4866/359 1096/4850/53
f 58/4905/54 1106/4906/359 4884/4884/361 1183/4907/358
f 1106/4906/359 1105/4908/359 4885/4885/358 4884/4884/361
f 1105/4908/359 1104/4909/359 4886/4888/361 4885/4885/358
f 1104/4909/359 1103/4900/359 4887/4890/358 4886/4888/361
f 1183/4907/358 4884/4884/361 4888/4887/358 1182/4910/358
f 1182/4910/358 4888/4887/358 4892/4893/359 1181/4911/359
f 1181/4911/359 4892/4893/359 4875/4878/358 1180/4904/358
f 4897/4912/359 4898/4913/359 4902/4914/358 4901/4915/358
f 4898/4913/359 4899/4916/358 4903/4917/358 4902/4914/358
f 4899/4916/358 4900/4918/361 4904/4919/358 4903/4917/358
f 4901/4915/358 4902/4914/358 4906/4920/358 4905/4921/358
f 4902/4914/358 4903/4917/358 4907/4922/358 4906/4920/358
f 4903/4917/358 4904/4919/358 4908/4923/361 4907/4922/358
f 4909/4924/359 4910/4925/358 4914/4926/358 4913/4927/358
f 4910/4925/358 4911/4928/358 4915/4929/360 4914/4926/358
f 4911/4928/358 4912/4930/359 4916/4931/358 4915/4929/360
f 4913/4927/358 4914/4926/358 4918/4932/361 4917/4933/359
f 4914/4926/358 4915/4929/360 4919/4934/358 4918/4932/361
f 4915/4929/360 4916/4931/358 4920/4935/358 4919/4934/358
f 4921/4936/358 4922/4937/358 4926/4938/358 4925/4939/358
f 4922/4937/358 4923/4940/358 4927/4941/359 4926/4938/358
f 4923/4940/358 4924/4942/358 4928/4943/358 4927/4941/359
f 4925/4939/358 4926/4938/358 4930/4944/358 4929/4945/359
f 4926/4938/358 4927/4941/359 4931/4946/359 4930/4944/358
f 4927/4941/359 4928/4943/358 4932/4947/358 4931/4946/359
f 4917/4933/359 4918/4932/361 4904/4919/358 4900/4918/361
f 4918/4932/361 4919/4934/358 4908/4923/361 4904/4919/358
f 4929/4945/359 4930/4944/358 4916/4931/358 4912/4930/359
f 4930/4944/358 4931/4946/359 4920/4935/358 4916/4931/358
f 4905/4921/358 4906/4920/358 4928/4943/358 4924/4942/358
f 4906/4920/358 4907/4922/358 4932/4947/358 4928/4943/358
f 4907/4922/358 4908/4923/361 4896/4948/359 4932/4947/358
f 4919/4934/358 4920/4935/358 4896/4948/359 4908/4923/361
f 4931/4946/359 4932/4947/358 4896/4948/359 4920/4935/358
f 56/4801/53 1100/4897/358 4897/4912/359 1107/4949/358
f 1100/4897/358 1101/4898/358 4898/4913/359 4897/4912/359
f 1101/4898/358 1102/4899/358 4899/4916/358 4898/4913/359
f 1102/4899/358 1103/4900/359 4900/4918/361 4899/4916/358
f 1107/4949/358 4897/4912/359 4901/4915/358 1108/4950/358
f 1108/4950/358 4901/4915/358 4905/4921/358 1109/4951/360
f 1109/4951/360 4905/4921/358 4924/4942/358 1110/4952/361
f 58/4905/54 1114/4953/54 4909/4924/359 1106/4906/359
f 1114/4953/54 1115/4954/54 4910/4925/358 4909/4924/359
f 1115/4954/54 1116/4955/54 4911/4928/358 4910/4925/358
f 1116/4955/54 1117/4956/54 4912/4930/359 4911/4928/358
f 1106/4906/359 4909/4924/359 4913/4927/358 1105/4908/359
f 1105/4908/359 4913/4927/358 4917/4933/359 1104/4909/359
f 1104/4909/359 4917/4933/359 4900/4918/361 1103/4900/359
f 59/4957/54 1113/4958/359 4921/4936/358 1120/4959/54
f 1113/4958/359 1112/4960/361 4922/4937/358 4921/4936/358
f 1112/4960/361 1111/4961/361 4923/4940/358 4922/4937/358
f 1111/4961/361 1110/4952/361 4924/4942/358 4923/4940/358
f 1120/4959/54 4921/4936/358 4925/4939/358 1119/4962/54
f 1119/4962/54 4925/4939/358 4929/4945/359 1118/4963/54
f 1118/4963/54 4929/4945/359 4912/4930/359 1117/4956/54
f 4934/4964/362 4935/4965/362 4939/4966/363 4938/4967/363
f 4935/4965/362 4936/4968/362 4940/4969/363 4939/4966/363
f 4936/4968/362 4937/4970/363 4941/4971/362 4940/4969/363
f 4938/4967/363 4939/4966/363 4943/4972/362 4942/4973/362
f 4939/4966/363 4940/4969/363 4944/4974/362 4943/4972/362
f 4940/4969/363 4941/4971/362 4945/4975/363 4944/4974/362
f 4946/4976/362 4947/4977/362 4951/4978/666 4950/4979/362
f 4947/4977/362 4948/4980/363 4952/4981/362 4951/4978/666
f 4948/4980/363 4949/4982/666 4953/4983/363 4952/4981/362
f 4950/4979/362 4951/4978/666 4955/4984/362 4954/4985/666
f 4951/4978/666 4952/4981/362 4956/4986/362 4955/4984/362
f 4952/4981/362 4953/4983/363 4957/4987/362 4956/4986/362
f 4958/4988/362 4959/4989/362 4963/4990/362 4962/4991/362
f 4959/4989/362 4960/4992/362 4964/4993/362 4963/4990/362
f 4960/4992/362 4961/4994/362 4965/4995/362 4964/4993/362
f 4962/4991/362 4963/4990/362 4967/4996/362 4966/4997/363
f 4963/4990/362 4964/4993/362 4968/4998/362 4967/4996/362
f 4964/4993/362 4965/4995/362 4969/4999/362 4968/4998/362
f 4954/4985/666 4955/4984/362 4941/4971/362 4937/4970/363
f 4955/4984/362 4956/4986/362 4945/4975/363 4941/4971/362
f 4966/4997/363 4967/4996/362 4953/4983/363 4949/4982/666
f 4967/4996/362 4968/4998/362 4957/4987/362 4953/4983/363
f 4942/4973/362 4943/4972/362 4965/4995/362 4961/4994/362
f 4943/4972/362 4944/4974/362 4969/4999/362 4965/4995/362
f 4944/4974/362 4945/4975/363 4933/5000/362 4969/4999/362
f 4956/4986/362 4957/4987/362 4933/5000/362 4945/4975/363
f 4968/4998/362 4969/4999/362 4933/5000/362 4957/4987/362
f 60/5001/55 1127/5002/362 4934/4964/362 1176/5003/362
f 1127/5002/362 1126/5004/363 4935/4965/362 4934/4964/362
f 1126/5004/363 1125/5005/363 4936/4968/362 4935/4965/362
f 1125/5005/363 1124/5006/362 4937/4970/363 4936/4968/362
f 1176/5003/362 4934/4964/362 4938/4967/363 1175/5007/363
f 1175/5007/363 4938/4967/363 4942/4973/362 1174/5008/363
f 1174/5008/363 4942/4973/362 4961/4994/362 1173/5009/362
f 59/4957/54 1120/4959/54 4946/4976/362 1121/5010/362
f 1120/4959/54 1119/4962/54 4947/4977/362 4946/4976/362
f 1119/4962/54 1118/4963/54 4948/4980/363 4947/4977/362
f 1118/4963/54 1117/4956/54 4949/4982/666 4948/4980/363
f 1121/5010/362 4946/4976/362 4950/4979/362 1122/5011/362
f 1122/5011/362 4950/4979/362 4954/4985/666 1123/5012/362
f 1123/5012/362 4954/4985/666 4937/4970/363 1124/5006/362
f 58/4905/54 1170/5013/362 4958/4988/362 1114/4953/54
f 1170/5013/362 1171/5014/362 4959/4989/362 4958/4988/362
f 1171/5014/362 1172/5015/362 4960/4992/362 4959/4989/362
f 1172/5015/362 1173/5009/362 4961/4994/362 4960/4992/362
f 1114/4953/54 4958/4988/362 4962/4991/362 1115/4954/54
f 1115/4954/54 4962/4991/362 4966/4997/363 1116/4955/54
f 1116/4955/54 4966/4997/363 4949/4982/666 1117/4956/54
f 4971/5016/363 4972/5017/363 4976/5018/363 4975/5019/363
f 4972/5017/363 4973/5020/362 4977/5021/363 4976/5018/363
f 4973/5020/362 4974/5022/362 4978/5023/363 4977/5021/363
f 4975/5019/363 4976/5018/363 4980/5024/666 4979/5025/362
f 4976/5018/363 4977/5021/363 4981/5026/362 4980/5024/666
f 4977/5021/363 4978/5023/363 4982/5027/363 4981/5026/362
f 4983/5028/362 4984/5029/362 4988/5030/363 4987/5031/362
f 4984/5029/362 4985/5032/363 4989/5033/362 4988/5030/363
f 4985/5032/363 4986/5034/362 4990/5035/362 4989/5033/362
f 4987/5031/362 4988/5030/363 4992/5036/362 4991/5037/362
f 4988/5030/363 4989/5033/362 4993/5038/362 4992/5036/362
f 4989/5033/362 4990/5035/362 4994/5039/363 4993/5038/362
f 4995/5040/363 4996/5041/363 5000/5042/667 4999/5043/362
f 4996/5041/363 4997/5044/362 5001/5045/362 5000/5042/667
f 4997/5044/362 4998/5046/362 5002/5047/666 5001/5045/362
f 4999/5043/362 5000/5042/667 5004/5048/363 5003/5049/362
f 5000/5042/667 5001/5045/362 5005/5050/363 5004/5048/363
f 5001/5045/362 5002/5047/666 5006/5051/666 5005/5050/363
f 4991/5037/362 4992/5036/362 4978/5023/363 4974/5022/362
f 4992/5036/362 4993/5038/362 4982/5027/363 4978/5023/363
f 5003/5049/362 5004/5048/363 4990/5035/362 4986/5034/362
f 5004/5048/363 5005/5050/363 4994/5039/363 4990/5035/362
f 4979/5025/362 4980/5024/666 5002/5047/666 4998/5046/362
f 4980/5024/666 4981/5026/362 5006/5051/666 5002/5047/666
f 4981/5026/362 4982/5027/363 4970/5052/362 5006/5051/666
f 4993/5038/362 4994/5039/363 4970/5052/362 4982/5027/363
f 5005/5050/363 5006/5051/666 4970/5052/362 4994/5039/363
f 59/4957/54 1121/5010/362 4971/5016/363 1128/5053/362
f 1121/5010/362 1122/5011/362 4972/5017/363 4971/5016/363
f 1122/5011/362 1123/5012/362 4973/5020/362 4972/5017/363
f 1123/5012/362 1124/5006/362 4974/5022/362 4973/5020/362
f 1128/5053/362 4971/5016/363 4975/5019/363 1129/5054/362
f 1129/5054/362 4975/5019/363 4979/5025/362 1130/5055/362
f 1130/5055/362 4979/5025/362 4998/5046/362 1131/5056/362
f 60/5001/55 1142/5057/55 4983/5028/362 1127/5002/362
f 1142/5057/55 1143/5058/366 4984/5029/362 4983/5028/362
f 1143/5058/366 1144/5059/367 4985/5032/363 4984/5029/362
f 1144/5059/367 1145/5060/55 4986/5034/362 4985/5032/363
f 1127/5002/362 4983/5028/362 4987/5031/362 1126/5004/363
f 1126/5004/363 4987/5031/362 4991/5037/362 1125/5005/363
f 1125/5005/363 4991/5037/362 4974/5022/362 1124/5006/362
f 61/5061/55 1134/5062/363 4995/5040/363 1148/5063/55
f 1134/5062/363 1133/5064/363 4996/5041/363 4995/5040/363
f 1133/5064/363 1132/5065/362 4997/5044/362 4996/5041/363
f 1132/5065/362 1131/5056/362 4998/5046/362 4997/5044/362
f 1148/5063/55 4995/5040/363 4999/5043/362 1147/5066/55
f 1147/5066/55 4999/5043/362 5003/5049/362 1146/5067/55
f 1146/5067/55 5003/5049/362 4986/5034/362 1145/5060/55
f 5008/5068/364 5009/5069/364 5013/5070/365 5012/5071/364
f 5009/5069/364 5010/5072/364 5014/5073/365 5013/5070/365
f 5010/5072/364 5011/5074/364 5015/5075/669 5014/5073/365
f 5012/5071/364 5013/5070/365 5017/5076/364 5016/5077/364
f 5013/5070/365 5014/5073/365 5018/5078/364 5017/5076/364
f 5014/5073/365 5015/5075/669 5019/5079/365 5018/5078/364
f 5020/5080/364 5021/5081/364 5025/5082/365 5024/5083/365
f 5021/5081/364 5022/5084/364 5026/5085/365 5025/5082/365
f 5022/5084/364 5023/5086/365 5027/5087/365 5026/5085/365
f 5024/5083/365 5025/5082/365 5029/5088/365 5028/5089/365
f 5025/5082/365 5026/5085/365 5030/5090/364 5029/5088/365
f 5026/5085/365 5027/5087/365 5031/5091/364 5030/5090/364
f 5032/5092/364 5033/5093/365 5037/5094/364 5036/5095/364
f 5033/5093/365 5034/5096/365 5038/5097/364 5037/5094/364
f 5034/5096/365 5035/5098/364 5039/5099/364 5038/5097/364
f 5036/5095/364 5037/5094/364 5041/5100/364 5040/5101/364
f 5037/5094/364 5038/5097/364 5042/5102/668 5041/5100/364
f 5038/5097/364 5039/5099/364 5043/5103/668 5042/5102/668
f 5028/5089/365 5029/5088/365 5015/5075/669 5011/5074/364
f 5029/5088/365 5030/5090/364 5019/5079/365 5015/5075/669
f 5040/5101/364 5041/5100/364 5027/5087/365 5023/5086/365
f 5041/5100/364 5042/5102/668 5031/5091/364 5027/5087/365
f 5016/5077/364 5017/5076/364 5039/5099/364 5035/5098/364
f 5017/5076/364 5018/5078/364 5043/5103/668 5039/5099/364
f 5018/5078/364 5019/5079/365 5007/5104/668 5043/5103/668
f 5030/5090/364 5031/5091/364 5007/5104/668 5019/5079/365
f 5042/5102/668 5043/5103/668 5007/5104/668 5031/5091/364
f 60/5001/55 1156/5105/364 5008/5068/364 1142/5057/55
f 1156/5105/364 1157/5106/364 5009/5069/364 5008/5068/364
f 1157/5106/364 1158/5107/364 5010/5072/364 5009/5069/364
f 1158/5107/364 1159/5108/364 5011/5074/364 5010/5072/364
f 1142/5057/55 5008/5068/364 5012/5071/364 1143/5058/366
f 1143/5058/366 5012/5071/364 5016/5077/364 1144/5059/367
f 1144/5059/367 5016/5077/364 5035/5098/364 1145/5060/55
f 62/5109/56 1141/5110/364 5020/5080/364 1162/5111/364
f 1141/5110/364 1140/5112/364 5021/5081/364 5020/5080/364
f 1140/5112/364 1139/5113/365 5022/5084/364 5021/5081/364
f 1139/5113/365 1138/5114/365 5023/5086/365 5022/5084/364
f 1162/5111/364 5020/5080/364 5024/5083/365 1161/5115/364
f 1161/5115/364 5024/5083/365 5028/5089/365 1160/5116/364
f 1160/5116/364 5028/5089/365 5011/5074/364 1159/5108/364
f 61/5061/55 1148/5063/55 5032/5092/364 1135/5117/364
f 1148/5063/55 1147/5066/55 5033/5093/365 5032/5092/364
f 1147/5066/55 1146/5067/55 5034/5096/365 5033/5093/365
f 1146/5067/55 1145/5060/55 5035/5098/364 5034/5096/365
f 1135/5117/364 5032/5092/364 5036/5095/364 1136/5118/364
f 1136/5118/364 5036/5095/364 5040/5101/364 1137/5119/365
f 1137/5119/365 5040/5101/364 5023/5086/365 1138/5114/365
f 5045/5120/364 5046/5121/365 5050/5122/364 5049/5123/668
f 5046/5121/365 5047/5124/364 5051/5125/365 5050/5122/364
f 5047/5124/364 5048/5126/364 5052/5127/364 5051/5125/365
f 5049/5123/668 5050/5122/364 5054/5128/365 5053/5129/364
f 5050/5122/364 5051/5125/365 5055/5130/364 5054/5128/365
f 5051/5125/365 5052/5127/364 5056/5131/365 5055/5130/364
f 5057/5132/365 5058/5133/364 5062/5134/365 5061/5135/365
f 5058/5133/364 5059/5136/364 5063/5137/668 5062/5134/365
f 5059/5136/364 5060/5138/365 5064/5139/365 5063/5137/668
f 5061/5135/365 5062/5134/365 5066/5140/364 5065/5141/364
f 5062/5134/365 5063/5137/668 5067/5142/364 5066/5140/364
f 5063/5137/668 5064/5139/365 5068/5143/364 5067/5142/364
f 5069/5144/364 5070/5145/364 5074/5146/364 5073/5147/364
f 5070/5145/364 5071/5148/365 5075/5149/364 5074/5146/364
f 5071/5148/365 5072/5150/365 5076/5151/364 5075/5149/364
f 5073/5147/364 5074/5146/364 5078/5152/364 5077/5153/365
f 5074/5146/364 5075/5149/364 5079/5154/364 5078/5152/364
f 5075/5149/364 5076/5151/364 5080/5155/364 5079/5154/364
f 5065/5141/364 5066/5140/364 5052/5127/364 5048/5126/364
f 5066/5140/364 5067/5142/364 5056/5131/365 5052/5127/364
f 5077/5153/365 5078/5152/364 5064/5139/365 5060/5138/365
f 5078/5152/364 5079/5154/364 5068/5143/364 5064/5139/365
f 5053/5129/364 5054/5128/365 5076/5151/364 5072/5150/365
f 5054/5128/365 5055/5130/364 5080/5155/364 5076/5151/364
f 5055/5130/364 5056/5131/365 5044/5156/364 5080/5155/364
f 5067/5142/364 5068/5143/364 5044/5156/364 5056/5131/365
f 5079/5154/364 5080/5155/364 5044/5156/364 5068/5143/364
f 62/5109/56 1162/5111/364 5045/5120/364 1149/5157/56
f 1162/5111/364 1161/5115/364 5046/5121/365 5045/5120/364
f 1161/5115/364 1160/5116/364 5047/5124/364 5046/5121/365
f 1160/5116/364 1159/5108/364 5048/5126/364 5047/5124/364
f 1149/5157/56 5045/5120/364 5049/5123/668 1150/5158/56
f 1150/5158/56 5049/5123/668 5053/5129/364 1151/5159/56
f 1151/5159/56 5053/5129/364 5072/5150/365 1152/5160/56
f 60/5001/55 1163/5161/364 5057/5132/365 1156/5105/364
f 1163/5161/364 1164/5162/364 5058/5133/364 5057/5132/365
f 1164/5162/364 1165/5163/364 5059/5136/364 5058/5133/364
f 1165/5163/364 1166/5164/365 5060/5138/365 5059/5136/364
f 1156/5105/364 5057/5132/365 5061/5135/365 1157/5106/364
f 1157/5106/364 5061/5135/365 5065/5141/364 1158/5107/364
f 1158/5107/364 5065/5141/364 5048/5126/364 1159/5108/364
f 63/5165/56 1155/5166/368 5069/5144/364 1169/5167/364
f 1155/5166/368 1154/5168/368 5070/5145/364 5069/5144/364
f 1154/5168/368 1153/5169/56 5071/5148/365 5070/5145/364
f 1153/5169/56 1152/5160/56 5072/5150/365 5071/5148/365
f 1169/5167/364 5069/5144/364 5073/5147/364 1168/5170/364
f 1168/5170/364 5073/5147/364 5077/5153/365 1167/5171/364
f 1167/5171/364 5077/5153/365 5060/5138/365 1166/5164/365
f 5082/5172/371 5083/5173/371 5087/5174/371 5086/5175/371
f 5083/5173/371 5084/5176/369 5088/5177/371 5087/5174/371
f 5084/5176/369 5085/5178/371 5089/5179/371 5088/5177/371
f 5086/5175/371 5087/5174/371 5091/5180/370 5090/5181/370
f 5087/5174/371 5088/5177/371 5092/5182/370 5091/5180/370
f 5088/5177/371 5089/5179/371 5093/5183/370 5092/5182/370
f 5094/5184/371 5095/5185/370 5099/5186/371 5098/5187/372
f 5095/5185/370 5096/5188/369 5100/5189/370 5099/5186/371
f 5096/5188/369 5097/5190/371 5101/5191/372 5100/5189/370
f 5098/5187/372 5099/5186/371 5103/5192/371 5102/5193/372
f 5099/5186/371 5100/5189/370 5104/5194/369 5103/5192/371
f 5100/5189/370 5101/5191/372 5105/5195/370 5104/5194/369
f 5106/5196/369 5107/5197/370 5111/5198/369 5110/5199/369
f 5107/5197/370 5108/5200/371 5112/5201/370 5111/5198/369
f 5108/5200/371 5109/5202/370 5113/5203/370 5112/5201/370
f 5110/5199/369 5111/5198/369 5115/5204/370 5114/5205/371
f 5111/5198/369 5112/5201/370 5116/5206/370 5115/5204/370
f 5112/5201/370 5113/5203/370 5117/5207/370 5116/5206/370
f 5102/5193/372 5103/5192/371 5089/5179/371 5085/5178/371
f 5103/5192/371 5104/5194/369 5093/5183/370 5089/5179/371
f 5114/5205/371 5115/5204/370 5101/5191/372 5097/5190/371
f 5115/5204/370 5116/5206/370 5105/5195/370 5101/5191/372
f 5090/5181/370 5091/5180/370 5113/5203/370 5109/5202/370
f 5091/5180/370 5092/5182/370 5117/5207/370 5113/5203/370
f 5092/5182/370 5093/5183/370 5081/5208/369 5117/5207/370
f 5104/5194/369 5105/5195/370 5081/5208/369 5093/5183/370
f 5116/5206/370 5117/5207/370 5081/5208/369 5105/5195/370
f 62/5109/56 1149/5157/56 5082/5172/371 1212/5209/369
f 1149/5157/56 1150/5158/56 5083/5173/371 5082/5172/371
f 1150/5158/56 1151/5159/56 5084/5176/369 5083/5173/371
f 1151/5159/56 1152/5160/56 5085/5178/371 5084/5176/369
f 1212/5209/369 5082/5172/371 5086/5175/371 1213/5210/369
f 1213/5210/369 5086/5175/371 5090/5181/370 1214/5211/369
f 1214/5211/369 5090/5181/370 5109/5202/370 1215/5212/370
f 63/5165/56 1226/5213/371 5094/5184/371 1155/5166/368
f 1226/5213/371 1227/5214/370 5095/5185/370 5094/5184/371
f 1227/5214/370 1228/5215/370 5096/5188/369 5095/5185/370
f 1228/5215/370 1229/5216/371 5097/5190/371 5096/5188/369
f 1155/5166/368 5094/5184/371 5098/5187/372 1154/5168/368
f 1154/5168/368 5098/5187/372 5102/5193/372 1153/5169/56
f 1153/5169/56 5102/5193/372 5085/5178/371 1152/5160/56
f 50/5217/48 1218/5218/371 5106/5196/369 1232/5219/370
f 1218/5218/371 1217/5220/371 5107/5197/370 5106/5196/369
f 1217/5220/371 1216/5221/371 5108/5200/371 5107/5197/370
f 1216/5221/371 1215/5212/370 5109/5202/370 5108/5200/371
f 1232/5219/370 5106/5196/369 5110/5199/369 1231/5222/370
f 1231/5222/370 5110/5199/369 5114/5205/371 1230/5223/371
f 1230/5223/371 5114/5205/371 5097/5190/371 1229/5216/371
f 5119/5224/371 5120/5225/371 5124/5226/371 5123/5227/370
f 5120/5225/371 5121/5228/369 5125/5229/671 5124/5226/371
f 5121/5228/369 5122/5230/370 5126/5231/369 5125/5229/671
f 5123/5227/370 5124/5226/371 5128/5232/369 5127/5233/370
f 5124/5226/371 5125/5229/671 5129/5234/370 5128/5232/369
f 5125/5229/671 5126/5231/369 5130/5235/371 5129/5234/370
f 5131/5236/370 5132/5237/370 5136/5238/369 5135/5239/370
f 5132/5237/370 5133/5240/371 5137/5241/371 5136/5238/369
f 5133/5240/371 5134/5242/371 5138/5243/371 5137/5241/371
f 5135/5239/370 5136/5238/369 5140/5244/370 5139/5245/370
f 5136/5238/369 5137/5241/371 5141/5246/369 5140/5244/370
f 5137/5241/371 5138/5243/371 5142/5247/371 5141/5246/369
f 5143/5248/371 5144/5249/369 5148/5250/371 5147/5251/369
f 5144/5249/369 5145/5252/370 5149/5253/371 5148/5250/371
f 5145/5252/370 5146/5254/370 5150/5255/370 5149/5253/371
f 5147/5251/369 5148/5250/371 5152/5256/371 5151/5257/370
f 5148/5250/371 5149/5253/371 5153/5258/371 5152/5256/371
f 5149/5253/371 5150/5255/370 5154/5259/370 5153/5258/371
f 5139/5245/370 5140/5244/370 5126/5231/369 5122/5230/370
f 5140/5244/370 5141/5246/369 5130/5235/371 5126/5231/369
f 5151/5257/370 5152/5256/371 5138/5243/371 5134/5242/371
f 5152/5256/371 5153/5258/371 5142/5247/371 5138/5243/371
f 5127/5233/370 5128/5232/369 5150/5255/370 5146/5254/370
f 5128/5232/369 5129/5234/370 5154/5259/370 5150/5255/370
f 5129/5234/370 5130/5235/371 5118/5260/670 5154/5259/370
f 5141/5246/369 5142/5247/371 5118/5260/670 5130/5235/371
f 5153/5258/371 5154/5259/370 5118/5260/670 5142/5247/371
f 62/5109/56 1212/5209/369 5119/5224/371 1219/5261/371
f 1212/5209/369 1213/5210/369 5120/5225/371 5119/5224/371
f 1213/5210/369 1214/5211/369 5121/5228/369 5120/5225/371
f 1214/5211/369 1215/5212/370 5122/5230/370 5121/5228/369
f 1219/5261/371 5119/5224/371 5123/5227/370 1220/5262/370
f 1220/5262/370 5123/5227/370 5127/5233/370 1221/5263/370
f 1221/5263/370 5127/5233/370 5146/5254/370 1222/5264/370
f 50/5217/48 1022/5265/48 5131/5236/370 1218/5218/371
f 1022/5265/48 1021/5266/345 5132/5237/370 5131/5236/370
f 1021/5266/345 1020/5267/346 5133/5240/371 5132/5237/370
f 1020/5267/346 1019/5268/48 5134/5242/371 5133/5240/371
f 1218/5218/371 5131/5236/370 5135/5239/370 1217/5220/371
f 1217/5220/371 5135/5239/370 5139/5245/370 1216/5221/371
f 1216/5221/371 5139/5245/370 5122/5230/370 1215/5212/370
f 48/5269/48 1225/5270/372 5143/5248/371 1016/5271/345
f 1225/5270/372 1224/5272/369 5144/5249/369 5143/5248/371
f 1224/5272/369 1223/5273/370 5145/5252/370 5144/5249/369
f 1223/5273/370 1222/5264/370 5146/5254/370 5145/5252/370
f 1016/5271/345 5143/5248/371 5147/5251/369 1017/5274/48
f 1017/5274/48 5147/5251/369 5151/5257/370 1018/5275/48
f 1018/5275/48 5151/5257/370 5134/5242/371 1019/5268/48
